id,store_id,image_url,is_main
1246,1,https://search.pstatic.net/common/?src=http%3A%2F%2Fblogfiles.naver.net%2FMjAyMDA0MDdfMjA5%2FMDAxNTg2MjI1Mzg1NzU3.iAZKzkHlccIEr8uDlAocp-dOtQ-ihnPjtyAls1MRcHYg.b7B4yop4wEueg2rdLX6azd3jivkCEhW00upV60ltFGgg.JPEG.star94711%2FKakaoTalk_20200407_104953307_20.jpg&type=a340,True
1247,2,https://search.pstatic.net/common/?src=http%3A%2F%2Fblogfiles.naver.net%2F20120210_208%2Fkimboseuk_1328883561127DL5HT_JPEG%2FIMG_0318.JPG&type=f54_54,True
1248,3,https://search.pstatic.net/common/?src=http%3A%2F%2Fblogfiles.naver.net%2FMjAyMzAyMDZfMTQz%2FMDAxNjc1NjQ3ODc3MzUy.dPchPVhkwfqwX_zxfDZnV-ixFRNty_tz5ByGNKzva1og.78pPdh9aN2at2Pmd1exmae4DyAMMj8nzlpaZHhK5B1Mg.JPEG.bee9393%2FIMG_4034.JPG&type=a340,True
1249,4,https://search.pstatic.net/common/?src=http%3A%2F%2Fblogfiles.naver.net%2F20110102_113%2Fsssms97_1293956457556kXMRk_JPEG%2FDSC_0103.JPG&type=a340,True
1250,5,https://search.pstatic.net/common/?src=http%3A%2F%2Fblogfiles.naver.net%2FMjAyNjAxMDdfMiAg%2FMDAxNzY3NzY0NzM3NTgz.9QGyjbNwMNFnAKWNoNPjtfwoVPAfsB_zCWPzIjTi6m4g.xsWZH6os3RAbZhZ4BljdzrFIe9L89-FiZEWkppe15S0g.JPEG%2F900%25A3%25DF20260107%25A3%25DF115458.jpg&type=a340,True
1251,6,https://search.pstatic.net/common/?src=http%3A%2F%2Fblogfiles.naver.net%2FMjAyNTAxMDJfMjkw%2FMDAxNzM1ODA1NTU1MjA2.z3rcVXAkxDlM0rqDy_MTEwKdsqMOCjF8rbFuf2S8kpkg.43HjTW8wkWD4kRMgRBGS9IVikrXbjRjGFu7t1XdPFDsg.JPEG%2FIMG_6771.jpg&type=a340,True
1252,7,https://search.pstatic.net/common/?src=http%3A%2F%2Fblogfiles.naver.net%2FMjAyNTA0MTVfMjcw%2FMDAxNzQ0NjQ5NzYxNzMw.wGEDe98kmirTchdKMzSbbtB54H8nwRv-DCp-5tW3oBsg.WOZirMnxr628ttO0uKHrdwTIhqhnN8spjMQd2yLoMvkg.JPEG%2F900%25A3%25DF1744649556740.jpg&type=a340,True
1253,8,https://search.pstatic.net/common/?src=http%3A%2F%2Fblogfiles.naver.net%2FMjAyMzA5MDZfMjg4%2FMDAxNjk0MDAzODczNjcy.KJUfxJN1iyiQ0nDJ2j_WzNdIxK9Hb8SfDizqn8AqR6Ig.jxSOkPNFUeFgHi4QK9D8qmtZeOKCeAJhrrdybdlWnkgg.JPEG.alalxe%2FP20230902_170229000_AC8A1AC1-62B0-4A59-8985-F4316750E846.JPG&type=a340,True
1254,9,https://search.pstatic.net/common/?src=http%3A%2F%2Fblogfiles.naver.net%2FMjAyNTEyMDNfMTUz%2FMDAxNzY0NzY5OTk3Nzcz.BHvaVGSCpxE6YVnEbeuZKAqv_GF6xMJqE2XbFs1s7Xkg.oNIkPZy08F-2HCH_FF4YX2Nog2u_mhY_GhORtuQROtwg.PNG%2F%25BF%25EB%25BC%25D2%25C7%25D8%25C0%25E5%25B1%25B9.png&type=a340,True
1255,10,https://search.pstatic.net/common/?src=http%3A%2F%2Fblogfiles.naver.net%2FMjAyNTAxMjBfMTMz%2FMDAxNzM3MzgwMDIyMTM0.sL0N-6VAsHCS-Y9D_PUK_eEfy5TDIcVKq_AKuC_5EZsg.KNZR-O_uB_PVCMwamxFuFL1IJ7atNeuEUDbPBH7l7p8g.JPEG%2F900%25A3%25DF20250119%25A3%25DF173729.jpg&type=a340,True
1256,11,https://search.pstatic.net/common/?src=http%3A%2F%2Fblogfiles.naver.net%2FMjAyNDEyMDdfNzEg%2FMDAxNzMzNTc0ODMwOTQ5.zZxy9cHQDqgwbFNM2H0bqyMHGPUeVXab4aYR2cVz_s8g.pD5rjVA7orkPamE1REAar5r6FxoyYpEjWxm_BkJpYoIg.JPEG%2F20241204_125000.jpg&type=a340,True
1257,12,https://search.pstatic.net/common/?src=http%3A%2F%2Fblogfiles.naver.net%2FMjAyMTEyMjhfMjk2%2FMDAxNjQwNjk4NDcyOTQy.BFy31t_P2vRh6kLcwTP-VSe2H1lAFXysfDLEOsD_NMAg.Snswa_A1CPkrNXIDDV0Mfq9UxNegAzHO8YcGdHua-JMg.JPEG.crembel%2F1640698462421.jpg&type=f54_54,True
1258,13,https://search.pstatic.net/common/?src=http%3A%2F%2Fblogfiles.naver.net%2FMjAxOTAxMjdfOSAg%2FMDAxNTQ4NTk5NjU2NjAw.K-fPN6hEibL-Ed0YOWkuzs75cXBjq2irwbq7CYOxr9Mg.SSvQKGgDb-rwKk7WHC37WUtDjWzEr4z1uCcNu6-UpzEg.JPEG.ghdekdms__%2FDSC06848.JPG&type=f54_54,True
1259,14,https://search.pstatic.net/common/?src=http%3A%2F%2Fblogfiles.naver.net%2FMjAxODAzMjRfMTI3%2FMDAxNTIxODk2Mzg5NjYw.mAOBc1dROzoFOpj1wbicqhugjUoLgGUD4WZ8kqHsMxsg.mCKdVJUKOW9-zuet5QOT3qecfkRC8d31ZjHHADCp4H0g.JPEG.h777c%2FScreenshot_2018-03-24-21-59-20.jpg&type=ofullfill340_600_png,True
1260,15,https://search.pstatic.net/sunny/?src=https%3A%2F%2Fimg.siksinhot.com%2Fstory%2F1538369478134930.jpeg&type=a340,True
1261,16,https://search.pstatic.net/sunny/?src=https%3A%2F%2Fd12zq4w4guyljn.cloudfront.net%2F20250101015716974_photo_b910b89c6f27.webp&type=a340,True
1262,17,https://search.pstatic.net/common/?src=http%3A%2F%2Fblogfiles.naver.net%2FMjAyNTExMThfMjU1%2FMDAxNzYzNDM3OTI1MTAz.w3meD_QEA3Zv_ahm39JAn4aJZKpHolvyd1qXKXNDF0Qg.jOD_C75iVVtpPfs2BrECmPgcYGyWtMh-1zeKnwdMgzwg.JPEG%2Foutput%25A3%25DF418339782.jpg&type=a340,True
1263,18,https://search.pstatic.net/common/?src=http%3A%2F%2Fblogfiles.naver.net%2FMjAyMzA5MDdfMzUg%2FMDAxNjk0MDU4MzA5MDY3.ODJFkVqiJ3k48QMYnWyCA_ZnmfS79lqPpgsifb9cQ8sg.Z6HaTTMGYoef6SqlendK2rvWMzRZqsJ5WhCNt71XnhQg.JPEG.ckkk33%2FP20230811_152804085_AD5C1C44-53FB-4949-A386-3173A54861FE.jpg&type=a340,True
1264,19,https://search.pstatic.net/common/?src=http%3A%2F%2Fblogfiles.naver.net%2FMjAyNjAzMDlfMTMz%2FMDAxNzczMDU5NzU2MjU1.7EVkpMiyko3MSUh3Au19jMANq2NF2xRtexUzzhI8RbEg.OBYOVKc0ba9Hu-AVrMXjxHsxRh6vCBOzgVlpGT_GH6Ag.JPEG%2F900%25A3%25DFimage%25A3%25AD2.jpg&type=a340,True
1265,20,https://search.pstatic.net/common/?src=http%3A%2F%2Fblogfiles.naver.net%2FMjAyNDAzMDZfMjE3%2FMDAxNzA5NzA3MzMyOTUw.MMw6Di4wAfqQ2yaDunz1DzNOzeu1CCmJwG4Atff7CV4g.IBxFPJ13140a0nbMCOGARZQlC09JfP69rZUzjV0nWZIg.JPEG%2FIMG_7241.jpg&type=a340,True
1266,21,https://search.pstatic.net/common/?src=http%3A%2F%2Fblogfiles.naver.net%2FMjAyMTExMDFfMjcy%2FMDAxNjM1NzI3ODU1OTk5.AoVibxagP0lv_ma0-IZSnTlz1-xC7Q5EUzsaEvVSGHwg.kwGUPyprIoIZ5Q4yvf6T3ZB1DJOltbuWodR-1Aunbw0g.JPEG.aga9412%2FIMG_9689.JPG&type=a340,True
1267,22,https://search.pstatic.net/common/?src=http%3A%2F%2Fblogfiles.naver.net%2FMjAyNDEwMTVfMTk1%2FMDAxNzI4OTYzMzQwODU1.vpMUkAuwcpoZS_stGZYJVn41E7S8RRGuFoPcQ4KIl-Yg.aqDKbpy9yw04xuVwI9o1IZckpBVc10_gHvv76liRdZEg.JPEG%2FIMG_8669.jpg&type=a340,True
1268,23,https://search.pstatic.net/common/?src=https%3A%2F%2Fldb-phinf.pstatic.net%2F20260317_263%2F17737224040677M5J8_JPEG%2F1000023137.jpg&type=a340,True
1269,24,https://search.pstatic.net/common/?src=http%3A%2F%2Fblogfiles.naver.net%2FMjAyMTA1MDJfMTY3%2FMDAxNjE5OTU0MjAyNzE0.ExTwuSYVjlctHt7Hq91U_uTxCtpsMJW1ailDcRZBntIg.fhumcHRBArcKu28S4yLDf9p7B0vA714FpECYyZ7gJdAg.JPEG.gshock777%2Foutput_2890304305.jpg&type=f54_54,True
1270,25,https://search.pstatic.net/common/?src=http%3A%2F%2Fblogfiles.naver.net%2FMjAxODEwMThfMTcx%2FMDAxNTM5ODI0MjY2MTEz.bwKust83OXgAMPXPt1Oipy5j_uX5-Wg8Ax4hNNsLgEAg.v8Oh5bxuLzHwy5GhFuRQkBWHLUOxYl-2PJHy9Ck48Dwg.JPEG.songashojae%2FP1100934.JPG&type=a340,True
1271,26,https://search.pstatic.net/common/?src=http%3A%2F%2Fblogfiles.naver.net%2FMjAyMjAzMjVfMjcx%2FMDAxNjQ4MTkzNjUyMTY1.HGWGwa06Mqbs_BCD5NImuI8S4XSHI4SXdKUOUO1SL6Mg.ELLjrLbMRVhClnhsUBHyYIXsMuDvqzq1euP3uiooAHMg.JPEG.mylovewoo5%2FIMG_4405.jpg&type=a340,True
1272,27,https://search.pstatic.net/common/?src=https%3A%2F%2Fldb-phinf.pstatic.net%2F20250624_119%2F1750756834600kXs38_JPEG%2F1000006302.jpg&type=a340,True
1273,28,https://search.pstatic.net/common/?src=http%3A%2F%2Fimgnews.naver.net%2Fimage%2F5738%2F2026%2F07%2F30%2F0000060051_001_20260730095215853.png&type=a340,True
1274,29,https://search.pstatic.net/common/?src=http%3A%2F%2Fblogfiles.naver.net%2FMjAyMzAzMTlfMjYg%2FMDAxNjc5MjA4NDcyNzEw.KSg_DUpNJD4TDYbTU5ZuA1QOGN7FU3WVpKIKcFU_U74g.BlIrBUZOTjVdrp0FeRa7brheocwn-tfkqDPMNdV-X3gg.JPEG.egg0b%2FKakaoTalk_20230319_143658456_14.jpg&type=a340,True
1275,30,https://search.pstatic.net/common/?src=https%3A%2F%2Fldb-phinf.pstatic.net%2F20240830_286%2F1725012829417RkwWz_JPEG%2FIMG_0970.jpeg&type=a340,True
1276,31,https://search.pstatic.net/common/?src=http%3A%2F%2Fblogfiles.naver.net%2FMjAyNDA4MTJfMjI4%2FMDAxNzIzNDI5NTkwNTIz.xwJYFgCCdaK7wZJ1a-tvsFIZYcQYkgkt5TQGr3yz4m8g.bsYWEVhI0MdYjzxixMyrTWN0aflBxTzM5B5EcHgcQ28g.JPEG%2F2024_08_08_18_29_IMG_3301.JPG&type=a340,True
1277,32,https://search.pstatic.net/common/?src=http%3A%2F%2Fblogfiles.naver.net%2FMjAxNzAyMjZfMTA5%2FMDAxNDg4MDM2NTYxNzgw.dm_SxL4dYH0K5BzUld8GHW3hHFcddM_OWI9Q-IIUJpUg.I46nkf94QexR7_K-lK-tPbNXhyJ5nAy3wH34qzk2cx8g.JPEG.hghg970728%2FKakaoTalk_Moim_5se29d27wzaAlquaxmCbC64F8ZWFTX.jpg&type=f54_54,True
1278,33,https://search.pstatic.net/common/?src=http%3A%2F%2Fblogfiles.naver.net%2FMjAyMzExMDFfMTQ5%2FMDAxNjk4Nzk4NjYyMzky.HnTO-kv1JfRJgr7XdmVmEN9jRNV5tkwCBp2Xzj09fJwg.umz7UAoUQEEDPmWbn_H1eB9aN3N8FK77E8LQPrFxOG4g.JPEG.sexyhans%2FKakaoTalk_20231101_093036348_01.jpg&type=a340,True
1279,34,https://search.pstatic.net/common/?src=http%3A%2F%2Fblogfiles.naver.net%2FMjAyMzA3MDFfNTYg%2FMDAxNjg4MTY5NDI0NTUx.OffWLJnNubzw8gdjzwoFp-795ZIUnx2JYQqGBbEeHWog.f32V0WZf1vvkHDfUOJXwdrlMhGVpEFr67llFtTfOnckg.JPEG.tokang2479%2F1683802702226.jpg&type=f54_54,True
1280,35,https://search.pstatic.net/common/?src=http%3A%2F%2Fblogfiles.naver.net%2FMjAyNjAzMDFfNTMg%2FMDAxNzcyMzYyMzYzOTc5.hxK3GJHkJL65Oh-wkiDcxhIrjZIu3-cbwfR_B_rVFekg.Rjnx2J8B8zkTwDfcB-Qs1QWXlppxhbb9ZaSpYsBByncg.JPEG%2Foutput%25A3%25DF3787307864.jpg&type=a340,True
1281,36,https://search.pstatic.net/common/?src=http%3A%2F%2Fblogfiles.naver.net%2FMjAyMzA2MDlfMTA3%2FMDAxNjg2MzExNDkyODUy.gCC66ouN_4EP-qG4Ma2_GXeVBGkOHQQ9ipKqZkONeyYg.cG3Ggegb3lPZiTUKv0ODCdcEdj5u6G4NWuKwFghX-lkg.JPEG.ummm49%2F20230609%25A3%25DF195209.jpg&type=a340,True
1282,37,https://search.pstatic.net/common/?src=http%3A%2F%2Fblogfiles.naver.net%2FMjAyMTA2MjJfNzgg%2FMDAxNjI0MzM5NTU4Njgy.RYzx25Q_QITSLvr8C_-gcNMV4m_hQoh1ZMwDG5iHsrYg.GJzp1OYvpbyEvvFFkViBR7uYQfTXfMyqAVek-QDeZQMg.JPEG.kity604%2FIMG_0738.jpg&type=a340,True
1283,38,https://search.pstatic.net/sunny/?src=https%3A%2F%2Fst2.depositphotos.com%2F1005891%2F7667%2Fi%2F950%2Fdepositphotos_76673297-stock-photo-square-plate-of-fried-chicken.jpg&type=a340,True
1284,39,https://search.pstatic.net/sunny/?src=https%3A%2F%2Fi.namu.wiki%2Fi%2FMA3difuPB4TiKOYsTzdhZfuQGrK7I-_6sW9NzDVy6x3GJAlCEVJcvIqPtEoZq9yc1iX4ajTD51GFyUxO4QpCvQ.webp&type=a340,True
1285,40,https://search.pstatic.net/common/?src=http%3A%2F%2Fblogfiles.naver.net%2FMjAxODA4MzFfMTc2%2FMDAxNTM1Njg5ODE4MDM1.VVwO5RclOV7WrRJk5YG6Ru4zPnLsz0VPaggBxxY7BTIg.ucHGjPCJL3-5RtDI4GOkyyax6yZ01E2EuxMfP8V1mwYg.JPEG.69eros%2F20180831_125537.jpg&type=a340,True
1286,41,https://search.pstatic.net/common/?src=http%3A%2F%2Fblogfiles.naver.net%2FMjAxODA5MjdfMTA1%2FMDAxNTM4MDEyNjMwNzI2.zPKf5srSBmvCORFbimUviUVtdwo68OMi_8p1wzBTBnIg.jZTIHj6nCy97IvOsQJEhnTIShPRIRxY9ZpswtpRkwe4g.JPEG.skdlxh%2FP1240252.JPG&type=a340,True
1287,42,https://search.pstatic.net/common/?src=http%3A%2F%2Fblogfiles.naver.net%2FMjAyNTA2MzBfMTYz%2FMDAxNzUxMjUzOTIwNzgx.e3BWEVl2DR02JI4xviKm1hjUW5k46wrh-AQi3RqY1bwg.YqcjIlbrvWVQkFzm6nHVVbRnyVC40KgL30d9Nk1L-EAg.PNG%2F%25C1%25A6%25B8%25F1%25C0%25BB_%25C0%25D4%25B7%25C2%25C7%25D8%25C1%25D6%25BC%25BC%25BF%25E4_-008.png&type=a340,True
1288,43,https://search.pstatic.net/common/?src=http%3A%2F%2Fimgnews.naver.net%2Fimage%2F112%2F2018%2F04%2F07%2F201804072305435313064_20180407231534_01_20180407231705546.jpg&type=a340,True
1289,44,https://search.pstatic.net/common/?src=http%3A%2F%2Fblogfiles.naver.net%2FMjAyNjA2MDNfMTY4%2FMDAxNzgwNDQ2OTQzMTc3.azcw26qkSvigJbVZVjmt5wZbAoBGPi1tueiMlrdjG8og.SbMVBtSUJUF9aeZ_eUvcr_YGtV_S0X1TwRVehAguLhIg.JPEG%2F900_20260602_200249.jpg&type=a340,True
1290,45,https://search.pstatic.net/common/?src=http%3A%2F%2Fimgnews.naver.net%2Fimage%2F5738%2F2026%2F06%2F01%2F0000056066_001_20260601095811426.jpg&type=a340,True
1291,46,https://search.pstatic.net/common/?src=http%3A%2F%2Fblogfiles.naver.net%2FMjAyNDA2MTBfODIg%2FMDAxNzE3OTU3MTM4NzA3.u5EfsEUAAYDbjKve9ISQGkVB8r6DerOySn5g-YI5BLog.A93gcn9IJlk6k3Rb_VTJHysxj0pY4U0Jaa6gTS3y5D8g.PNG%2Fimage.png&type=a340,True
1292,47,https://search.pstatic.net/common/?src=http%3A%2F%2Fblogfiles.naver.net%2FMjAyNDA5MDdfMTEz%2FMDAxNzI1NzA0MzY3MzYw.RqE1KajQNtIZ5_1IqgoB-D45Gq0YJ_TCdUlvSeabvSUg.-xIb--LsNtR_TnazOnBZ9wXmZiK7M54hDhsvsG10CMYg.JPEG%2FIMG_9569.jpg&type=a340,True
1293,48,https://search.pstatic.net/common/?src=http%3A%2F%2Fblogfiles.naver.net%2FMjAyMzA1MTRfNzEg%2FMDAxNjg0MDY2NzMwMTA3.LRvU9qwM7xOck2J0_2gGL6AkgP7T_WNQdALF6dW4kh4g.L2hGiYOHZvKX4ztvJr10sXaNRQr7J8JoafzACKGNgI4g.JPEG.jinhyun0613%2FIMG_0531.jpg&type=a340,True
1294,49,https://search.pstatic.net/common/?src=http%3A%2F%2Fblogfiles.naver.net%2FMjAyNDAxMDhfMjI3%2FMDAxNzA0NjkzMTE0OTg3.5LIFAoSi1_f6j--TY7SlgO6KCX4IYjiG31Cmop0pxSUg.QfemX23yOvf2zmQGTxNJCt7KEejIJsTJmbCmdB2nuqgg.JPEG.u_uyoo%2FIMG_2392.jpg&type=a340,True
1295,50,https://search.pstatic.net/common/?src=http%3A%2F%2Fblogfiles.naver.net%2FMjAyNjA3MTZfMjI2%2FMDAxNzg0MTkzNjgxMjg0.rk0eUUuZOuQJoAZz_Tg2wWZPf8LkfmfDT8oWIOFy-dog.S8D_U9UiKBRhvzdL98qvjN8u0qHPgP_ysikIO80YazEg.JPEG%2F1.jpg&type=a340,True
1296,51,https://search.pstatic.net/sunny/?src=https%3A%2F%2Fthumbs.dreamstime.com%2Fb%2Frepublic-cuba-map-vector-eps-32512150.jpg&type=f54_54,True
1297,52,https://search.pstatic.net/common/?src=http%3A%2F%2Fblogfiles.naver.net%2FMjAyMDExMTZfMjgw%2FMDAxNjA1NTIzNzg5NjUx.a5Y-h2xyX81pnO6i42q6lHeZEUzckY4jfaeZj7CqB4og.zarGxbE9oN-5HoT9adAPcU1RBXDDF1KcU_sUXE1VGTUg.PNG.leehowon9927%2F%25BD%25E6%25B3%25D7%25C0%25CF.png&type=a340,True
1298,53,https://search.pstatic.net/common/?src=http%3A%2F%2Fblogfiles.naver.net%2FMjAyNTExMDlfMjE2%2FMDAxNzYyNjE5MzQzMTI5.MTbcOOlTokoVF5PmlLhpCEuYn1VQQ3W1ibf_YZKSxb4g.XsTHe1OX-wPOVzTsKuijph9F2lOSqyAAVjyIfl05ku0g.JPEG%2FIMG%25A3%25DF2851.jpg&type=a340,True
1299,54,https://search.pstatic.net/common/?src=http%3A%2F%2Fblogfiles.naver.net%2FMjAyMDEyMDFfMjM0%2FMDAxNjA2ODMyMjgzMDYz.WLhWdy-wmV9Nvf1TbllUU-jNg4Na_1uUKSGkrwGwuoAg.z6msfUHTBIxRgJKAQT3iBwN5h90b_PrnFc2VZjm-Q2wg.JPEG.890068%2F7EC9F58F%25A3%25AD34B4%25A3%25AD4F2A%25A3%25AD9175%25A3%25ADE35508EE9C46.jpeg&type=f54_54,True
1300,55,https://search.pstatic.net/common/?src=http%3A%2F%2Fblogfiles.naver.net%2FMjAyMTAzMjVfMjkx%2FMDAxNjE2NjM4NTA1NDA4.Raf1kFzd75s7OpKeE1Gg-qoAgVnxpSN3OXZJtGElGEUg.bO0ISKeZ85eB_rOIBY8oTVhsZkjuDyQh7XXRABd8yxgg.JPEG.ju0_0park%2Foutput_3727927232.jpg&type=f54_54,True
1301,56,https://search.pstatic.net/common/?src=http%3A%2F%2Fblogfiles.naver.net%2FMjAyNjA2MTBfMjYg%2FMDAxNzgxMDE5MDMxMDE2.aiR6x9pAQha4N5-_8Dl_EuLutXzXs3uz0s_M_wOUzUUg.xVzP6_qwZMdsumWFHPiLunTMxyQrXJrElAnXb-hwpE0g.JPEG%2Fphoto_2026-06-10_00-13-49.jpg&type=a340,True
1302,57,https://search.pstatic.net/common/?src=http%3A%2F%2Fblogfiles.naver.net%2FMjAyNTA2MjVfMjU2%2FMDAxNzUwODYxMjU2MzYz.FaNN5ouB3KANSLX-g_BemqwDRjkm1LH-51lcWdqLXSMg.fQ3OOOHG5My7IA64dPNTBcNE3FzZOSOE42KXWvncxD8g.JPEG%2F900%25A3%25DF20250622%25A3%25DF170242.jpg&type=f54_54,True
1303,58,https://search.pstatic.net/common/?src=http%3A%2F%2Fblogfiles.naver.net%2FMjAxODA5MDZfMTQz%2FMDAxNTM2MjQ1OTczMjEw.ZK6Fcmy8nDlTGaFlFZCbfgMdmbH9hAascmg8B9yNO_kg.aJb2bxt54zO7tHrgFF6SmMU-S_3apV_LxlN4rRT3X2Ug.JPEG.qngkaos%2FKakaoTalk_Moim_7d3Hzw6cm0eyM76aNsBEt9eIflYJhv.jpg&type=a340,True
1304,59,https://search.pstatic.net/common/?src=http%3A%2F%2Fblogfiles.naver.net%2FMjAyMzA3MjhfMjYg%2FMDAxNjkwNDc2OTE1ODQx.AABWH5Eq7YaBYWJeVlz1S0Kq1lrptF9PUwhtaCQlEvog.qcpytd-tOSfc73DNuRg8kZOqfWQinzTP__aL_0oSAjUg.JPEG.sjikmh%2F20230727%25A3%25DF195746.jpg&type=f54_54,True
1305,60,https://search.pstatic.net/common/?src=http%3A%2F%2Fblogfiles.naver.net%2FMjAyNTA2MTZfOTgg%2FMDAxNzUwMDQ2NjA0MDA4.W5BcASS1etqnspY923GYdJj7Xg4lqaoqHxTXIXILAHYg.TrbOi7nwGS__6HwiJwpuDB3ewUePX3PA_quAeCWAxK4g.JPEG%2F900%25A3%25DF20250614%25A3%25DF185457.jpg&type=a340,True
1306,61,https://search.pstatic.net/common/?src=http%3A%2F%2Fblogfiles.naver.net%2FMjAyNDA2MjlfMSAg%2FMDAxNzE5NjU5NzczNjU2.Kg27bSb8SHzBv_Pzn-pLtv-W-ZHTvII1ltBGzU6A17Ag.TrCv3mCsiJSikZc1Fm8PzxHhqy2einvjz1Nrcf2BQkAg.JPEG%2FKakaoTalk_20240629_184642378_11.jpg&type=f54_54,True
1307,62,https://search.pstatic.net/common/?src=http%3A%2F%2Fblogfiles.naver.net%2FMjAyNTA2MTFfMTUg%2FMDAxNzQ5NTcwNDM5MDY5.VBXPNLrZ133V2Vm2PDAnmb2ogCs4itW6WQ9O_4l9X6Ag.vdHtxmi_aWps1sXYE7TOdea3kF02uVqK82S9bIsgSYQg.JPEG%2FIMG%25A3%25DF5517.jpg&type=f54_54,True
1308,63,https://search.pstatic.net/common/?src=https%3A%2F%2Fldb-phinf.pstatic.net%2F20260126_291%2F1769353337909gRMFH_JPEG%2FIMG_4644.jpeg&type=a340,True
1309,64,https://search.pstatic.net/common/?src=http%3A%2F%2Fblogfiles.naver.net%2FMjAyMTEwMTFfMjY5%2FMDAxNjMzOTU3Mzg3NDYx.3Fsnffar5i760n3w7yTyaM62O4hMD23gEm8C33PB7n0g.Qp4IZQhPrWpR2EP7AMwUgib9gnZ4p9uxC_g39E4wEfwg.JPEG.qwas0729%2FIMG_4949.jpg&type=l340_165,True
1310,65,https://search.pstatic.net/common/?src=http%3A%2F%2Fblogfiles.naver.net%2FMjAyNjA0MjNfMjgw%2FMDAxNzc2OTAzNzUzNzk1.sdfrW5ySeJD00HUZqKChVJ6w3RSCUsI1aCFoQevUC_Yg.zuHEeKXysCco6BKP45-sGnZKlUaGNOjk_8K9z2sJdpkg.JPEG%2F%25B4%25D9%25BF%25EE%25B7%25CE%25B5%25E5_%25285%2529.jpg&type=a340,True
1311,66,https://search.pstatic.net/common/?src=http%3A%2F%2Fblogfiles.naver.net%2FMjAyNDA5MjFfNCAg%2FMDAxNzI2OTAzMDEwODc2.dQMpHWOaddN9QyFMf0-XYdSqykhrGhtVf_j_d3FHQMQg.DGqrinL-lkFe6K3x_OxcR1yNG9hf_diuf7Fe86yH5S4g.JPEG%2FSnapinsta.app_441192495_18051849604721909_4491529907321389823_n_1080.jpg&type=a340,True
1312,67,https://search.pstatic.net/common/?src=http%3A%2F%2Fblogfiles.naver.net%2FMjAyNDAyMTlfMzAg%2FMDAxNzA4MzE3MTc3NzQx.TAO2QDK1j3vKtD_0ndOSn1E2dzqQ5qahBkzAwz0VnWQg.wKyALhMu9LEPoEEM9VnHcXlILI6cc1IcilEXaRctzTUg.JPEG.dlsduddl100%2FIMG_4143.jpg&type=a340,True
1313,68,https://search.pstatic.net/common/?src=http%3A%2F%2Fblogfiles.naver.net%2FMjAxOTExMDVfMTQx%2FMDAxNTcyOTY0MjgyNTIx.Up6o-jNEN0suxrU0nooRDUonMeLapXvhD7n0RsjoAoog.5o2DCrIxB6l5bZ1C2j2pV5h6EpM6rOB-psk6JwgNaocg.JPEG.1share100%2FKakaoTalk_20191019_124302881_01.jpg&type=f54_54,True
1314,69,https://search.pstatic.net/sunny/?src=https%3A%2F%2Fst2.depositphotos.com%2F2435561%2F5258%2Fi%2F950%2Fdepositphotos_52582313-stock-photo-dark-alley-at-night-in.jpg&type=f54_54,True
1315,70,https://search.pstatic.net/common/?src=http%3A%2F%2Fblogfiles.naver.net%2FMjAyNTExMTNfMjg0%2FMDAxNzYzMDE3MDk2MTM0.7wIEuCvZN31cP1rS9UiotfcuG5QHvGKsl3MK5iMNaXsg.QdmSgfMmN_G4tgShu55yKFmBazaz-izia609x8wqTpog.JPEG%2FKakaoTalk_20251113_155506789_07.jpg&type=a340,True
1316,71,https://search.pstatic.net/common/?src=http%3A%2F%2Fimgnews.naver.net%2Fimage%2F014%2F2024%2F04%2F12%2F0005170519_001_20240412143901779.jpg&type=f54_54,True
1317,72,https://search.pstatic.net/common/?src=http%3A%2F%2Fblogfiles.naver.net%2FMjAyMzAzMjdfMjQ1%2FMDAxNjc5ODg3MjQ0NDA5.MW9Yt30sTSB_SBrjLxn7X5LQRgO78W0yiV7dBh0R1csg.usgwf2iMcR7BnhQMqgO-3MD2Qwb-88NHNRoU5Rpue40g.JPEG.ovantgarde%2F%25BF%25C0%25B9%25E6%25B0%25A1%25B8%25A3%25B5%25E5_%25B9%25AB%25B4%25EB.jpg&type=f54_54,True
1318,73,https://search.pstatic.net/common/?src=https%3A%2F%2Fldb-phinf.pstatic.net%2F20250901_218%2F17567008332008BoF3_JPEG%2F250813_%25BB%25FD%25C7%25F9_%25B1%25B9%25B8%25B3%25BA%25CE%25B0%25E6%25B4%25EB_%25B1%25DD%25BE%25D7%25BA%25B8%25B5%25E5_480x840.jpg&type=a340,True
1319,74,https://search.pstatic.net/common/?src=https%3A%2F%2Fldb-phinf.pstatic.net%2F20220110_59%2F1641824241684Gb95o_JPEG%2F1641823740891-4.jpg&type=a340,True
1320,75,https://search.pstatic.net/common/?src=http%3A%2F%2Fblogfiles.naver.net%2FMjAyMzA0MjJfMiAg%2FMDAxNjgyMDkxMDkxNDY1.FnM0dwefbxdv2Rj_C98aJ0uvcjHH1KP3jEYUrOiZIacg.fvo_3d60PC4lWMQUAgEpbgjwGP8jiCzK_IzbVCJexKQg.JPEG.574826%2F20230421%25A3%25DF165728.jpg&type=a340,True
1321,76,https://search.pstatic.net/common/?src=http%3A%2F%2Fblogfiles.naver.net%2FMjAyMzA5MzBfMTAy%2FMDAxNjk2MDQ0MzYwMDI5.qPYdPntbeoKyw79-HB9fm9Jk8fb9x0CPomRZVNm60Dsg.JGoXw1cQ87_Saan3QwjhvYIVhrNChyUnmKRSn4sj7W0g.JPEG.ping8507%2F20230929%25A3%25DF231032.jpg&type=f54_54,True
1322,77,https://search.pstatic.net/common/?src=http%3A%2F%2Fblogfiles.naver.net%2FMjAyNTA5MzBfNjkg%2FMDAxNzU5MjAwNDU3Mjgy.lOLGe4jSfWC43a3ojf4BLJUXmgijOIU2A_RttvNfoyYg.u9ZsmZpy-MYHbhPGOi_-NEMtDiqGr312d5MkWNmTsDkg.JPEG%2FKakaoTalk_20250901_143138621_24.jpg&type=a340,True
1323,78,https://search.pstatic.net/common/?src=https%3A%2F%2Fldb-phinf.pstatic.net%2F20250904_68%2F1756985733863mCFLg_JPEG%2F1000071120.jpg&type=a340,True
1324,79,https://search.pstatic.net/common/?src=http%3A%2F%2Fblogfiles.naver.net%2FMjAyNjA0MjVfMTcw%2FMDAxNzc3MDc2MTY5OTY4.6NN9VDQWomFduEp1x0tRVBQa664VG1faYkLQOiBDIEQg.zqGZh7K5cyVbiajQVAiwV63_9fCYZNYDKhpP8bqpmi0g.JPEG%2F900%25A3%25DF20260425%25A3%25DF091046.jpg&type=a340,True
1325,80,https://search.pstatic.net/common/?src=http%3A%2F%2Fblogfiles.naver.net%2FMjAyNTEwMDZfMjIw%2FMDAxNzU5NzE3Nzg5MDc1.m3mCnfU32kNjk8aD2xefBANc7bh2iy2G9KHuyEWdkwcg.iJSg-1cYL_oc34TDRSgL6RI-v0146Ohn2Xs4tdbI24sg.PNG%2F%25C1%25A6%25B8%25F1%25C0%25BB%25A3%25AD%25C0%25D4%25B7%25C2%25C7%25D8%25C1%25D6%25BC%25BC%25BF%25E4%25A3%25DF%25A3%25AD001%25A3%25A86%25A3%25A9.png&type=a340,True
1326,81,https://search.pstatic.net/common/?src=http%3A%2F%2Fblogfiles.naver.net%2FMjAyMTExMjVfMjcg%2FMDAxNjM3ODExOTU1NDA2.62kNUL2wSB8gkRuleWA-9RfbCaszT7AWkEmiaL0gXLEg.xapwWG0yaxI0mak3Oq7Ic_7qkSpSkeZ62qyYKxuIagog.JPEG.coreap6%2F%25B4%25EB%25B9%25E6%25C3%25BB%25BC%25D2%25B3%25E2%25B9%25AE%25C8%25AD%25C0%25C7%25C1%25FD_%25B3%25BB%25BA%25CE_%25C5%25F5%25BD%25C3%25B5%25B5_%25B8%25F0%25BD%25C0.jpg&type=l340_165,True
1327,82,https://search.pstatic.net/common/?src=http%3A%2F%2Fblogfiles.naver.net%2FMjAyNTEwMjFfMjk4%2FMDAxNzYxMDExNTc3MDc0.S75gQvD5FDqxUG44L_WaI0QjaoC7j7XlAcPuXrHN8tog.dRLSHgjJJELfNJmTnN3JSnL8qB4Hd8Bm7zkc6xVRYMsg.JPEG%2FIMG%25A3%25DF3942.jpg&type=a340,True
1328,83,https://search.pstatic.net/common/?src=http%3A%2F%2Fblogfiles.naver.net%2F20140826_233%2Fkkomyra_1409020731829Oa3i0_JPEG%2F003.JPG&type=a340,True
1329,84,https://search.pstatic.net/common/?src=http%3A%2F%2Fblogfiles.naver.net%2FMjAyMzEwMDlfMTA5%2FMDAxNjk2ODM0NTU1MzE4._TuZVurfuI-L9DL5isSPYUfI5CEmqQekz146DgeBzHAg.fmtNs3v_lUIhqEiv2tlhD7qy99AGxfGFeVjV_4sPUHsg.JPEG.khi430%2Foutput_3566931253.jpg&type=a340,True
1330,85,https://search.pstatic.net/common/?src=https%3A%2F%2Fldb-phinf.pstatic.net%2F20250219_149%2F1739940560316apRCp_JPEG%2F1739940539689.jpg&type=a340,True
1331,86,https://search.pstatic.net/common/?src=http%3A%2F%2Fblogfiles.naver.net%2FMjAyNDExMDlfMTg3%2FMDAxNzMxMTQ2NjUzNzA4.LQTCr1KP8H904zEYj9ZKF73rlfZRZ8tHv8DXI2X-JG8g.vXqgKGQGbPIBswB5kBqjUUMKJHSnKT4iYFSwl-2U6DEg.JPEG%2F20241103%25A3%25DF194807.jpg&type=a340,True
1332,87,https://search.pstatic.net/common/?src=http%3A%2F%2Fblogfiles.naver.net%2FMjAyMzA5MDVfMjE1%2FMDAxNjkzODkwNjc1NDg0.yF8_5fBqilJhO3XqYq46vEUvHxiFzivt5Z6qGeCIJ7cg.Cio5CkjiA_Ywc5kuw_Grz34qEpO0VvnhiUF110o6_3wg.JPEG.hd01248%2F20230904_221558.jpg&type=a340,True
1333,88,https://search.pstatic.net/common/?src=http%3A%2F%2Fblogfiles.naver.net%2FMjAyNTA0MzBfMTQ2%2FMDAxNzQ1OTgyMDQzODE3.9r6gEBKIyASxYDTW4ndhhHWWdN81J-D944Wa5qGP0Rcg.NH56j0IX28b4NUotyuV2alL7CUpW1Ec_eiYmBMtZ364g.JPEG%2FKakaoTalk_20250430_115517704_18.jpg&type=a340,True
1334,89,https://search.pstatic.net/common/?src=http%3A%2F%2Fblogfiles.naver.net%2FMjAyMDA3MzFfMTA1%2FMDAxNTk2MTkwMzIwMzUx.h2m4G3hpBUP9RSl9Rfdv80TO8TaHx5dj67eFXT5m5S8g.dL7gu-3IZBJ_fzEoLF48a1rjmMFHnjP68w4z3mYGMn4g.JPEG.y946587%2F20200724_154156.jpg&type=a340,True
1335,90,https://search.pstatic.net/common/?src=http%3A%2F%2Fblogfiles.naver.net%2FMjAyNjA2MjRfMTc1%2FMDAxNzgyMzA1MzcwNzAz.WFnIndRSWu4j6woc9vsF_NWW9C2wkDK5SHGneng04acg.RU9lf3xhyZWhx84u2ecv5BI2pKn1wJ99_e0DwOOeC-Ag.JPEG%2F900_1782305369600.jpeg&type=a340,True
1336,91,https://search.pstatic.net/common/?src=http%3A%2F%2Fblogfiles.naver.net%2FMjAyMjA0MjRfNDIg%2FMDAxNjUwNzk5MTMyNDgz.RjA8gfOFXAEk1ZGa2b5tQIfSVdVmeqPm398VLjm6SK8g.R2vEQVwuf-LvWPfKSwPYVygpnUf1gVMieb7AcARB11sg.JPEG.higen_j%2F1650799126425.jpg&type=a340,True
1337,92,https://search.pstatic.net/common/?src=http%3A%2F%2Fimgnews.naver.net%2Fimage%2F5364%2F2026%2F07%2F01%2F0001193695_001_20260701123216582.png&type=a340,True
1338,93,https://search.pstatic.net/common/?src=http%3A%2F%2Fblogfiles.naver.net%2FMjAyNjA1MjJfMTM1%2FMDAxNzc5NDA2OTE3MTk4.M2zJPvXwEt0zxZovV3y1n9ZjrZsirm1uV7g4Dvp83kAg.PFKkv9TiBxZBtqvyHUflGyINSq9RvDhXGZN1r-CNctgg.JPEG%2FIMG%25A3%25DF6940.JPG&type=a340,True
1339,94,https://search.pstatic.net/common/?src=http%3A%2F%2Fblogfiles.naver.net%2FMjAyNTA0MDdfMjIg%2FMDAxNzQ0MDEyNTQwNDcx.TXSzWETfoQBgvNsh7T3fWJ--4m-79Ng_WqLUiIhc1QAg.hhOPPmR3E6m8nzrR6m6rXpCfF2uWTS1JrhIzx-mg53Ag.JPEG%2F900%25A3%25DF20250405%25A3%25DF192230%25A3%25DFcopy%25A3%25DF10800x8100.jpg&type=a340,True
1340,95,https://search.pstatic.net/sunny/?src=https%3A%2F%2Fd12zq4w4guyljn.cloudfront.net%2F750_750_20241031023525_photo1_5d7a8a24e04a.webp&type=a340,True
1341,96,https://search.pstatic.net/common/?src=http%3A%2F%2Fblogfiles.naver.net%2FMjAyMjAyMDhfMTMw%2FMDAxNjQ0MjU5MjgwNTg2.DS8P5wRwMFYB1YSpjNZQ5lAsbWCwtuFEtQcHCZRsAAMg.W0rlGvRK2JstZ51SokgUrwdhja_dHFSXFK8VBHDxLVIg.JPEG.han18079%2FIMG_1292.JPG&type=a340,True
1342,97,https://search.pstatic.net/common/?src=http%3A%2F%2Fblogfiles.naver.net%2F20150806_158%2Fbusanmatzip_1438857159240ft7Ie_JPEG%2F20150726_191047.jpg&type=a340,True
1343,98,https://search.pstatic.net/common/?src=http%3A%2F%2Fblogfiles.naver.net%2FMjAyNTA3MDZfMyAg%2FMDAxNzUxNzkyMDUxNzg1.VKIlHiLQCAcsLbHnsHGG4gNNlbjjwmZx4XkzaAvh92sg.05SfzUjoip5r5XyKWCFE_wwGSBCoJL4nzSBKztcyim8g.JPEG%2F20250413_140722.jpg&type=a340,True
1344,99,https://search.pstatic.net/common/?src=http%3A%2F%2Fblogfiles.naver.net%2FMjAyNjA2MjdfMTA2%2FMDAxNzgyNTU5OTE2NDM0.BemYLETYHcXgc4RIhV6lEL94-x3zdcpkd-5-sa654fAg.-eD1D3NxCV92q-SmBo1DEVhalUkbeBCf2NuvC5LlOgQg.JPEG%2F900_20260627_113723.jpg&type=a340,True
1345,100,https://search.pstatic.net/common/?src=http%3A%2F%2Fblogfiles.naver.net%2FMjAyNTEyMjNfMTU3%2FMDAxNzY2NDYxNDQ4MzE5.rNUXCR8qde9FtOxYgtpPhxwepkQyt85-Dia0vipWje0g.9cwHaLDSQYEIt4_wOSvmVnncs9ECDaScI58epoIjX68g.JPEG%2FKakaoTalk_20251223_123651399_06.jpg&type=a340,True
1346,101,https://search.pstatic.net/common/?src=http%3A%2F%2Fblogfiles.naver.net%2FMjAyNDAxMjBfNDIg%2FMDAxNzA1NzMyMTQ5ODEx.Zr7AGJipTftRKFuFNevlGT3mk-L5X4DWtnJu5j_rLiAg.06e-LycrT_WEzrGWr-HwvumdM_MvR-NXkuUXku4beZ8g.JPEG.andrew2507%2F20240118%25A3%25DF183047.jpg&type=a340,True
1347,102,https://search.pstatic.net/common/?src=http%3A%2F%2Fblogfiles.naver.net%2FMjAyNDA3MTJfMTAy%2FMDAxNzIwNzc4OTMyOTQ3.u1tu_OdF_HsVIuxnJ3GXUXn_cTrGkU8d_PZc3rmoqdYg.bTbQ-PFi8O55o1A3H8VjTFZzUhW6kOb81t6Ioh_MPSAg.JPEG%2F%25B7%25B9%25BF%25C0%25B4%25CF2.jpg&type=f54_54,True
1348,103,https://search.pstatic.net/common/?src=http%3A%2F%2Fblogfiles.naver.net%2FMjAyMjA4MTdfMTQ4%2FMDAxNjYwNzIxNTE1MjIx.yJ2VE8pDq6V9dR4bzwwRByugZsC24_83W6kICZU1AL4g.Yqu22F9HO87YYCb-76YTrp1BjX81niJu_5aU4dtK47gg.JPEG.aorangevivia%2FIMG_7442.jpg&type=a340,True
1349,104,https://search.pstatic.net/common/?src=http%3A%2F%2Fblogfiles.naver.net%2FMjAyMDEwMDRfNzkg%2FMDAxNjAxODIxNzc3NDY0.dhRtHuWBYWPp16AkHkZI3HLG5iPvwmHzHPM3C3QFAa8g.m83_qMS5TGClHVXNFuNqcYvl86iDydWKcmryA5YyF6Eg.JPEG.hyuka486%2F1601821776938.jpg&type=f54_54,True
1350,105,https://search.pstatic.net/common/?src=http%3A%2F%2Fblogfiles.naver.net%2F20141129_212%2Fgtep1228_1417204377015jgSR2_JPEG%2FCYMERA_20141129_010628.jpg&type=a340,True
1351,106,https://search.pstatic.net/common/?src=http%3A%2F%2Fblogfiles.naver.net%2FMjAyNTExMjBfODQg%2FMDAxNzYzNjM0ODE1MzM4.yWgF1Jp0OiA-NOqVEc_Z2cq56MHGU5Vdm9LEgNZyj6Eg.7SgCu8wiXEKPuXdJS10HOCJlzmetdGIQK25Pq5NHkMcg.JPEG%2Foutput%25A3%25DF3384963964.jpg&type=f54_54,True
1352,107,https://search.pstatic.net/common/?src=https%3A%2F%2Fldb-phinf.pstatic.net%2F20250916_230%2F1757986068861oymYM_JPEG%2FKakaoTalk_20250916_101149678.jpg&type=a340,True
1353,108,https://search.pstatic.net/common/?src=http%3A%2F%2Fblogfiles.naver.net%2FMjAyNDAzMjJfMTQy%2FMDAxNzExMDkwMDM3NjYz.iwk6BP0ax8wWUVleSqV_hKmGC_2gfsaDrbFVfdNgz5Ag.OsGfyrw59ShLM0SM0_tXNQfSJ5-yY3G8oV8JS-BxKIIg.JPEG%2F%25B1%25A4%25BE%25C8%25BE%25DF%25C7%25E0_%25B1%25A4%25BE%25C8%25B8%25AE%25BC%25FA%25C1%25FD_%25285%2529.jpg&type=f54_54,True
1354,109,https://search.pstatic.net/common/?src=http%3A%2F%2Fblogfiles.naver.net%2FMjAyNTA3MjRfMjI4%2FMDAxNzUzMzE2MzMyOTk0.j2CyiwZHgeXobQ2vhf09EUpVVBP3l55coTb69osPH0kg._mon2j2HJx1GDMxWw1sS7jgkRLFM3ghBt_vR6qq80x8g.PNG%2F%25B3%25BB%25C5%25B0%25B0%25ED%25C0%25C7_%25BB%25E7%25BA%25BB%25C0%25C7_%25BB%25E7%25BA%25BB.png&type=a340,True
1355,110,https://search.pstatic.net/common/?src=http%3A%2F%2Fblogfiles.naver.net%2FMjAyMTExMDRfMjcy%2FMDAxNjM1OTk3MDU2NjYy.8a9N8nAihHg04vHZZnZTquDYmPI2sJyp9F6za2yBQ5og.cLHFeIZiFK4x3mJS4iziiLUfqIPAkM3GTzOkAX5pSikg.JPEG.kkss67%2F20211104_064227.jpg&type=a340,True
1356,111,https://search.pstatic.net/sunny/?src=https%3A%2F%2Fimg.siksinhot.com%2Farticle%2F1501467687090064.jpg&type=a340,True
1357,112,https://search.pstatic.net/common/?src=http%3A%2F%2Fblogfiles.naver.net%2FMjAyMzEwMDRfMjU3%2FMDAxNjk2Mzk5MjY0NTI4.69XiFFl8kvTt1iynJmDEjsWJTugqkSgA_gsCqXEuiK0g.tVwdjH7lWNXspItj3gyyQapx9NHbKHnAuspgeYcxOI8g.JPEG.km99065%2F20231003%25A3%25DF203903.jpg&type=a340,True
1495,250,https://search.pstatic.net/common/?src=http%3A%2F%2Fimgnews.naver.net%2Fimage%2F009%2F2025%2F04%2F26%2F0005482944_002_20250513144409058.jpg&type=l340_165,True
1358,113,https://search.pstatic.net/common/?src=http%3A%2F%2Fblogfiles.naver.net%2FMjAyNjA2MTFfMjk0%2FMDAxNzgxMTU1MDk2OTQ4.Itbo6irj-b00NwmbPTV1rF3pAOjp3xXUVmqNCQws9AIg.fNsVzqpitQzBLh3sSur7-Hub-yp1wo6JyGlJv1-jcyIg.JPEG%2FIMG%25A3%25DF4254.JPG&type=a340,True
1359,114,https://search.pstatic.net/common/?src=http%3A%2F%2Fblogfiles.naver.net%2FMjAxNzAzMzBfMTY2%2FMDAxNDkwODcxODE3ODU2.HRNPevdanKSmMabiMDps_DhRCfBQ8AgzhcMCCjVw2y0g.n4fkiLR9cgpEQqkV3Wtc0ZMGmm3twIGxGBMiZdqh_lQg.JPEG.godwkddk%2FIMG_5229.jpg&type=a340,True
1360,115,https://search.pstatic.net/common/?src=http%3A%2F%2Fblogfiles.naver.net%2FMjAyNjA1MjlfNjUg%2FMDAxNzgwMDQyMzIxMjEy.sx1zFA4Y2pIfpDH_frbmJMC2shDqtI3HUHhOqOugQg4g.-7MWP8Q1JlzZNnrrCmlNAZl21jfXYRjU2bmSaiVDQo0g.JPEG%2F900_20260524_170123.jpg&type=a340,True
1361,116,https://search.pstatic.net/common/?src=http%3A%2F%2Fimgnews.naver.net%2Fimage%2F442%2F2026%2F02%2F13%2F0000189763_001_20260213163513610.jpg&type=a340,True
1362,117,https://search.pstatic.net/common/?src=https%3A%2F%2Fldb-phinf.pstatic.net%2F20251206_147%2F1765017882411WNDOV_JPEG%2F%25C4%25DE%25C7%25C7%25B3%25BB%25C0%25CC%25BC%25C7.jpg&type=a340,True
1363,118,https://search.pstatic.net/common/?src=http%3A%2F%2Fblogfiles.naver.net%2FMjAyMjAzMDRfMTI1%2FMDAxNjQ2NDA1ODM5NjYy.dTnxqBoaeWaUUM5xEUni7_sBEzkVlF0Qf_dkU2G9Rlwg._Zzu927g62UnJsl25WQ7bIIKqXyQjtct4IDSMhUFG44g.JPEG.tjfghk0414%2FKakaoTalk_20220304_234242198_03.jpg&type=a340,True
1364,119,https://search.pstatic.net/common/?src=http%3A%2F%2Fblogfiles.naver.net%2F20150112_129%2Fpoorso_1421048339649Wcv6i_JPEG%2FNaverBlog_20150111_212916_08.jpg&type=a340,True
1365,120,https://search.pstatic.net/common/?src=http%3A%2F%2Fblogfiles.naver.net%2FMjAyNDA4MjBfMjQw%2FMDAxNzI0MTI1NDEzMjQz.fmtY5bZ2JTmK1BgqCnj4OCqbbvXI9FXB-hIiNMrXmrIg.pcvvCFJtURON7vI98oRmnegOJ4-IMEDkt8y9pq95EdUg.JPEG%2FKakaoTalk_20240819_190758960_06.jpg&type=f54_54,True
1366,121,https://search.pstatic.net/common/?src=http%3A%2F%2Fblogfiles.naver.net%2FMjAyNTExMTBfMTY2%2FMDAxNzYyNzgyNTcyOTEw.s8Alu6e9if5urRMIOrOgqV26fB_PDHOtOzTvlK5PBnMg.AzRoyDfIQb53ZdrIxq7S80mY5Q0B65te1jUm9Sg1y2og.PNG%2F%25BC%25AD%25BF%25EF_%25BA%25D0%25BD%25C4%25B8%25C0%25C1%25FD_%25C3%25DF%25C3%25B5_%252819%2529.png&type=a340,True
1367,122,https://search.pstatic.net/common/?src=http%3A%2F%2Fblogfiles.naver.net%2FMjAyMDA5MjZfMTkw%2FMDAxNjAxMDg2NTgyNzk5.QHBac2QWJAnygr0Kg6DHWZLYLTOBkFTJkfEAstQxfuUg.lD9IAy2yT1ovIOBHPISIAD9MNRA7ZQreYHXw4zGDXisg.JPEG.xeunax%2F1601086583019.jpg&type=f54_54,True
1368,123,https://search.pstatic.net/common/?src=http%3A%2F%2Fblogfiles.naver.net%2FMjAyMzA1MjlfNDYg%2FMDAxNjg1MzI2MjQ0MTY1.5WQkMx4Ve55BN2jt9iHJvUuxWP9rqfb7e-5gdZYAogkg.bxDJlXPEeR87XhxDeB4vvW2JKqkM3byOZFJ2fljaWd4g.JPEG.vnzk56%2F20230526%25A3%25DF190542.jpg&type=f54_54,True
1369,124,https://search.pstatic.net/common/?src=http%3A%2F%2Fblogfiles.naver.net%2FMjAyNjA0MTVfMjkw%2FMDAxNzc2MjIxOTY2MTQ0.G6KBps4zZXTuPYjznXEoGecyORJGTqNraXWxqFkL9RYg.rKOaq6kSW71Gtf0yYkEQ6wT9y9M3BiokpKHrCJF7qzEg.JPEG%2F0321-239.jpg&type=a340,True
1370,125,https://search.pstatic.net/common/?src=http%3A%2F%2Fblogfiles.naver.net%2FMjAyNjAxMjBfMTY3%2FMDAxNzY4OTE5NzUyNDM4.79FQL26msKu631bxUxVg5o0Pv0Vj9bsJVkYXAp_3rHgg.gMKwXOI1q40QMQA5NdGW-Dsuv5eBQ2p_sp3rvh6ARTAg.JPEG%2F900%25A3%25DF20260116%25A3%25DF144007.jpg&type=a340,True
1371,126,https://search.pstatic.net/common/?src=http%3A%2F%2Fimgnews.naver.net%2Fimage%2F5118%2F2026%2F05%2F08%2F0000157227_001_20260508100613300.png&type=a340,True
1372,127,https://search.pstatic.net/common/?src=http%3A%2F%2Fblogfiles.naver.net%2FMjAyNTA2MjBfMjAg%2FMDAxNzUwNDE5MTYxNzc1.v-a8520OknnHCdegDY204uqxkvTEE_8IyQjnQK19F4og.8M871PN1AD8JY3u2CslUzWn8mElH7eDegCQ70b4Yz8Mg.PNG%2F%25B1%25DB%25B6%25F3%25BD%25BA%25B9%25D9%25B9%25D9%25BE%25C8%25B0%25E6_%25BE%25E7%25BB%25EA%25C1%25A1%25C0%25C7_%25BB%25E7%25BA%25BB.png&type=a340,True
1373,128,https://search.pstatic.net/common/?src=http%3A%2F%2Fblogfiles.naver.net%2FMjAyMDA4MTVfNDMg%2FMDAxNTk3NDk0NDkxNzMy.1MQ8z-ZFSEG0qVCzDWVp13ScF31_Qaw26Rad-tHE4uUg.CdwPu_xEvbhFCSr-GAwVY6zXhPtHsz1WAr1md4LDI_Ig.JPEG.a7a71004%2Foutput_3613271400.jpg&type=a340,True
1374,129,https://search.pstatic.net/sunny/?src=https%3A%2F%2Fd12zq4w4guyljn.cloudfront.net%2F300_300_https%3A%2Fd12zq4w4guyljn.cloudfront.net%2F750_750_20220509102902_photo0_d40Qn0AvpFEJ.jpg&type=a340,True
1375,130,https://search.pstatic.net/common/?src=http%3A%2F%2Fblogfiles.naver.net%2FMjAyNDEwMTFfMjM1%2FMDAxNzI4NjM1NzY1NTYz.sE52Qtxp3kIzbi42iR3Sh3DFl1FUXfTOZuEfgC_1Mm8g.iE2fjGoXyxmUVsamKxMcVVC8h_hGbqEMvDFXB6zeWUMg.PNG%2Fimage.png&type=f54_54,True
1376,131,https://search.pstatic.net/common/?src=http%3A%2F%2Fblogfiles.naver.net%2FMjAyNDEyMjRfMjIy%2FMDAxNzM1MDExMTE2ODMw.AOhW63FfumB-x-LzkZNVvf9sUODpRYJe-Ew4CfK19kIg.h6ZHmei_nNvW85GTixeALyxgLhkp_xnQIESVowp_xjcg.JPEG%2FFirefly_%25C0%25CC%25BB%25F3%25C7%25D1%25B3%25AA%25B6%25F3%25C0%25C7_%25BE%25D9%25B8%25AE%25BD%25BA_%25BF%25B9%25BB%25DB_%25C0%25DB%25C0%25BA%25C1%25FD_46476.jpg&type=f54_54,True
1377,132,https://search.pstatic.net/common/?src=http%3A%2F%2Fblogfiles.naver.net%2FMjAyNTEyMTBfMjE3%2FMDAxNzY1Mzc2MzA1MDI2.9zRTKM1tEuedSIWIfqlLRdBFS02C1tLgxvj5QI_j7Ygg.V2LPhaCKCkkanCjuYCdwI3pJKAFZ03Iu4COXfdcywVcg.PNG%2F2025-12-10_012607.png&type=l340_165,True
1378,133,https://search.pstatic.net/common/?src=http%3A%2F%2Fblogfiles.naver.net%2FMjAyMzA4MzBfMTQg%2FMDAxNjkzMzcyMDk0NTk4.IVtAYeSv4GjIWcgojzwqxi3rBMiXlafdULpP1Q0cZ_og.z8Fc6nBb_vJuchSyrBSYzLRzFD82jorIY_OT3wS3Hd4g.JPEG.phg99%2F20230827%25A3%25DF110836.jpg&type=l340_165,True
1379,134,https://search.pstatic.net/common/?src=http%3A%2F%2Fcafefiles.naver.net%2FMjAxNzA3MDZfMTc4%2FMDAxNDk5MjcxNzIwNDA5.SjDzrtm4WJSWviKZj5W06rzvk3U-GblOLLndksUlJxcg.pJfnygu3mt8dYHgKw0QgWF5EMUv2hGrxBRxwweW5t7cg.JPEG.wotlrasdf%2FKakaoTalk_20170706_004953256.jpg&type=f54_54,True
1380,135,https://search.pstatic.net/common/?src=http%3A%2F%2Fblogfiles.naver.net%2FMjAyMTA3MjhfNDEg%2FMDAxNjI3NDY2NDMyMTkx.h-TxGfY8YN7okf04bc2pLa3mm7io-TBwPyp6N2MSQHwg.SFnKsYKXXVUrcatPSQbTt4GiS7JL9uS8pANltFxshZEg.JPEG.happyshoulder%2FIMG_6774.jpg&type=a340,True
1381,136,https://search.pstatic.net/common/?src=http%3A%2F%2Fblogfiles.naver.net%2FMjAyMjA0MTJfOTMg%2FMDAxNjQ5NzQ3NzUwNTE1.Hyrkxs69CY-mvy-CaV9N9TugAhjDY4EDJ2g5YtoUt1gg.sx7fZjcvNW_jxhLyXxdzzzd722JTrIUhXCF_miJ2J-Ag.JPEG.grigogo2144%2F%25BA%25ED%25B7%25CE%25B1%25D7_%25B8%25DE%25B4%25BA%25C6%25C7.jpg&type=a340,True
1382,137,https://search.pstatic.net/common/?src=http%3A%2F%2Fblogfiles.naver.net%2FMjAyNjA0MThfOTYg%2FMDAxNzc2NDk1ODAxMzc3.cZ6BKbOWy-gO9RWJHCUHtZCxF_2-3L3judx00vX8i4Ig.qicKtLrVhu4bPGir3eyo70dwN8CHam9cprIA8KKkaxQg.JPEG%2FFullSizeRender.jpg&type=a340,True
1383,138,https://search.pstatic.net/common/?src=http%3A%2F%2Fblogfiles.naver.net%2FMjAxOTAxMTNfMTUx%2FMDAxNTQ3Mzg5MjgzNjQ1.6W8iixm3I1-2RagE9sjHbmLTuqSZwo_mjd9BvP5Hr5sg.xf1Xja7b9SI9DJQmbdgiS7FxGMoF-y6z0bAeoIUjgfUg.JPEG.hesu8080%2F20190111_173155.jpg&type=a340,True
1384,139,https://search.pstatic.net/common/?src=http%3A%2F%2Fblogfiles.naver.net%2FMjAxODA0MjNfMjky%2FMDAxNTI0NDU2NDQzNDky.yQnUbmX452mpV7NtTt-PXpUFlP2JqtithIs_LZg2yKYg.3J-wrtb67mZu2PlGoBJbsrR5mg1pBu1XSNHbQAIn9Q4g.JPEG.ehgml8ki%2F20180418_180018.jpg&type=a340,True
1385,140,https://search.pstatic.net/common/?src=http%3A%2F%2Fblogfiles.naver.net%2FMjAyMzA2MDZfMjY0%2FMDAxNjg2MDQ4MjI5Njk0.iokWSGtSB0HllJOaSFimKJJUs0A5jqwr9hAGLM9MuGwg.L-AqXShhoP-spCFxjo9quL7wt42XgjUzLomj8FJFZbEg.JPEG.stuckon311%2FIMG_2794.JPG&type=l340_165,True
1386,141,https://search.pstatic.net/common/?src=http%3A%2F%2Fblogfiles.naver.net%2FMjAyNjA3MTBfMjEg%2FMDAxNzgzNjgyNTkzNTg0.2flVYR3UTteB3_vTZPSEQui3UdZ6UY2j8yctcmgK7Aog.mUbIgMdy5juA7MSGvTznidfMcYbbvkslrHtOnKJUIZgg.JPEG%2F%25B8%25F0%25B5%25EB%25BB%25E7%25BD%25C3%25B9%25CC_4%25C0%25CE_%25284%2529.JPG&type=a340,True
1387,142,https://search.pstatic.net/common/?src=https%3A%2F%2Fldb-phinf.pstatic.net%2F20240112_172%2F1705037045045QKWxq_JPEG%2FIMG_2611.jpeg&type=a340,True
1388,143,https://search.pstatic.net/common/?src=http%3A%2F%2Fblogfiles.naver.net%2FMjAyMzA2MjRfMTIx%2FMDAxNjg3NjA3NzY4NDIx.zqn2kVQJerljC-LZTw808-5jZfBBFOCovSAA6YPecpwg.uNMkwmJaqfGlQ2JlTCyK5zcq3S1PChLw7e2nKFQnQb8g.JPEG.good5229%2Fisp20230622000234.jpeg&type=f54_54,True
1389,144,https://search.pstatic.net/common/?src=https%3A%2F%2Fldb-phinf.pstatic.net%2F20260508_113%2F1778234433499Xji9U_JPEG%2F%25BB%25E7%25B6%25FB%25B0%25A2%25B0%25E6%25BC%25BA%25B4%25EB%25C1%25A1%25BF%25C0%25C7%25C1.jpg&type=a340,True
1390,145,https://search.pstatic.net/common/?src=http%3A%2F%2Fblogfiles.naver.net%2FMjAyMDA0MjRfNTAg%2FMDAxNTg3NzMyNTczMDAy.0t8AHTnvAASIcAoVPR2UFQIsKytKLxE_eGqIKvSjsPMg.nVDEYMGGpDr5LSJuuhyV-JDwp5ua3os_rKLaVA8Z1lEg.JPEG.dinogoseong%2F2.jpg&type=a340,True
1391,146,https://search.pstatic.net/common/?src=http%3A%2F%2Fblogfiles.naver.net%2FMjAyNTEyMTdfMjY3%2FMDAxNzY1OTc2MTI3MDk3.kLLMbncPi_o71hYQz25mmBendZHW5rgMwikFLSuoMGog.yobDOgCw87UU80uTqu00E3CXOuhwf1gqbzE-fHyc1Isg.JPEG%2FIMG%25A3%25DF4102.jpg&type=a340,True
1392,147,https://search.pstatic.net/common/?src=http%3A%2F%2Fblogfiles.naver.net%2FMjAyMzA1MDRfMTQw%2FMDAxNjgzMTk3OTQ3ODY0.wiNbB3nLPcm7MrN2VWOEgovjULaTJpxWi5rBmuIIr-0g.9lQflzqq1_sbxy6xgoajcSRwljzIClYd1GzlyPoubVQg.JPEG.0201syl%2F20230504%25A3%25DF194501.jpg&type=ofullfill340_600_png,True
1393,148,https://search.pstatic.net/common/?src=http%3A%2F%2Fblogfiles.naver.net%2FMjAyNTA4MjRfOTcg%2FMDAxNzU2MDQxNjE0NDc0.tP77FjoLkalHms-oPb_CgnJyI4ctSx2XePxb5Ry-uPog.dBf3mGawBaFquFdnu9qjU-fAq_NcWmZ9M_GbwmkZFyYg.JPEG%2F20250822_211128.jpg&type=a340,True
1394,149,https://search.pstatic.net/common/?src=http%3A%2F%2Fblogfiles.naver.net%2FMjAyMjA1MjlfMjkg%2FMDAxNjUzODI4MzMwNzY5.Wndg3aw3wxP8vcYo0J2gb4a7MHe1GV7HCZG904JbInwg.QueWR25OuAZtXM5ZJBYy5y9hbslMve-1Jmpnw5QBA24g.JPEG.jbokk21%2FIMG_4932.jpg&type=a340,True
1395,150,https://search.pstatic.net/common/?src=http%3A%2F%2Fimage.nmv.naver.net%2Fblog_2023_04_03_405%2F81d99973-d219-11ed-9d98-48df379cca40_01.jpg&type=ofullfill340_600_png,True
1396,151,https://search.pstatic.net/common/?src=http%3A%2F%2Fblogfiles.naver.net%2FMjAyNDA5MTNfMTkw%2FMDAxNzI2MTg5ODEzMDUy.AQpkP4KBoa--v5Y-K4xWaEMvEaMU4ccK1BVnY-FvZnAg.Yyz6lGYmsAjhclatT4t4nKGE5-K5rGdX2HDRB3eB1ugg.JPEG%2F1.jpg&type=a340,True
1397,152,https://search.pstatic.net/common/?src=https%3A%2F%2Fldb-phinf.pstatic.net%2F20250629_199%2F1751174082168TtppI_JPEG%2FIMG_7358.jpeg&type=a340,True
1398,153,https://search.pstatic.net/common/?src=http%3A%2F%2Fblogfiles.naver.net%2FMjAyNDEyMjBfMzUg%2FMDAxNzM0NjcxMDE3NjI5.MfMamVH4H01e4ZKglZElCB1cfFXB2jVkBzxN57YxWoog.x7VCH0g83asyuySgrmN-IRvUWOaQ4QR9igNnvHT2ob8g.JPEG%2FIMG_9473.jpg&type=a340,True
1399,154,https://search.pstatic.net/common/?src=http%3A%2F%2Fblogfiles.naver.net%2FMjAyNTA3MTRfMTA0%2FMDAxNzUyNDgzNTQ5ODk1.E_VePUcvGk2FzZdCbzTtXINeC7blNs7O2YrtOmGskw4g.Mnh84uG3HwkGYTxuBCGDinH8ewqAinzLyUOG7Q7mqx8g.JPEG%2FIMG%25A3%25DF4493.jpg&type=a340,True
1400,155,https://search.pstatic.net/common/?src=http%3A%2F%2Fblogfiles.naver.net%2FMjAyNjA2MThfMTAy%2FMDAxNzgxNzY1MzY4ODcw.YkBA8sj9aktI8uYX7y53b_cOML85QWcJRTQ4pD62W5wg.OUDx9f8aL11c6byL0byussorYPJ1UTUznOaDH7qje5Ig.JPEG%2F%25B8%25D4%25B9%25E6%25B1%25E2%25B7%25CF%25C5%25B8%25C0%25CC%25C6%25B2%25C0%25C7_%25BB%25E7%25BA%25BB.jpg&type=a340,True
1401,156,https://search.pstatic.net/common/?src=http%3A%2F%2Fblogfiles.naver.net%2FMjAyMTAyMjhfMjQw%2FMDAxNjE0NDM4MDYwNDA3.qKVtjHxBXU0poPnq0_obQhmfu_O-t6uAXwlxLLv7Q3Eg.TBLDiPzXxOF4YckuNHepTE26pwdiytiaW22r02fxY6Eg.JPEG.mirori%2FKakaoTalk_20210227_214320146_02.jpg&type=a340,True
1402,157,https://search.pstatic.net/sunny/?src=https%3A%2F%2Fphoto3.enuri.info%2Fdata%2Fimages%2Fservice%2Fdnw%2Fmaster%2F16990000%2F16990646.jpg&type=a340,True
1403,158,https://search.pstatic.net/common/?src=http%3A%2F%2Fblogfiles.naver.net%2FMjAyNDA2MjZfMTEz%2FMDAxNzE5Mzk5NTUzOTE3.QpROA3NoZs3AcayoyN1L2tNw_xle8aN5V15c4gWEn8cg.QOAMujZRFttxOQ8R9bYN5KtIy1mrmTsufHFcy_001Ucg.JPEG%2F2024%25A3%25AD06%25A3%25AD26%25A3%25AD17%25A3%25AD10%25A3%25AD43%25A3%25AD953.jpg&type=a340,True
1404,159,https://search.pstatic.net/common/?src=http%3A%2F%2Fblogfiles.naver.net%2FMjAyMjEyMDVfODkg%2FMDAxNjcwMjI3OTg4MDUy.hBBRJSApOi_9YsY7q_p-Da3PTWUEYAYat0JQiASSB-4g.T5ZgWuWclya-snzy80B-dzl9kyJnW_yvNfzQHBtoRM8g.PNG.happyshoulder%2F%25C5%25AB%25C1%25FD%25B5%25C5%25C1%25F6%25B1%25B9%25B9%25E4.png&type=a340,True
1405,160,https://search.pstatic.net/common/?src=http%3A%2F%2Fblogfiles.naver.net%2FMjAyNTA4MjRfOSAg%2FMDAxNzU2MDA4NDAxMDc4.wL6ErZAMFt5oImf6ZncyxmsEkNfPF-bo9cVdbXI074Ig.3XERVJ00klTpbAuBlYA-oWPjnu4GMnsTc_Dafp00Tqwg.PNG%2F%25BE%25C6%25C0%25CC%25BA%25B8%25B8%25AE%25BB%25F6_%25B9%25E8%25B0%25E6_%25B0%25A5%25BB%25F6_%25BF%25A9%25B8%25A7_%25BF%25A9%25C7%25E0%25C1%25F6_%25C6%25E6%25BC%25C7_%25BC%25F7%25BC%25D2_%25C7%25AE%25BA%25F4%25B6%25F3_%25BC%25D2%25B0%25B3_%25C0%25CE%25BD%25BA%25C5%25B8%25B1%25D7%25B7%25A5_%25C6%25F7%25BD%25BA%25C6%25AE%25A3%25DF20250824%25A3%25DF130618%25A3%25DF0000.png&type=a340,True
1406,161,https://search.pstatic.net/common/?src=http%3A%2F%2Fblogfiles.naver.net%2FMjAyNDA5MjdfMTk5%2FMDAxNzI3Mzk5NDg5MjU2.5dbOesmjJDG4fup64KQ4WuGYtaSP00aoaumvDOiYTn0g.Wto26RfG92yOXXMylspu2W78Ure4QKJFVf2PDOxWjmUg.JPEG%2FSmartSelect%25A3%25DF20240927%25A3%25DF101120%25A3%25DFNAVER.jpg&type=a340,True
1407,162,https://search.pstatic.net/common/?src=http%3A%2F%2Fblogfiles.naver.net%2FMjAyNjA1MTdfNTMg%2FMDAxNzc5MDIyODAzNDQz.4FcwMo5fEaFWIBbN5YcsYnAHY-ZxckuiWZau1OL6_CMg.RQfxQhUhn1iVI1DvJWZATSO0UknwBGOyj9DqDyvHGkUg.JPEG%2FA2EC91CC%25A3%25AD4E3A%25A3%25AD46B2%25A3%25ADB279%25A3%25ADD29414E0162E.jpg&type=a340,True
1408,163,https://search.pstatic.net/common/?src=http%3A%2F%2Fimgnews.naver.net%2Fimage%2F5445%2F2018%2F11%2F30%2F20181130145213093512ec63abbd121136146204_20181130145251956.jpg&type=a340,True
1409,164,https://search.pstatic.net/common/?src=http%3A%2F%2Fblogfiles.naver.net%2FMjAyNDA0MTdfMjUz%2FMDAxNzEzMzM0NjA0NTQx.itFESlQFqHTGdiI_sjAkyvuxX8U55HMk7M0aBl3Snh4g.WJbsIjpokK5y8v_b-2VSsWns6CMaIjE6NPvqZxbLKokg.JPEG%2Fcu1713334595974.jpg&type=a340,True
1410,165,https://search.pstatic.net/common/?src=http%3A%2F%2Fblogfiles.naver.net%2FMjAyNTAxMzFfODIg%2FMDAxNzM4MzE4NTI2MjA3.PteGt2N3o4lp8xv3nOwDhFhoo43dyvVsz_Fr16RRM2og.NM3eaXHY73fbgzItEUmk0yEnAdeStdC3uRNPEln9SRIg.JPEG%2FIMG_4401.JPG&type=a340,True
1582,337,https://search.pstatic.net/common/?src=https%3A%2F%2Fshop-phinf.pstatic.net%2F20251203_139%2F1764688196574Q7RSi_JPEG%2F19215800155331388_1672225427.jpg&type=a340,True
1411,166,https://search.pstatic.net/common/?src=http%3A%2F%2Fblogfiles.naver.net%2FMjAxOTA2MDZfMTcz%2FMDAxNTU5ODA3MTczNDgz.Epbm8Nv9KKG-QZNeUIrVPosiQt2H-ZOs7-wrvUnWJ54g.bK2e3QXoKEeCJ4zBGXDSdqNKgQYm6W_dZVHnrrJr5Usg.JPEG.sajung94%2F2019-06-06-14-29-20.jpg&type=a340,True
1412,167,https://search.pstatic.net/common/?src=http%3A%2F%2Fblogfiles.naver.net%2FMjAyMzEyMjdfMTEy%2FMDAxNzAzNjA2Mzk4Njg1.ACD82HjZo8QZ_bzHWh9wLCr04DkhYZjFpOG9HBOyz4wg.oLyuL9uFlQKnnL1sm6QsPUaQZtbO0qDrUFopv45ujIwg.JPEG.o3764%2FIMG_6480.jpg&type=a340,True
1413,168,https://search.pstatic.net/common/?src=http%3A%2F%2Fblogfiles.naver.net%2FMjAyMDEwMThfMjA3%2FMDAxNjAyOTUwMDI0MzA5.Nv7Nay0_g7oFfzaJ1i4WB4LneqLna5C14FRXX-c9rj0g.v3DQReqQxthfGIZ3ADMOnnICw7efzaEZPbgBe46XXCcg.JPEG.dog4105%2FIMG_3523.jpg&type=f54_54,True
1414,169,https://search.pstatic.net/common/?src=http%3A%2F%2Fblogfiles.naver.net%2FMjAyMzEyMjdfMTY1%2FMDAxNzAzNjQ2OTI4OTY5.5JFjHMAtNrho70nWRAggpIFk4BjnAX9b1w654WF5HWsg.oJu4oF5PZUv8UefSgoXR47eyl6Da1Udw672BqB6t7fIg.JPEG.odeconame%2FKakaoTalk_20231226_154207628_08.jpg&type=a340,True
1415,170,https://search.pstatic.net/common/?src=http%3A%2F%2Fblogfiles.naver.net%2FMjAyNTEwMjVfMjY0%2FMDAxNzYxMzk1MTY4ODc5.d5jl8eDnsGr2bf_DvqFHJ88Oh5jNIWB5UBo4YtVK72Eg.Db6BuYwhgKHnJtfF0_ce8687SPHalCziz3RRD-D8Sxsg.JPEG%2FIMG%25A3%25DF9606.jpg&type=a340,True
1416,171,https://search.pstatic.net/common/?src=http%3A%2F%2Fblogfiles.naver.net%2FMjAxODA2MjhfMTM5%2FMDAxNTMwMTU3NzcyMzk1.XTnyqsVtE7gpbNUh5mL4mRjQ-XhrLsWZRL0sB9BnmaEg.qcAz00kwXSnef8ty10nTAm7G4DWic_ua6-m_pDdlB8og.JPEG.uinawe%2FSAM_9128.JPG&type=a340,True
1417,172,https://search.pstatic.net/common/?src=http%3A%2F%2Fblogfiles.naver.net%2FMjAyNTA4MTNfMjUy%2FMDAxNzU1MDQyNzQ0MjQ4.bpcdjvAYjwzA7m-L9r7AXIIyJX5lMSOcA5jn9LFMprcg.FtA46NTJTLAmnQxKX9vV814xQG5FSg2_v_ja8OnmezUg.JPEG%2FIMG%25A3%25DF7493.JPG&type=a340,True
1418,173,https://search.pstatic.net/common/?src=https%3A%2F%2Fldb-phinf.pstatic.net%2F20260223_85%2F1771847166143OsCBN_JPEG%2F1000000257.jpg&type=a340,True
1419,174,https://search.pstatic.net/common/?src=http%3A%2F%2Fblogfiles.naver.net%2FMjAyMTAzMjNfMjQ5%2FMDAxNjE2NTEwMTAxNjAx.W1MeEOajPzB4JF66N0D9mScThgqn7MSWfoLj5Bel46og.9ACU469gRYpQ8UXUQ7ZVeRO8OQlfAKYlqSmcgn588hIg.JPEG.hyemin4308%2F1616510056808.jpg&type=a340,True
1420,175,https://search.pstatic.net/common/?src=http%3A%2F%2Fblogfiles.naver.net%2F20110715_14%2Fbomi6403_1310729680278OpTK3_JPEG%2FIMG778.jpg&type=a340,True
1421,176,https://search.pstatic.net/common/?src=http%3A%2F%2Fblogfiles.naver.net%2FMjAyNjAxMjlfMTc2%2FMDAxNzY5NjEyODU2NjQ0.d1jS_NKfHso-KVp0bjDoOwbLoioQ5HaqrkMBf86EhyAg.FoBdgZvapQKoZsg8Fvev1S2-WF3A9mb1YluLsaiYXckg.JPEG%2FIMG%25A3%25DF9601.JPG&type=a340,True
1422,177,https://search.pstatic.net/common/?src=http%3A%2F%2Fblogfiles.naver.net%2FMjAyMjAyMTVfNzEg%2FMDAxNjQ0OTA5Nzg2MTg2.wOV6774zIkSoJebRdkh4pRx2d5RUIHJRtPpNCYm2mLAg.wPZ-eoTamPbdNcmwmD-gitJGfUino4xGQMstNEbNxYAg.JPEG.mildnessusan%2Fbatch_DSC04068.JPG&type=a340,True
1423,178,https://search.pstatic.net/common/?src=http%3A%2F%2Fblogfiles.naver.net%2FMjAyNTA4MjVfOTUg%2FMDAxNzU2MDkwNDI2NDk0.lz82ZbYtvainaXMN6N9xkknj92FFs9oJwuCBn50DGf4g.6-7KxhWF7Xu77DzByeloCD9sphzPcsMr50qWiwCvvjQg.JPEG%2F20250810_142530.jpg&type=f54_54,True
1424,179,https://search.pstatic.net/common/?src=https%3A%2F%2Fldb-phinf.pstatic.net%2F20200406_107%2F1586138208508zVGwK_JPEG%2Fk9yU6Sm_v1P9e8KM_kipqM9p.jpg&type=a340,True
1425,180,https://search.pstatic.net/common/?src=http%3A%2F%2Fblogfiles.naver.net%2FMjAyNjAxMjNfMjA5%2FMDAxNzY5MTAyMTE5ODY4.Pfywhll-WozQPbzGBIsvO8tR8weWKBerywBlgoSmyjcg.TOC7_GWZw2zcUlOicbAbLKFemXpSzx9qKmpdMyhKFaQg.JPEG%2FKakaoTalk_20260120_213730689_15.jpg&type=a340,True
1426,181,https://search.pstatic.net/common/?src=http%3A%2F%2Fblogfiles.naver.net%2FMjAyNDA3MjRfMzAg%2FMDAxNzIxNzg1NDY5OTQ2.SiNCjAbPc0M7opemRW4dxz-qoXcksP_4bdleqXXq68sg.uNiRbDWbvyzpgeK6xs5RywVHkL42FTE7Gzbfn9KRgMEg.JPEG%2F20240722%25A3%25DF112409.jpg&type=a340,True
1427,182,https://search.pstatic.net/common/?src=http%3A%2F%2Fblogfiles.naver.net%2F20160919_191%2Fid1057311_1474250899787WAN7n_JPEG%2F20160918_171209.jpg&type=l340_165,True
1428,183,https://search.pstatic.net/common/?src=http%3A%2F%2Fblogfiles.naver.net%2FMjAyNjAyMTJfMzcg%2FMDAxNzcwODQ5NTcwMzI1.ChohT70oY_yUAYEU8Mtw6ddJZnoJm1t5ovRAjIkdj_gg.GdeaErzPLajNke4-kaJDx1RmPMf3r1EcA8r0rrSoewEg.JPEG%2F900%25A3%25DF20260110%25A3%25DF140052.jpg&type=a340,True
1429,184,https://search.pstatic.net/common/?src=http%3A%2F%2Fblogfiles.naver.net%2FMjAyMzAxMjFfMjY5%2FMDAxNjc0Mjg1NTE0OTM0.z-etqmUstubWvdTnMkSHavkPqqON_ka2vWJYLos6FKUg.9OTx-E8YwdHTJtcsqd37945gH6YMIAXnCAYD2HvUM0sg.JPEG.inmes2%2FBE83FBEB-B1C4-4F79-9C5E-0103D37F7BE3.jpeg&type=a340,True
1430,185,https://search.pstatic.net/common/?src=http%3A%2F%2Fblogfiles.naver.net%2FMjAyNDA3MTNfMTgy%2FMDAxNzIwODgxMzExNDAz._9UFTJQet6LO4O_xnMdFO6Dc8_-_BEOgk0xSTAdK8Ywg.3QHXbHjLPNk2t5DMeHc2Fjp3ARId9HXl7aJhEd0dB9Ug.JPEG%2FIMG_8795.jpg&type=a340,True
1431,186,https://search.pstatic.net/common/?src=https%3A%2F%2Fldb-phinf.pstatic.net%2F20251010_43%2F1760078257625K9pR5_JPEG%2FIMG_2524.jpg&type=a340,True
1432,187,https://search.pstatic.net/common/?src=http%3A%2F%2Fblogfiles.naver.net%2FMjAyNTA1MjRfMTg4%2FMDAxNzQ4MDc2OTY0ODM1._P3ud5k-X5_iLsPUu4sawU9qd_-P-U2J93BrzAJpxJIg.qUnBWsZqxu_T-htqXEeDIAp6qKUUC7kzl1eL_e1-q3Ag.JPEG%2FIMG_5777.jpeg&type=f54_54,True
1433,188,https://search.pstatic.net/common/?src=http%3A%2F%2Fblogfiles.naver.net%2FMjAyNTA3MjNfMTM4%2FMDAxNzUzMjQ3ODQ0OTA5.-cOVVXg4z3CFpiaPVJTQIqhbCuFpjKcWmhPoCVYOsUkg.wxD34i2zOQIah5M55VBvQASD6_Cz5ELyCRGJODZ6rIEg.JPEG%2F900%25A3%25DF20250723%25A3%25DF124509.jpg&type=a340,True
1434,189,https://search.pstatic.net/common/?src=http%3A%2F%2Fblogfiles.naver.net%2FMjAxODA2MTlfNTMg%2FMDAxNTI5Mzg2MDYwNzAz.Lb3zXlSmNp4SQYlAPNl3eRM-rlbIaB20EwOaECxPwY4g.n4lll8Uf_v_LfOtC4LM8YmOIu97XaO2dp50lpmMcgkAg.JPEG.elect00%2FDSC_2383.JPG&type=a340,True
1435,190,https://search.pstatic.net/common/?src=http%3A%2F%2Fblogfiles.naver.net%2FMjAyMTAxMjRfMjIx%2FMDAxNjExNDYwNzM1ODgz._rUW4JDGpqSrku-vM51LLebigJmPf5PmrvnQRzb9urEg.uIxbDw7JmnYAXBcgvEGo21k1ZWD1n_a9qivoXODgqQYg.PNG.pizza_pizza%2Fimage.png&type=f54_54,True
1436,191,https://search.pstatic.net/common/?src=http%3A%2F%2Fblogfiles.naver.net%2FMjAyNjA0MzBfMjM3%2FMDAxNzc3NTIwMDI2Mzc0.901KbJcxrqpVvugt60QIp3rICM9pAA9u5PCVzaT4wfUg.mniM6rF3ESFotWwCsMGKZ7vG9SRBKjXRfwD_AVY1pg4g.JPEG%2F900%25A3%25DF20260328%25A3%25DF210725.jpg&type=a340,True
1437,192,https://search.pstatic.net/common/?src=http%3A%2F%2Fblogfiles.naver.net%2FMjAyNjAyMTRfMTY4%2FMDAxNzcxMDQ2NDk1OTgz.3NnxSGpy02XQOFaUselQEgIvrzYJdFfkzQBF38UlXu0g.I6g62dNLHpfkdzIOodoXJNqpRNkGaT7Q4yngBHYPeP0g.JPEG%2F%25C1%25A6%25B8%25F1%25C0%25BB_%25C0%25D4%25B7%25C2%25C7%25D8%25C1%25D6%25BC%25BC%25BF%25E4._%252843%2529.jpg&type=f54_54,True
1438,193,https://search.pstatic.net/common/?src=http%3A%2F%2Fblogfiles.naver.net%2FMjAyNjA1MTJfMjc2%2FMDAxNzc4NTU3ODczNzMy.UzPJqdLXz0hKp4t2prK2fM9WrdIeTROICx8b1Bu1fc8g.5VctuoPi7daCodttD_fj1kzCnNqUIFaTW_8G7IyU3rYg.JPEG%2F900_20260504_182110.jpg&type=a340,True
1439,194,https://search.pstatic.net/common/?src=http%3A%2F%2Fblogfiles.naver.net%2FMjAyNjA2MDJfMjE2%2FMDAxNzgwMzYxNDc2Njg1.XRs97MP5KhZQ4ur5BKf7wKd0G3OB6uXfp4X_ti55oeog.OB9QLK2BxMVcyV9LGVV-yUk3SCJnQYbRzgpu0-5pTdQg.JPEG%2FIMG%25A3%25DF9980.jpg&type=a340,True
1440,195,https://search.pstatic.net/common/?src=https%3A%2F%2Fldb-phinf.pstatic.net%2F20240117_112%2F1705481133421O7dru_PNG%2F%25BC%25F6%25C1%25A4_%25BB%25FD%25BC%25B1%25C4%25AB%25C3%25F7.PNG&type=a340,True
1441,196,https://search.pstatic.net/common/?src=http%3A%2F%2Fblogfiles.naver.net%2FMjAyMTAyMjZfMTUy%2FMDAxNjE0MzAzMDA2OTQw.0lBGMldKAacChoqVGs9wWWVKpC0V7rNTBYrXuyP-hT4g.XN87zPj0D5CVEkJSwhpUGrR1ABrVAQ1l_wzoQLnFX5Qg.JPEG.mochajava0%2F20210225%25A3%25DF170250.jpg&type=a340,True
1442,197,https://search.pstatic.net/common/?src=http%3A%2F%2Fimgnews.naver.net%2Fimage%2F5825%2F2026%2F05%2F19%2F0000048737_001_20260519103011621.jpg&type=l340_165,True
1443,198,https://search.pstatic.net/common/?src=http%3A%2F%2Fblogfiles.naver.net%2FMjAyMjAxMjdfMjc2%2FMDAxNjQzMjkxOTM2MjM1.y8UCxjPueakAHBB0OuKvXhKEEKBBQ6HfygVmkUllZeog.WpaLrw0AOJHxfDviVA4Z3wsYSKe8zsed3eCEpxeickgg.JPEG.futurebusan%2F1643291934976.jpg&type=a340,True
1444,199,https://search.pstatic.net/common/?src=http%3A%2F%2Fblogfiles.naver.net%2FMjAyNTEwMDdfNjQg%2FMDAxNzU5ODE4NTY5MzU0.QAscuhTxLVr31OI4bHg9O_PVvEtiERBwawjiKYWXXG8g.U9kSF5CQEeTFjnygkdF-2eavKvaM0CN0k7t3VLP0QxEg.JPEG%2F%25B9%25AE%25C7%25F6%25BF%25AC%25C5%25BA%25B0%25F6%25C3%25A26.jpg&type=f54_54,True
1445,200,https://search.pstatic.net/common/?src=http%3A%2F%2Fblogfiles.naver.net%2FMjAyNjAyMDhfMjUy%2FMDAxNzcwNTUyODExODEy.wqNGSn-2rjPn5onMETAj2-ELYh1rwnZlm2ZozvcK32gg.N9a5Zm5YjuJzWMDvjjHuoI2trsEu9f2ZA6NkcAxOihAg.JPEG%2F900%25A3%25DF20260208%25A3%25DF171941.jpg&type=a340,True
1446,201,https://search.pstatic.net/common/?src=http%3A%2F%2Fblogfiles.naver.net%2FMjAyMTAzMTNfMTg2%2FMDAxNjE1NTk1NzQzODg0.KtfvYwYwm0RR9m4MaYxD6GtoUh8iF77WD-PXo8K8BdIg.6fWlQBLgSXp27-BnRB05V1bp5hZ9ILw-u-7B_i_Oe9cg.JPEG.eunji22255%2F1615595288291.jpg&type=a340,True
1447,202,https://search.pstatic.net/common/?src=http%3A%2F%2Fblogfiles.naver.net%2FMjAyNjA1MDZfMTkx%2FMDAxNzc4MDIyMTk4MjQ5.WlC41Wbr2AnGlfLb3J9KlVUfFq4gE3FN4v3yeGDA6dEg.JN1trQSfrZxbUkXDtrW4Cdjiuxbj7DbD4_nrSaWAjv8g.JPEG%2FIMG%25A3%25DF3734.jpg&type=a340,True
1448,203,https://search.pstatic.net/common/?src=http%3A%2F%2Fblogfiles.naver.net%2FMjAyMzAxMTZfNDMg%2FMDAxNjczODExMzk3NDg0.jCsuooDMH8IIyJ1W7_AjA8Quac8mqHse8flxlIyViE4g.l9DSioq8TYj8cgF0irBM794WxT4BasDDKLGFg6umeqsg.JPEG.liberty2012%2F20230109_112938.jpg&type=a340,True
1449,204,https://search.pstatic.net/common/?src=http%3A%2F%2Fblogfiles.naver.net%2FMjAyNjA2MDNfMzQg%2FMDAxNzgwNDYxMTUzODYx.br7zD7Yt7GZ0ZIJ_Vzmfwo1LEc-W2-XVORIXrXNeXk8g.Avo9hgfzIoW26wfnKgUaZQVhUxC73MSt41clDsz4jfEg.JPEG%2FIMG%25A3%25DF4821.jpg&type=ofullfill340_600_png,True
1450,205,https://search.pstatic.net/common/?src=http%3A%2F%2Fblogfiles.naver.net%2FMjAyNTA5MDJfMjcg%2FMDAxNzU2ODAyMzQ3MjAw.MuSE--cV6AvIGPnZHizJziE3lqqwYGpK9MNA2B0iE6sg.RAejHvrZKKwEMJ9fCtXfq3FieWBMmg7FS2LPXrZ5POwg.JPEG%2FKakaoTalk_20250902_163552421_14.jpg&type=a340,True
1451,206,https://search.pstatic.net/common/?src=http%3A%2F%2Fblogfiles.naver.net%2FMjAyNDAyMTdfMzkg%2FMDAxNzA4MTYwODkzMzA1.8Cz10hG7-KRHexFaqYhI8A4XbRq3pA3iEBUOtcWZk9Eg.gaAfXQ--S7b3eCjNtwsb5Ne1ULb6XgGCSY9wtFNO4SIg.JPEG.eunbikkabi1013%2F20240217%25A3%25DF165017.jpg&type=a340,True
1452,207,https://search.pstatic.net/sunny/?src=https%3A%2F%2Fqquing.net%2Fdata%2Fupload%2Fmanga%2F2024_05_18f5ce591e94b2a07.png&type=f54_54,True
1453,208,https://search.pstatic.net/common/?src=https%3A%2F%2Fldb-phinf.pstatic.net%2F20250828_232%2F1756347923756Ixn1E_JPEG%2F%25B0%25F8%25B0%25A3003.jpg&type=a340,True
1454,209,https://search.pstatic.net/common/?src=http%3A%2F%2Fblogfiles.naver.net%2FMjAyNDA2MjBfMTk0%2FMDAxNzE4ODUxODg4MDM1.heClWph4uvMZeLHJ5TD2EWa5XeVDCj4B6rkEu4XcmHcg.eFqb75d7XD_viXWlsr7z3UmuBNfCiT_RxQQ2a7kCHH4g.JPEG%2FIMG_1199.jpg&type=ofullfill340_600_png,True
1455,210,https://search.pstatic.net/common/?src=http%3A%2F%2Fblogfiles.naver.net%2Fdata41%2F2009%2F4%2F16%2F80%2F1_hongn1.jpg&type=f54_54,True
1456,211,https://search.pstatic.net/common/?src=http%3A%2F%2Fblogfiles.naver.net%2FMjAyNTA3MDZfMjgg%2FMDAxNzUxODEyMDA2NTM5.jhsrfYrrdX7cgISxx0c-mZG2yUFULNE2RZ95HLrfiAQg.qkBvvcKxxEh7105kSXzVHGadeOx2k_pdgWsugtWNxeog.JPEG%2FIMG%25A3%25DF0139.jpg&type=a340,True
1457,212,https://search.pstatic.net/common/?src=http%3A%2F%2Fblogfiles.naver.net%2FMjAyMTAxMTJfMjIz%2FMDAxNjEwNDMwNzUzMjU3.uCDyJocFb_IK9msMbXJa74V3CJYAiEWsBTNPIyXjOsAg.CG1E359u5necz7I2Q77EXR3g_tY8-I_ezhwHYyl8TtEg.JPEG.bongz__%2FIMG_1729.jpg&type=a340,True
1458,213,https://search.pstatic.net/common/?src=http%3A%2F%2Fblogfiles.naver.net%2FMjAyMzAzMTBfMTY0%2FMDAxNjc4NDM1NDg4MTQ2.nGZxv1og0AAxy_pwf75racDMlV0zd_rRhNpKcL1u1okg.gFlkA0aLtbAPHzMllm-9E3aQzaPqNvskaHsREtftb_Mg.JPEG.eating0000%2Foutput_4083120586.jpg&type=a340,True
1459,214,https://search.pstatic.net/common/?src=https%3A%2F%2Fldb-phinf.pstatic.net%2F20200618_167%2F1592456668304eRaeS_JPEG%2F20tNdGyOmTZE_w1dbfkpkQSm.jpg&type=a340,True
1460,215,https://search.pstatic.net/common/?src=http%3A%2F%2Fblogfiles.naver.net%2FMjAyNDAzMDZfMjc2%2FMDAxNzA5NzM2NTIxNDM5.fiIeCNwl942jRlWC57ND_V4KG8fBPW74u9bDVgpoS1gg.rFnUr_ATh2ku8WrN-lPXeVr4fMb-m6m9E55CwqndTP0g.PNG%2F%25BD%25D6%25B5%25D5%25C0%25CC%25B5%25C5%25C1%25F6%25B1%25B9%25B9%25E4%25B4%25EB%25BF%25AC%25C1%25A1.png&type=a340,True
1461,216,https://search.pstatic.net/common/?src=http%3A%2F%2Fblogfiles.naver.net%2FMjAyNjA3MjFfMjgy%2FMDAxNzg0NTk0OTAwNTM5.MaLPaaUCPRKNW1bFGQOvGB8VXPHVQ-jW92frRyK_eMgg.O2rfUUs58pcEkesyQCc2f-u1SczM-YnPp817a_KLT4Ug.JPEG%2Fcover%25A3%25DF1784594892882.jpg&type=a340,True
1462,217,https://search.pstatic.net/common/?src=http%3A%2F%2Fblogfiles.naver.net%2FMjAyNTA1MjBfMjEz%2FMDAxNzQ3NzQyMzMyMDMz.5YeBtttUVmpvd-gvW3KtojuDASr6NIDbQ5O6DZ72X64g.uw0_4gGEH0f90G63bz0CYJkTxPC9hgqJo6M0swXLXEIg.JPEG%2FScreenshot%25A3%25DF20250520%25A3%25DF205710.jpg&type=f54_54,True
1463,218,https://search.pstatic.net/common/?src=http%3A%2F%2Fimgnews.naver.net%2Fimage%2F5472%2F2023%2F08%2F16%2F0000104995_001_20230816150202930.jpg&type=a340,True
1464,219,https://search.pstatic.net/common/?src=http%3A%2F%2Fblogfiles.naver.net%2FMjAyNjA2MjBfMjE1%2FMDAxNzgxOTU2OTcxMjMz.Vz0J234ird0tI6t9sKQ2ZvA5KVw3jfWliK0LTtB1ppQg.aClXkb5xQgtDER57bqLnunn1MilnCkXKe3IO6jmyLggg.JPEG%2FIMG%25A3%25DF7812.jpg&type=a340,True
1465,220,https://search.pstatic.net/common/?src=http%3A%2F%2Fblogfiles.naver.net%2FMjAyNjA3MTdfMjU5%2FMDAxNzg0Mjc1NDcwMDQ0.CiZ92bw1V2E4KUT3-K2GjVWStWd6nuZUXdvvyy07-cQg.I1naaf0S1k71QFYnsCRwjIUA1rxcwTmE3WbsPqfiBRQg.JPEG%2F900_1784275441709.jpg&type=a340,True
1466,221,https://search.pstatic.net/common/?src=http%3A%2F%2Fblogfiles.naver.net%2FMjAyNDA0MjNfMjA2%2FMDAxNzEzODM5MTY3MDk3.PatPCBoJmXm4mGN7fMdzlu89oiD9YgHnyYsCPF6xtVsg.i74KfSMi-wN6eP_ffe9Pu-u3bjBKWvgL5ShVqJZmSCUg.JPEG%2FIMG_2815.jpg&type=a340,True
1467,222,https://search.pstatic.net/common/?src=https%3A%2F%2Fldb-phinf.pstatic.net%2F20260601_23%2F1780290907896srW0L_JPEG%2F%25B8%25DE%25B4%25BA1.jpg&type=a340,True
1468,223,https://search.pstatic.net/common/?src=http%3A%2F%2Fblogfiles.naver.net%2FMjAyNDAxMTBfMTky%2FMDAxNzA0ODkwMjI1Mjk0.JZp-NzqxYfSzIAVI1DR4XWRPhY82pUeYCPzbh3nw1Pkg.4UZCsYjstd7JBrCeb7gx8N5CrRd1_kPKHgQINURm4cMg.JPEG.84131hot%2FScreenshot%25A3%25DF20240110%25A3%25DF012423.jpg&type=a340,True
1469,224,https://search.pstatic.net/common/?src=http%3A%2F%2Fblogfiles.naver.net%2FMjAxOTA4MTdfMjQ4%2FMDAxNTY2MDUzMjAzNjY2.FGtupsHHIKY6zTTJM5i4mvt2PcdXfuV_KbovwrgfXHwg.Igj2tzGo_pgSvuTAvV7C-TV4DUiqNrCtIRNZ49JNwq0g.JPEG.bbbuie75%2FKakaoTalk_20190817_231723777.jpg&type=a340,True
1470,225,https://search.pstatic.net/common/?src=http%3A%2F%2Fblogfiles.naver.net%2FMjAyNTA2MDNfMjQ3%2FMDAxNzQ4OTE1MDg2Njk0.ysQQ7HJS0hT6yJ3sFgY5uJv5IRChiIL8Ukuv_KLDKO0g.wxc3vyw_rvhi9qiaydCcxoxhXnP_fZmxcJZohAoHcqMg.JPEG%2Foutput%25A3%25DF1244771424.jpg&type=f54_54,True
1471,226,https://search.pstatic.net/common/?src=http%3A%2F%2Fimgnews.naver.net%2Fimage%2F5787%2F2020%2F12%2F30%2F0000023688_001_20210101172003988.jpg&type=f54_54,True
1472,227,https://search.pstatic.net/common/?src=http%3A%2F%2Fblogfiles.naver.net%2FMjAyNTExMTZfODMg%2FMDAxNzYzMzAyMTY2NDUz.0QQ_kH3cx8ikioixhMwB-Y5vMEGUsxmlfmJjffjrjz0g.I-Q4tEaaHantuzPfJx-midM4mzhq5uepyZiqTELQJnIg.JPEG%2Foutput%25A3%25DF1555456422.jpg&type=f54_54,True
1473,228,https://search.pstatic.net/common/?src=http%3A%2F%2Fblogfiles.naver.net%2FMjAxNzAzMjhfMjQ5%2FMDAxNDkwNzA4OTQ5Nzkw.KAPmCV9J9cc9i-HyJ8Izz5YvNnmLCKUG7y3Ab6GXnigg.yp1jX7t1CQHX08MiT1xjsO0Gvxxh9_cAAr0Tsp_hw6gg.JPEG.pkdudans15%2FKakaoTalk_20170328_224510444.jpg&type=l340_165,True
1474,229,https://search.pstatic.net/common/?src=http%3A%2F%2Fblogfiles.naver.net%2FMjAyNDEwMzBfMTMz%2FMDAxNzMwMjE3MDY5NTg1.IdEiKy8ngF7Lw7F8S5o4ce4aNB31rjzb5PcAS2d9lwMg.sGn2R6EVfrwFr3ZwZHQzqYFO1YPK0VAg2crrwmHJg3Mg.PNG%2FIMG_005055_0.png&type=a340,True
1475,230,https://search.pstatic.net/common/?src=http%3A%2F%2Fblogfiles.naver.net%2FMjAyNjA0MjZfMjUw%2FMDAxNzc3MjA2ODA0NDI0.J9a29bVSMwER0WnUNBp5mQm3yEEimEq9P2MXGm9Agmkg.51Yi8voxkKZWd3nNN16D6gwOT1Pc2UkBc5jiK6kDRYkg.JPEG%2FIMG%25A3%25DF8608.jpg&type=a340,True
1476,231,https://search.pstatic.net/common/?src=http%3A%2F%2Fimgnews.naver.net%2Fimage%2F5498%2F2025%2F09%2F25%2F0000344471_001_20250925192819786.jpg&type=f54_54,True
1477,232,https://search.pstatic.net/common/?src=http%3A%2F%2Fblogfiles.naver.net%2FMjAyNjA2MTlfMjIg%2FMDAxNzgxODU2OTI0MDk2.DNSs7XDpe-nfhnZKRhrjZq-TuBLT7OS4l41Gu4sFGuEg.Nptn_hOWzJpfoTbCrbA3c1C-_a_H7J8s_N2Ez_OHVGIg.JPEG%2F%25B4%25D9%25BF%25EE%25B7%25CE%25B5%25E5_%252822%2529.jpg&type=a340,True
1478,233,https://search.pstatic.net/common/?src=http%3A%2F%2Fblogfiles.naver.net%2FMjAyNjAxMTFfMTA1%2FMDAxNzY4MTQwMzQ4MjY1.OqvqFrkFQmL1OfQIu3Cop34KMwaqfCcQI2w3MRHkJgQg.LPyOe58TR5h1SbruqkMinDPCR6UL_ql0X3RDU6pzvLwg.JPEG%2FIMG%25A3%25DF0909.JPG&type=l340_165,True
1479,234,https://search.pstatic.net/common/?src=http%3A%2F%2Fblogfiles.naver.net%2FMjAyNjAyMjZfMjk4%2FMDAxNzcyMDc2NTk4Mjg0.RjlHzVPzhHdPd6mZcO6G-5iRkCrU7yQSpRJQR7dB-RIg.zNusnN0iEs4FQFcX6kxS2CGajiMvS9z25a8ByodkF5Eg.JPEG%2FIMG%25A3%25DF7909.jpg&type=a340,True
1480,235,https://search.pstatic.net/common/?src=http%3A%2F%2Fblogfiles.naver.net%2FMjAyMjAxMDZfMzEg%2FMDAxNjQxNDM1OTMyNjAy.wKGHuYvwDetbrPD1dNtuuGp-Vmkc4I4tVXjY81oTGVkg.cIE1K7I9H_i9g5N0CSWQkyRVmDjF_sbRYQGBKDyDcAsg.JPEG.anjel288900%2FIMG%25A3%25DF20220102%25A3%25DF144327%25A3%25DF616.jpg&type=f54_54,True
1481,236,https://search.pstatic.net/common/?src=https%3A%2F%2Fldb-phinf.pstatic.net%2F20250401_237%2F1743480542526L1WC6_PNG%2FIMG_3010.png&type=a340,True
1482,237,https://search.pstatic.net/common/?src=http%3A%2F%2Fblogfiles.naver.net%2FMjAyNjAzMjNfMTAw%2FMDAxNzc0MjY2NDU3MDAw.SjuIBbwf8Dt6yhNXOLkQiuEXGrRadKdWMXDKTX8AwkMg.HON9Yk3Jv_bQLaHJxc6lalN4o2HWJ7xBQoDVfKpl2Xgg.JPEG%2F10_final.jpg&type=a340,True
1483,238,https://search.pstatic.net/common/?src=http%3A%2F%2Fblogfiles.naver.net%2FMjAyNjAzMTZfMSAg%2FMDAxNzczNjI5MDc0Mzc4.ZA7AdTFdtQ2E9GWpbKzRdKQUHjcl4zvGmqxjOc8VYnog.nqebTtCXDbNq849RlV2GGMH4eGvyd5cCb8eL9zVv9GUg.JPEG%2FIMG%25A3%25DF7789.jpg&type=a340,True
1484,239,https://search.pstatic.net/common/?src=http%3A%2F%2Fblogfiles.naver.net%2FMjAyMDA2MzBfMTQ4%2FMDAxNTkzNTA1OTk0MzQ3.GuXoIXfEwF3Dke_0nQHWoEvPldL2oW9YpsVljDm_r9og.huNjWJokt_i0D10l_B7fIJ6UCTIgMsUtpqPFA_CiE0Eg.JPEG.jyujin43%2FIMG_3516.JPG&type=a340,True
1485,240,https://search.pstatic.net/common/?src=http%3A%2F%2Fblogfiles.naver.net%2FMjAyNTA1MDVfMjcw%2FMDAxNzQ2NDEwNjM0MDcw.E6btx4pg_U4SrCvOQPsoZTgcuiqFC2YQ323ejRz73LIg.sING6ht3M8semytn7YpdIMM_Sl488MR7T4XXgQVkkNMg.JPEG%2F%25BE%25DF%25B1%25B81_%25BF%25E4%25B1%25E2_%25BA%25A3%25B6%25F3_%25BF%25E4%25BE%25E0.jpg&type=f54_54,True
1486,241,https://search.pstatic.net/common/?src=http%3A%2F%2Fblogfiles.naver.net%2FMjAyNDA0MjBfMjI2%2FMDAxNzEzNTc2Nzg0MDE1.Y0gulco7mrsMpCUdu5uSO7q7FT4UrQQUI7rIhJiHvVUg.JUAdyYaCNY9ahfQPZhPFyos_HsuJIPrMV7vRdLw7Ay0g.JPEG%2F%25C0%25D4%25B1%25B8.jpg&type=a340,True
1487,242,https://search.pstatic.net/common/?src=http%3A%2F%2Fblogfiles.naver.net%2FMjAyMDExMDZfMjYx%2FMDAxNjA0NjI5OTQxNjM1.vYAiu8mYgzcsaWFYCAV5CvWkxFUk0MvUVK3v7BOYx3Ug.09sCbml1IvNjH0x1Pxp00S864E6NYv8exl7tCgoFys0g.JPEG.jayoon08142%2F20201103%25A3%25DF190502.jpg&type=a340,True
1488,243,https://search.pstatic.net/common/?src=http%3A%2F%2Fblogfiles.naver.net%2FMjAyNDA3MjVfMTI4%2FMDAxNzIxODg0OTY2NDQ1.NS9bgGdV2OyPESoUSIOhFy71MsZQmL4fkLEJC980Kwsg.uHxkQ8ChqbQ8hCMvc2XywLOL88AnygqT7NtsdgDsaEQg.JPEG%2F20240725%25A3%25DF132459.jpg&type=a340,True
1489,244,https://search.pstatic.net/common/?src=http%3A%2F%2Fblogfiles.naver.net%2FMjAxOTA2MDVfMjk0%2FMDAxNTU5NzA4OTIxNTEw.T_Ac0LOQk7hM6tnRvz4ZBl2t7FzZtobaF_3uWnsniUUg.EObgsuGIPe5HBlHVdDniwFutd26GVf5VMvaMSDxjwjAg.JPEG.jmad602%2F20190604_184910.jpg&type=f54_54,True
1490,245,https://search.pstatic.net/common/?src=http%3A%2F%2Fblogfiles.naver.net%2FMjAyMTAzMjFfNDAg%2FMDAxNjE2MzI0MTE0ODE3.2zh6THEnbmOV2sf8FNYLNTCJ8zLSiUCQ8j9kER6hnzMg.Sn6IclEMT9kh35I_o1WCqarj28YcVSzmkTGycK6lYsYg.JPEG.h00476%2F%25BA%25ED%25B7%25CE%25B1%25D76_%25B4%25EB%25C7%25A5%25BB%25E7%25C1%25F8_%25A4%25B7%25A4%25B5.jpg&type=a340,True
1491,246,https://search.pstatic.net/common/?src=http%3A%2F%2Fblogfiles.naver.net%2FMjAyNTA5MDFfMTUx%2FMDAxNzU2NzI2NDMwMTQ0.8N3MG-2ygt1oA_0PV8JX5bJclIBjKtFs9b97p1xgOa0g.opi-mWOD2Vrvf53_43FTfWGQnat7S92IqqZj29TYx-wg.JPEG%2FIMG%25A3%25DF1451.jpg&type=a340,True
1492,247,https://search.pstatic.net/common/?src=http%3A%2F%2Fblogfiles.naver.net%2FMjAyNjA2MDFfMjg2%2FMDAxNzgwMzIzOTMzNTA3.5WCJVSZVgp2ZyKMA_c63JTpLi1UA8yMNzYnGjBirA4gg.zKJ1o9pQcqYd1FeSfNVMBO5v1xFliEIXSQ_Sx5ajZ3Ig.GIF%2FKakaoTalk_20260531_222203695_05.gif&type=ofullfill340_600_png,True
1493,248,https://search.pstatic.net/common/?src=http%3A%2F%2Fblogfiles.naver.net%2FMjAyMjAzMTRfMjQ0%2FMDAxNjQ3MjY0ODE2MTUx.hZ8uf0R6m4dm4VuBUDLFq34235oeeSXwkgjmm8qwuRQg.UySYlxOOLvmaIxJxO8BATtltsK-XnFLBwaN_yCtZXbcg.JPEG.guni4811%2F20220313%25A3%25DF130128.jpg&type=a340,True
1494,249,https://search.pstatic.net/common/?src=http%3A%2F%2Fblogfiles.naver.net%2FMjAyMjA1MDdfMjAw%2FMDAxNjUxODUxNzYwODE1.XHdR_Bje6iV7o_scuNcD3gUNXn2x6Xet4fg4AiaQWuYg.Rx6uUIPq4R0c6MQs4NGGttNob3LYieTTv001Jsoazacg.JPEG.tjfghk0414%2FKakaoTalk_20220507_002359917.jpg&type=a340,True
1496,251,https://search.pstatic.net/common/?src=http%3A%2F%2Fblogfiles.naver.net%2FMjAyNDExMjdfMTE5%2FMDAxNzMyNzA5NTI1MjQ1.UmkI200kFFfsQC7UvsX-01mXbyYoNH71dV_MQfZy0o8g.qP0hangl9lFaWRHbtaWePjwe7rOR5gbt-OgGeLW-v-Qg.PNG%2Fimage.png&type=f54_54,True
1497,252,https://search.pstatic.net/common/?src=http%3A%2F%2Fblogfiles.naver.net%2FMjAyMzA2MjBfMjk1%2FMDAxNjg3MjYyODM5MjQ4.hDwrUClkwBP4CQ5sE8Udts3aGPHkA9Ry63PWf-ub-Ygg.Ts1BQueDyOBbfXAwxb-LrxrHmIAb26O_hqpqdnYvEJMg.JPEG.sjh10120901%2F20230620_120755.jpg&type=a340,True
1498,253,https://search.pstatic.net/common/?src=http%3A%2F%2Fblogfiles.naver.net%2FMjAyNjAyMTBfMjUg%2FMDAxNzcwNzIzNjY4OTgz.nuzc1q1Ju_Nlt62oo0441wzjdTYbt7qIG-8CrXWCSrYg.cjaOa-wpqPb8f2brtWCznKpYclRhii7qfDwSC_dOaY8g.JPEG%2FIMG%25A3%25DF3101.jpg&type=a340,True
1499,254,https://search.pstatic.net/common/?src=https%3A%2F%2Fldb-phinf.pstatic.net%2F20230605_41%2F1685938482376YO7bV_JPEG%2FIMG_6419.JPG&type=a340,True
1500,255,https://search.pstatic.net/common/?src=http%3A%2F%2Fblogfiles.naver.net%2FMjAxNzAzMTBfMTEz%2FMDAxNDg5MTMyMjA0NzIx.lq-OOnefFpAvBL_VBCAgUPhpuArqKNLdW_p00_PpiMUg.7QUOd-EXfIXlX9Mp1ETBYWLDV3iPxcO9UDZl26fhkeEg.JPEG.marja486%2F72339_52435_150_99_20160815201606.jpg&type=f54_54,True
1501,256,https://search.pstatic.net/common/?src=http%3A%2F%2Fblogfiles.naver.net%2FMjAyMTA0MjZfMjE3%2FMDAxNjE5MzY4MzI4NjA3.6CObkaHeQvOqg2vCTPh_NuJFV6PZksYjJFwJSTjciU8g.GiUt2hAyYE_m-vKyrc6yQbCuJHAWHbF6EGG9Ft_Dkw8g.JPEG.jinsblog%2FScreenshot%25A3%25DF20210426%25A3%25AD013142%25A3%25DFSamsung_Internet.jpg&type=a340,True
1502,257,https://search.pstatic.net/common/?src=http%3A%2F%2Fblogfiles.naver.net%2FMjAyMTAzMjNfMjQz%2FMDAxNjE2NTA0NDM1NTEw.ZTQEAoKclrvd8KS6irnW-czgy5f32hJuJobHIRZRaKAg.vHPCCmqpa3Ilflybg-vNszomPi2DoBdvDutC0vOL0Akg.JPEG.kkg4547%2F20210323%25A3%25DF173309.jpg&type=a340,True
1503,258,https://search.pstatic.net/common/?src=http%3A%2F%2Fblogfiles.naver.net%2FMjAyMDA1MjFfMTU1%2FMDAxNTkwMDU2MTAyNjE2.aM7_OBh7DOkk6qz8-3Exp490yPmb0Fq0Ryl8woxBV0cg.yRGoj2Ce9gdmKDiYM_gEwnkW7OaLdUIukQNHwyeldG4g.JPEG.gison%2F1590055995967.jpg&type=a340,True
1504,259,https://search.pstatic.net/common/?src=http%3A%2F%2Fblogfiles.naver.net%2FMjAyNjAyMDhfMjkx%2FMDAxNzcwNTQ3Mjk4NDI2.hHQhuSWXXV5EQ30TnC2UkirneYNfCt8vfI1jpybnxoMg.ksFB9rGWdPRvUqhy07T5OHcUHPtlCrIdoD4XG4352tkg.JPEG%2Foutput%25A3%25DF4159537362.jpg&type=a340,True
1505,260,https://search.pstatic.net/common/?src=http%3A%2F%2Fblogfiles.naver.net%2FMjAyMjA5MjlfMTAg%2FMDAxNjY0NDUzNTMyNTk2.s9UJia6OVNdKM_KNppNPtHcwldbkeLrLB6TOy_iJyYUg.6g0krwG3_U84daBzFa69upLjy1HEsXQ9Uq3bOW0ydXcg.JPEG.wjy0325%2FIMG_1545.JPG&type=a340,True
1506,261,https://search.pstatic.net/common/?src=http%3A%2F%2Fblogfiles.naver.net%2FMjAyNTA3MjhfNTYg%2FMDAxNzUzNjk0Mzk3Mjc4.coh_S_yya_riyn8XF-8HeN9fDUBOAmB-uxh7maJNYIwg.flxo9xnUsZw_vaYT7nhLlmoT-ZbBuTZ9GOZ7wdmXgMQg.JPEG%2F900%25A3%25DF20250728%25A3%25DF112713.jpg&type=a340,True
1507,262,https://search.pstatic.net/common/?src=http%3A%2F%2Fimgnews.naver.net%2Fimage%2F5334%2F2026%2F02%2F27%2F0000271191_001_20260227084413227.jpg&type=a340,True
1508,263,https://search.pstatic.net/common/?src=http%3A%2F%2Fblogfiles.naver.net%2FMjAxNzExMTFfNTcg%2FMDAxNTEwMzM2MTc5NzAx.-pYc34N-hAXtfBGH7HF6VBNDCpiTNL-PfKYQMq4-bIkg.WKo3JwbAu4iDnhirgr03Ok200HqDV24o2ymNTxUjK4gg.JPEG.muckstar%2F%25B0%25E6%25BC%25BA%25B4%25EB%25BA%25CE%25B0%25E6%25B4%25EB_%25C6%25C4%25B4%25CF%25B4%25CF%25BD%25A3.jpg&type=a340,True
1509,264,https://search.pstatic.net/common/?src=http%3A%2F%2Fblogfiles.naver.net%2FMjAyMjEyMjVfMTY3%2FMDAxNjcxODk0NTExNzEy.z1yxHbl3o2WlUu1i9Z3e-2Mx_WMJEi6IbuGG9YgPetYg.F7nUFD9vr7gzfODGHKsOH_jlNoaSflpdQNcgkG-7hLog.JPEG.h_jing%2FIMG_1003.jpg&type=a340,True
1510,265,https://search.pstatic.net/common/?src=http%3A%2F%2Fblogfiles.naver.net%2FMjAyMjA5MTBfMTk2%2FMDAxNjYyNzc0MDY0MTU4.ok8sMa3loujPSyAWpiETuyEJSLH8DeyWZ2G6018E6hkg.e6PCSnlwO_5ngF_k4arjLnDqvMgFdZYzTdbYYN-zO18g.JPEG.sh7720%2F20220806_132103.jpg&type=f54_54,True
1511,266,https://search.pstatic.net/common/?src=http%3A%2F%2Fblogfiles.naver.net%2FMjAyMDA4MDFfNiAg%2FMDAxNTk2MjU0MTkyNjEz.mWjOG24TvwEx6dFYmkMiwtte0YbqIzgglz1-NHCgwFog.DyQGTxSif_1KZ8kd9eNh5Igg-ws2ClpxmPzm6ihC6TYg.JPEG.willbesgosi%2F20200724_203425.jpg&type=a340,True
1512,267,https://search.pstatic.net/common/?src=http%3A%2F%2Fblogfiles.naver.net%2F20101213_110%2Fibbi0509_1292168244645fUeNp_JPEG%2FIMG_4747_%25BB%25E7%25BA%25BB.jpg&type=f54_54,True
1513,268,https://search.pstatic.net/common/?src=http%3A%2F%2Fblogfiles.naver.net%2FMjAyNTExMDhfMTY3%2FMDAxNzYyNjEzNjM3MTY3.RidHFzPPZG6ZvtgppmGAJoucSKY_OYh1ccMOeeDBAeIg.VEa3_SsxfdRbDt2V_Uchru94X1NmFLKzwQXAXXnHMk0g.GIF%2FCLIP%25A3%25DF1762610281584%25A3%25A81%25A3%25A9.gif&type=a340,True
1514,269,https://search.pstatic.net/common/?src=http%3A%2F%2Fblogfiles.naver.net%2FMjAyMTA5MThfMjky%2FMDAxNjMxODkyOTQ0ODU1.vc41JIOtBmG-eqefXcq1DL6KPN_wmH6HdBR1d8CpBksg.4i1gdfRj2Vj6gbrIwGBcSvjUpu1cNqNCKL7mZlM_dLUg.JPEG.gozxcvb%2Foutput_107801832.jpg&type=a340,True
1515,270,https://search.pstatic.net/common/?src=https%3A%2F%2Fldb-phinf.pstatic.net%2F20210205_290%2F1612504017992eqFE4_JPEG%2FTbsAP2Y9epe1aE2u61KvWNrw.jpg&type=a340,True
1516,271,https://search.pstatic.net/sunny/?src=https%3A%2F%2Fdynamic-media-cdn.tripadvisor.com%2Fmedia%2Fphoto-o%2F26%2F12%2Ff6%2F84%2Fpremium-quality-for-everybody.jpg%3Fw%3D1400%26h%3D-1%26s%3D1&type=a340,True
1517,272,https://search.pstatic.net/common/?src=http%3A%2F%2Fblogfiles.naver.net%2FMjAyNTA1MjNfMTI3%2FMDAxNzQ3OTc2NzY4NzI2.GW0Ywc5vfo4eXdRu3fqcomITjNyZrkUt9VMpa1msCzMg.sp4Nrw40V168FGt8Nk3BIN5TpNuS4eA2H_Q81MNGvM0g.JPEG%2F1.JPG&type=a340,True
1518,273,https://search.pstatic.net/common/?src=http%3A%2F%2Fblogfiles.naver.net%2FMjAyMjA4MzBfNzcg%2FMDAxNjYxODQ2MzQ0MTU0.10aM-NBPiYbnwZDY8e9t_sXtVTYKc2aJyUWo0lf5lKMg.K9ZlKUGBz_vNBcVdGaotqrrPQrwj6zvCMiV0cOa969Mg.JPEG.mymelody9499%2F20220830%25A3%25DF154425.jpg&type=ofullfill340_600_png,True
1519,274,https://search.pstatic.net/common/?src=http%3A%2F%2Fblogfiles.naver.net%2FMjAxOTAxMDFfMTEg%2FMDAxNTQ2Mjg1MDAyMjkw.A4JXWiZAufMcGfGS0zVEwkCu8oYhrsnNy2LVZix9Z8Yg.eYH03M2-pt2bDW9E4C90ewvORdy9KubDfBJ4Ct3ulYQg.JPEG.gkwlgus0361%2F20171120_210658.jpg&type=a340,True
1520,275,https://search.pstatic.net/common/?src=http%3A%2F%2Fblogfiles.naver.net%2FMjAyMjAxMTlfMjc0%2FMDAxNjQyNTUyMDI3MjMx.GC2vIPvtwEc-2_tPKgjzXyg03AKz7gprMQkSMm8Vg5Ig.sIQs_yqWP_5Qk2n5fJGp8NdqormvGFTbQVazNslaL8cg.JPEG.skjkhj%2F1642552014564.jpg&type=a340,True
1521,276,https://search.pstatic.net/common/?src=http%3A%2F%2Fblogfiles.naver.net%2FMjAyNDA3MTBfMTIz%2FMDAxNzIwNTY3NDIyMTcw.XA6PwO91MmgyfN3CBWC3-__AERzttppn_2st5xb24rQg.TbCGSpKSnQGolni82quxdSEohVCwUiSnKMIO679ZooIg.JPEG%2FIMG_6632.JPG&type=a340,True
1522,277,https://search.pstatic.net/common/?src=http%3A%2F%2Fblogfiles.naver.net%2FMjAyNTA0MDNfNTYg%2FMDAxNzQzNjg0NzQ1MDM2.4_DtmYmGRMR3gZadnzGREgGyH3m6QBrFJCmpQ7Zlgyog.Rlg9gzthIt_7cgprMXAvJOgyxHBaSZqzCxAgTMoxa1Yg.JPEG%2F650%25A3%25DF1743684744202.jpg&type=a340,True
1551,306,https://search.pstatic.net/common/?src=http%3A%2F%2Fblogfiles.naver.net%2FMjAyNDEwMTBfNCAg%2FMDAxNzI4NDkyNzc3MjM4.8c7p5lB8Tg6hs3rm2IuO4IIyN5rF1f2W2fjWxJB66Mgg.QLeLWI9h-QWrGZAS3RweOjyT-HRnszbgFCkiZWvn_Hcg.JPEG%2FIMG_7777.JPG&type=f54_54,True
1523,278,https://search.pstatic.net/common/?src=http%3A%2F%2Fblogfiles.naver.net%2FMjAxNzExMTFfNjAg%2FMDAxNTEwMzM2MTc2ODA1.dtWnPczzJ312yF23meji7DQ95kPiXyRPRwSLcR-UZnYg.BrXp_KuUYRARsMEw8J4rMgAGY70olfXmHmAszrguH5og.JPEG.muckstar%2F%25B0%25E6%25BC%25BA%25B4%25EB%25BA%25CE%25B0%25E6%25B4%25EB_%25C6%25C4%25B4%25CF%25B4%25CF%25BD%25A34.jpg&type=a340,True
1524,279,https://search.pstatic.net/common/?src=http%3A%2F%2Fblogfiles.naver.net%2FMjAyNTEyMTVfMTA2%2FMDAxNzY1Nzc3MTE3MzI5.Wp_3WxQoyKioSMptGytUEA-fpT3iExHrMD5R4YyAWWUg.rpta9pP8M2a3-xMPXhiXv4GoB7avhLKT7LweR3Eq5Fwg.JPEG%2FIMG%25A3%25DF2861.jpg&type=a340,True
1525,280,https://search.pstatic.net/sunny/?src=https%3A%2F%2Fs3-ap-northeast-1.amazonaws.com%2Fdcreviewsresized%2F20200629055942_photo1_6b8cf70e0d4c.jpg&type=a340,True
1526,281,https://search.pstatic.net/common/?src=http%3A%2F%2Fblogfiles.naver.net%2FMjAyNDEwMzBfMjcg%2FMDAxNzMwMjU5NjY2Mzg0.euXvO2t1_i1sr_xu0kiEDN-5BzsDl6qmXN9kIcpGK2sg.AGkkDLb4D_hQlMyQvO5b7_qECBMgpeTKdvZdZ7YFqCkg.JPEG%2F20241029%25A3%25DF172146.jpg&type=a340,True
1527,282,https://search.pstatic.net/common/?src=http%3A%2F%2Fblogfiles.naver.net%2FMjAyNTA5MDVfMTQy%2FMDAxNzU3MDgzOTMyNTgy.R4Z7uXWB1tKSDsaEiBRNKHmwECMFoBauKZzQJPwOvcIg.aXkhS6Himrx35E7aixJ3oXLCL19JWJX0LKkQZjHYs-kg.JPEG%2FIMG%25A3%25DF2723.jpg&type=a340,True
1528,283,https://search.pstatic.net/common/?src=http%3A%2F%2Fblogfiles.naver.net%2FMjAyNTEyMDZfMjMg%2FMDAxNzY0OTQ4OTc2ODIz.F6lrFAg-Djgz_FB4Rz0SF8b47N-kXUPlG4sjRHK3u9Ig.jwzfYwRmHYkpinIJ1GsxbJDEq2A31b85Bgn8_zpD-pog.JPEG%2F900%25A3%25DF1764948976118.jpg&type=a340,True
1529,284,https://search.pstatic.net/common/?src=https%3A%2F%2Fldb-phinf.pstatic.net%2F20250821_34%2F1755768019460slb1O_PNG%2F3827.png&type=a340,True
1530,285,https://search.pstatic.net/common/?src=http%3A%2F%2Fblogfiles.naver.net%2FMjAyNjA3MDZfMjgw%2FMDAxNzgzMzM5NjgyMzIy.e97ud4TcGRk9vHuomNU1vNpr1vfa-w5xh5Uz4cojpOgg.o8CMLt-xOCW3Vx_ZZACiSgXq-vvMk_7k5L58W8JYmlog.JPEG%2Foutput%25A3%25DF2519831716.jpg&type=a340,True
1531,286,https://search.pstatic.net/common/?src=http%3A%2F%2Fblogfiles.naver.net%2FMjAyNjA2MDRfODEg%2FMDAxNzgwNTUzODU4NDc2.qLwqz3EM6ncVYTasgmXpwDSKuIznheYH7lpm-czeXggg.bIvaPSjbixhZD9Oj9EtU_6UP-j3Sh4rhTQAkVUZXVMgg.JPEG%2FIMG%25A3%25DF6866.jpg&type=a340,True
1532,287,https://search.pstatic.net/common/?src=http%3A%2F%2Fblogfiles.naver.net%2FMjAyNTA0MTVfMjA3%2FMDAxNzQ0NzA4NTA1MTQz.eX1Ptx4DStfOujF7tXhKUWPUaDggQuTnpM69c3iAxJsg.LYMZ9GrR1mtcuHF1iEz2RdKBs4wSg0tegMJ2cIzqg-kg.JPEG%2F%25B0%25AD%25B8%25AA%25BF%25A9%25C7%25E0_%25285%2529.jpg&type=a340,True
1533,288,https://search.pstatic.net/common/?src=http%3A%2F%2Fcafefiles.naver.net%2FMjAxNzA1MTlfMTA4%2FMDAxNDk1MTU3NjEyNjE1.S3O5DhsuySYGMfrr0Y8-Jg0Bq793Sdtdj9O4PUXRaTkg.mi-GLF_3a0E4sB_1xx0omhNZCWBwC5iIP50m-WtSUI8g.JPEG.zizizi0219%2FexternalFile.jpg&type=a340,True
1534,289,https://search.pstatic.net/common/?src=https%3A%2F%2Fldb-phinf.pstatic.net%2F20260325_19%2F1774402879154kFvMe_JPEG%2FKakaoTalk_20260319_231647511_16.jpg&type=a340,True
1535,290,https://search.pstatic.net/common/?src=http%3A%2F%2Fblogfiles.naver.net%2FMjAyNDA4MTRfMjA4%2FMDAxNzIzNjQyNDQyNTk5.7EargYPy4qfhT0v6GrJG3JjuU9ljv9ZNRBu2-ZJWz-cg.ZZOVdwZMYEmC_YAWyhHWHszONaSIefWBT22dYpM_GzYg.JPEG%2F20240812_175423.JPG&type=a340,True
1536,291,https://search.pstatic.net/common/?src=http%3A%2F%2Fblogfiles.naver.net%2FMjAyMzA4MDlfMjQw%2FMDAxNjkxNTQyMDM5NTcz.QHxv0x2uB2KMxXmap8pFhF2HmeCBXtcgbBWm2l0wh_Ig.9CqIKp4MsQbbKWTrmg-nrnwIoIGPzz3cspa1jCCQIfAg.JPEG.bzzi29%2F20230808%25A3%25DF194320.jpg&type=a340,True
1537,292,https://search.pstatic.net/common/?src=http%3A%2F%2Fblogfiles.naver.net%2FMjAyNTA2MTdfMzgg%2FMDAxNzUwMTMyMDk4OTU0.9SQEq5NasCW5VXKQuqxJZBXadO8mJyX0enIXGjhy-oUg.TwWDyKOofYXYmSEdQQ4D8R43k1YHniu6RWe0ytwLdY8g.JPEG%2FIMG%25A3%25DF7610.jpg&type=ofullfill340_600_png,True
1538,293,https://search.pstatic.net/common/?src=http%3A%2F%2Fblogfiles.naver.net%2FMjAyNTA3MDVfOTUg%2FMDAxNzUxNzAyNjg2MTAz.fRQ6EM88brm6M3kknKt0KZFh6n4y5oLNIcs4YoUAMSQg.iu2XtCPvdgRecgQyd1y26LT4eoY_WtdFe9jzg03MVtAg.JPEG%2FIMG%25A3%25DF5784.jpg&type=f54_54,True
1539,294,https://search.pstatic.net/common/?src=https%3A%2F%2Fldb-phinf.pstatic.net%2F20250608_103%2F17493527566363ML3V_JPEG%2F1000017615.jpg&type=ofullfill340_600_png,True
1540,295,https://search.pstatic.net/common/?src=http%3A%2F%2Fblogfiles.naver.net%2FMjAyNjA2MDFfMTQ2%2FMDAxNzgwMzA0OTQ2MjY3.d5sG0m-tJQDfMHL_Y0Q7B1IlNaTQSn9tCSLXwqhkzyIg.gQhopiDu-cXFi2VPmMTDZ432DTqeryNmLdYisrPWjUkg.JPEG%2FIMG%25A3%25DF3122.jpg&type=a340,True
1541,296,https://search.pstatic.net/common/?src=http%3A%2F%2Fblogfiles.naver.net%2FMjAyNjA3MDhfMjA0%2FMDAxNzgzNTA2NDcxMzgy.DxkHqKsP2-xPZLLJC3F684IrZH0EqDojlUfAy97uysIg.pWL6AZPHutTEpm8ATBfb21N3JqC9aqbZyjv_6kJTvYgg.JPEG%2F%25BA%25CE%25BB%25EA%25C0%25CE%25C5%25D7%25B8%25AE%25BE%25EE%25BA%25AE%25C8%25AD_17.jpg&type=a340,True
1542,297,https://search.pstatic.net/common/?src=http%3A%2F%2Fblogfiles.naver.net%2FMjAyNTA0MTJfODAg%2FMDAxNzQ0NDIwOTg3NDU4.YPBOEqQktVodAse7IBm9rvjHVnlkd4yRwxiCVO6EmXIg.5utuAUbglP5z-ltJ5YXb-RBKgC_mVxGDJDLuE5L6wPog.JPEG%2F900%25A3%25DFScreenshot%25A3%25DF20250412%25A3%25DF101741%25A3%25DFNAVER.jpg&type=a340,True
1543,298,https://search.pstatic.net/common/?src=http%3A%2F%2Fblogfiles.naver.net%2FMjAyNDA3MDJfMSAg%2FMDAxNzE5OTE4OTIyNzIz.TX5HiSU8fUzQ2MPngziI4VJSPgwRQXanUk9qdnUvSeEg.YOZ6gHxd6rngNcT_qNNG4PQhHfofBHj-kcMePyLxDk8g.JPEG%2F20240702_081434.jpg&type=a340,True
1544,299,https://search.pstatic.net/common/?src=http%3A%2F%2Fblogfiles.naver.net%2FMjAyNTEwMjBfMTM2%2FMDAxNzYwOTcyMTkzNDI4.RgHLbIzVmSQvBGaE6S4lqn9sxE6NYRnRkWBUz40DzCAg.5DHz9dCFKhMzJpbIfgd7b2GDlHcnMuZ9Vjm_Xgf_hzsg.PNG%2Fimage.png&type=f54_54,True
1545,300,https://search.pstatic.net/common/?src=http%3A%2F%2Fblogfiles.naver.net%2FMjAyNDA3MjVfMTEg%2FMDAxNzIxOTAxNTI2OTMz.Ju0m-rjZFaLYmb2slyDWCd-9xo2rzsTsFPLJ96Ud2rMg.O-v-5VVi9KgDzR8IwG1yJPk9ZNrB_FV7AyJ22Fzo684g.JPEG%2FIMG_0161.jpg&type=a340,True
1546,301,https://search.pstatic.net/common/?src=http%3A%2F%2Fblogfiles.naver.net%2FMjAxOTA3MDJfMjg3%2FMDAxNTYyMDM5MjY0NzQ0.FkDEXZkOmj5-26bCYJxm-wcPEwG6eDEaMgi1iBRPGhQg.l8qes3ZST12iKlTK79GF0HIeJp1n51acSt0wYMw2DFcg.JPEG.soyoung1103a%2FKakaoTalk_20190624_231740925.jpg&type=ofullfill340_600_png,True
1547,302,https://search.pstatic.net/common/?src=https%3A%2F%2Fldb-phinf.pstatic.net%2F20230127_139%2F1674781297839BUS5k_JPEG%2F%25C0%25AE.jpg&type=a340,True
1548,303,https://search.pstatic.net/common/?src=http%3A%2F%2Fblogfiles.naver.net%2FMjAyMTA2MjNfMTM4%2FMDAxNjI0NDQ5OTQ3ODkz.Tnoh5RW6JgogSFC6D-6jbaofJ4XpcdZyj5J4w6EGNhkg.doT_nL19pUVY7aPTGeG0ToQPlrKXd5_moBr4b1VKoCYg.JPEG.audwnsajax%2FcommonN7J4NCED.jpg&type=f54_54,True
1549,304,https://search.pstatic.net/common/?src=http%3A%2F%2Fblogfiles.naver.net%2FMjAyNjA0MjlfNzcg%2FMDAxNzc3MzkxMjQ2NjY4.w8XtelR0F4jV7MbUCNp_DtEOYzMHQy_9TP8cvs_oyMcg.r2hDndLh1JYuBsJDDCtkmFK5RUu35m0yzx3VauCr2SMg.PNG%2F%25BD%25BA%25C5%25A9%25B8%25B0%25BC%25A6_2026-04-29_%25BF%25C0%25C0%25FC_12.43.13.png&type=a340,True
1550,305,https://search.pstatic.net/common/?src=http%3A%2F%2Fblogfiles.naver.net%2FMjAyNDA5MjFfMjIz%2FMDAxNzI2OTE5MzA5NDQ4.agS-bYYrXB-OmUtYJkInHL9EfuJ-qbEJCRe8K7nMpGQg.Px_t7iQCOSeLJHrAqftbfsZ7lbQTTyxNgiGidXssLocg.JPEG%2FIMG_6417.jpg&type=a340,True
1552,307,https://search.pstatic.net/common/?src=http%3A%2F%2Fblogfiles.naver.net%2FMjAyMDA5MzBfMjA3%2FMDAxNjAxNDU0MDIxOTc5.XU00tUrB2zfc14oErcHi0ba40MDpd-93FTszY1YcOycg.1YyzHzhxrbQrUZ6AhRLXIY3TVLgFgsvFE4Pc15P6yAgg.JPEG.huaf%2Fmovie_image_%252810%2529.jpg&type=f54_54,True
1553,308,https://search.pstatic.net/sunny/?src=https%3A%2F%2Fimage.msscdn.net%2Fthumbnails%2Fmfile_s01%2F2023%2F04%2F12%2Fcf0a5dcb4ca3264bc8a7c6c4f31cc65f144148.jpg%3Fw%3D1080&type=a340,True
1554,309,https://search.pstatic.net/sunny/?src=https%3A%2F%2Fimage.msscdn.net%2Fdata%2Festimate%2F3974289_0%2Fgallery_660633c2587c3.jpg.view&type=f54_54,True
1555,310,https://search.pstatic.net/common/?src=http%3A%2F%2Fblogfiles.naver.net%2FMjAyNTExMTBfMjEg%2FMDAxNzYyNzcyMjI0NDQy.J3S-jXEXwkr9o77zaV3AGJ4M3rK5-WrGCVmfACDUCZ4g.Buu6hMWwyynI9mvJqoonyZojDreLTuLZDT_WgwM-FKIg.JPEG%2F20251103%25A3%25DF183501.jpg&type=f54_54,True
1556,311,https://search.pstatic.net/common/?src=http%3A%2F%2Fblogfiles.naver.net%2FMjAyMTA2MjZfMTI0%2FMDAxNjI0NzAyMzkyNjgx.QEQGlz2eD2GoBcQTW_l03stXj-4_Bfy5zN4KnS79EC8g.GI1VeKbNGawW2t_MqzMDUPr9xXjBkn_XxmfBP15DR9Mg.JPEG.pinkjinjoo%2FIMG_1320.jpg&type=a340,True
1557,312,https://search.pstatic.net/common/?src=http%3A%2F%2Fblogfiles.naver.net%2FMjAyMjA0MjdfMjM0%2FMDAxNjUxMDM4MDA1NzU1.AQQhu4CVmYxGzWi5YLd3nxDybS_4XUjgueJ_dyAugwEg.WmhEAnsU0HHV1KzCZa_dQuaP3JA8ZtvZsmnLOp-MCBYg.JPEG.0223kg%2FIMG_4363.jpg&type=f54_54,True
1558,313,https://search.pstatic.net/common/?src=http%3A%2F%2Fblogfiles.naver.net%2FMjAyNjA3MzBfMjQ0%2FMDAxNzg1MzY4OTg2OTYx.EDf7lzP3k1cfCIJo1HKuCyv73E0R8kR2l0R3y-O43Z4g.QpXOneDxrY1yIDibr0dSCQ2nVO35je5uvaBuhh0RGe0g.PNG%2F%25B9%25D9%25C0%25CC%25B7%25B2_%25B8%25C0%25C1%25FD_%25C3%25DF%25C3%25B5_%25C0%25CE%25BD%25BA%25C5%25B8%25B1%25D7%25B7%25A5_%25C6%25F7%25BD%25BA%25C6%25AE%25C0%25C7_%25BB%25E7%25BA%25BB.png&type=a340,True
1559,314,https://search.pstatic.net/common/?src=http%3A%2F%2Fblogfiles.naver.net%2FMjAyNDA0MjVfMTAg%2FMDAxNzE0MDM3OTc5NjMz.66Y7swJkEUW0FLl26GgQygPbUs8dF5fUk_-U-v_40Tsg.WduSgLFUzNuf3KGRc0C_wGBG998daRj_eMn54azMSOIg.JPEG%2F00.jpg&type=a340,True
1560,315,https://search.pstatic.net/common/?src=http%3A%2F%2Fblogfiles.naver.net%2FMjAyNTEwMzBfMjY1%2FMDAxNzYxNzk1MzA0NDk2.cLPUtpweT6VRbK19xDBk0bOOHjlXtPBeGGmaKCI2PZ8g.W6yMlIlRRykav16dNPsTYF8xROSuBLvlEtp9chpTHNog.JPEG%2FIMG%25A3%25DF6900.JPG&type=a340,True
1561,316,https://search.pstatic.net/common/?src=http%3A%2F%2Fblogfiles.naver.net%2FMjAyNjA2MzBfMjc2%2FMDAxNzgyODA5MDgwMDgx.r-2ZfhroqDsbsU0M0TVGItmkOyr3p4mWSYmN1-moF8Ig.MO1zvz9nz2kN3b_mQFo7TuC7XBIWJRuqcaMrEaJZJhgg.GIF%2F20260630_174419.gif&type=a340,True
1562,317,https://search.pstatic.net/common/?src=http%3A%2F%2Fblogfiles.naver.net%2FMjAyNTA3MjZfNjkg%2FMDAxNzUzNTIyMTk1MjAw.bRt21InFwIHjdl4iYp5Gvfvl-3Xoqv6eHSNOt8O1rmMg.32J7S1Gsg5EPl0q7hoiz0LObVh7j1gsx8wdetWunVOsg.JPEG%2FIMG%25A3%25DF5926.JPG&type=a340,True
1563,318,https://search.pstatic.net/common/?src=https%3A%2F%2Fldb-phinf.pstatic.net%2F20200309_71%2F1583679923036n77Ry_JPEG%2FQFEIcF8sJ8QUybkgVe-NACpl.jpg&type=ofullfill340_600_png,True
1564,319,https://search.pstatic.net/common/?src=http%3A%2F%2Fblogfiles.naver.net%2FMjAyNDA5MjRfMjAg%2FMDAxNzI3MTExNDYyNTY4.E8icNq7E51ELCf6g2v09W_nbk_K2X1sCE1E5R2aPI1Yg.A91D63jRfdFbESUtjk63cO0yLJ-AowuxP8ZIFZ8hc6Mg.PNG%2FPhoto_2.png&type=a340,True
1565,320,https://search.pstatic.net/sunny/?src=https%3A%2F%2Fthx.sfo2.cdn.digitaloceanspaces.com%2Fwr%2Fcoverimages%2Fm_11%2F%25EC%25A7%2581%25EA%25B0%2590%25ED%2595%2598%25EB%258B%25A4_11.jpg&type=f54_54,True
1566,321,https://search.pstatic.net/sunny/?src=https%3A%2F%2Fi.namu.wiki%2Fi%2FMtz5zkT2JTS6tSd46YKPR9x8aevSQUzbF9C8FutceMt5Y_JU_-mkOEyiViGWID1hw8N9BC2VL553vBKgNRY6lQ.webp&type=a340,True
1567,322,https://search.pstatic.net/common/?src=http%3A%2F%2Fblogfiles.naver.net%2FMjAyNjA3MTJfMjY4%2FMDAxNzgzNzg1MTczMTkx.HVWacEYY3_qVityhbW7P7fPj4yPz9sB0_YXfMypf0HUg.XbAjZgJjr09czzSDVBLi2361xOYmO8UNUUV1tO4yeqsg.JPEG%2FKakaoTalk_20260712_004746203_17.jpg&type=a340,True
1568,323,https://search.pstatic.net/common/?src=http%3A%2F%2Fblogfiles.naver.net%2FMjAyNjAzMDJfMjEw%2FMDAxNzcyNDU5OTUwNjIy.E53gaw4CbQDzJbbwt_aP_JIkgLFJim3-Kzdj80NauQgg.Uo8Gup_jRE_nn6Rom1wpMFnJkZNx0vGxrBCZzQopOOQg.JPEG%2FIMG%25A3%25DF9390.jpg&type=a340,True
1569,324,https://search.pstatic.net/common/?src=http%3A%2F%2Fblogfiles.naver.net%2FMjAyNjA2MTJfMTUg%2FMDAxNzgxMjY1NzQ1Mzgx.I42i5rfSKGu6BtunuH23oGHf10tYtaFpsoSp1MJzz0Yg.9oV-Sh6QTK_72FdUt9Y7oTDOTeoTAXO1x9lZMqXdd8Eg.JPEG%2F900_20260612_181720.jpg&type=a340,True
1570,325,https://search.pstatic.net/common/?src=http%3A%2F%2Fshop1.phinf.naver.net%2F20220920_234%2F1663636228168RkQVv_PNG%2F64772116831293403_1372063825.png&type=a340,True
1571,326,https://search.pstatic.net/common/?src=https%3A%2F%2Fldb-phinf.pstatic.net%2F20250211_29%2F1739272740534hUiYA_JPEG%2F%25BC%25F7%25BC%25BA%25C4%25BF%25B8%25AE.jpg&type=a340,True
1572,327,https://search.pstatic.net/common/?src=http%3A%2F%2Fblogfiles.naver.net%2FMjAyMTA3MDlfMjQ1%2FMDAxNjI1NzU4NDk5OTA3.8pRnCMsBEofTQkcLo-cdGlErxLUJzuH_7LJ0Vh2j774g.DpsiO_78slWQFvXgpQc-rKpusrufvsUAwf_zdOvfv3Ug.PNG.hwy429%2F2000px-Treble_clef.svg.png&type=ofullfill340_600_png,True
1573,328,https://search.pstatic.net/common/?src=https%3A%2F%2Fldb-phinf.pstatic.net%2F20260609_18%2F1780992067355eKvSC_JPEG%2F1000010004.jpg&type=a340,True
1574,329,https://search.pstatic.net/common/?src=https%3A%2F%2Fldb-phinf.pstatic.net%2F20230306_213%2F1678070811407Ci8st_JPEG%2F19_%25B9%25CC%25B4%25CF%25C5%25D9%25B4%25F5.jpg&type=a340,True
1575,330,https://search.pstatic.net/common/?src=https%3A%2F%2Fldb-phinf.pstatic.net%2F20240924_142%2F1727158402632HEfyy_PNG%2F12_%25C5%25A5%25BA%25EA%25C4%25A1%25C1%25EE%25C4%25AB%25C3%25F7_2.png&type=a340,True
1576,331,https://search.pstatic.net/common/?src=https%3A%2F%2Fldb-phinf.pstatic.net%2F20180116_292%2F1516041289455cyFoY_JPEG%2FcndM5VQHPonROWHQ5IXzYhYy.jpg&type=a340,True
1577,332,https://search.pstatic.net/common/?src=https%3A%2F%2Fldb-phinf.pstatic.net%2F20251205_48%2F1764940766487ph7xo_JPEG%2F%25B4%25DA%25BF%25A3%25B5%25B7%25BD%25BA-001_%25281%2529.jpg&type=a340,True
1578,333,https://search.pstatic.net/common/?src=http%3A%2F%2Fblogfiles.naver.net%2FMjAyNDEyMjNfMTk1%2FMDAxNzM0OTMyNTk4MTY4.urVrbaBeUSticPUBu9QemxZNm4A0h2jihLoEwKGWukwg.XHFMHJI6bEiQWpQdS3_CBdpvcSaDayc3HVlS4wuVGvAg.JPEG%2FIMG_2770.JPG&type=a340,True
1579,334,https://search.pstatic.net/common/?src=http%3A%2F%2Fblogfiles.naver.net%2F20140511_109%2Fcekyoung486_1399807975572jLUFr_JPEG%2F1.jpg&type=f54_54,True
1580,335,https://search.pstatic.net/common/?src=http%3A%2F%2Fblogfiles.naver.net%2F20160526_111%2Fglobal29_146424292296675Swt_JPEG%2F%25BF%25D0%25C3%25F7.jpg&type=f54_54,True
1581,336,https://search.pstatic.net/common/?src=http%3A%2F%2Fblogfiles.naver.net%2FMjAyMTA3MTNfNDAg%2FMDAxNjI2MTAyNTI1MDY0.hVPSjru5SJxDbMZ2Nj_4fCo2I2MFrSVn7QZseB7fHOEg.Uh5MlTeheeVfRYxmmGaytDkiPRv8LHgN0hKbwVqthjAg.JPEG.2090063%2FIMG_0234.JPG&type=a340,True
1834,590,https://search.pstatic.net/common/?src=http%3A%2F%2Fblogfiles.naver.net%2F20110713_65%2Fimaudio_13105679178290EkVl_JPEG%2FIMG_5709.jpg&type=a340,True
1583,338,https://search.pstatic.net/common/?src=https%3A%2F%2Fldb-phinf.pstatic.net%2F20260416_255%2F17763034885772NdIY_PNG%2F%25C6%25FE%25BD%25C7%25BF%25A1%25B1%25D7_%25BF%25C0%25C7%25C2.png&type=a340,True
1584,339,https://search.pstatic.net/common/?src=http%3A%2F%2Fblogfiles.naver.net%2FMjAyNDAzMTBfNDYg%2FMDAxNzEwMDc1OTMzODcz.nxpztRkqVrTO7b8jvGwgiiw4SfKZCebhW84vNvr3qsMg.JVvR3XJAd9VhxKepGWMSyRrPJPvWsJKIi9q1CfirIWog.JPEG%2FIMG_8900.jpg&type=a340,True
1585,340,https://search.pstatic.net/common/?src=http%3A%2F%2Fblogfiles.naver.net%2FMjAyMzA2MTdfMjE4%2FMDAxNjg2OTM5NDE3NTQ3.1HL7NJASv7PHzd1HwsHQd6EBF5tg4h5JmYScYkLet7Mg.S7SAYZ5f6D1f44YV9v7tBTjwjysg7-WCim7o94-cOVIg.JPEG.hipzy%2FIMG_5070.JPG&type=f54_54,True
1586,341,https://search.pstatic.net/common/?src=http%3A%2F%2Fblogfiles.naver.net%2FMjAyNjA1MDNfMzgg%2FMDAxNzc3ODEyMjY1OTQz.s0r0c4axJ6KHAV3OoKJvNc-RICwLL2g0BoJ0sYrdGaMg.5No0QdgAmQB_1Kq-R0FTfMpzCYdemSWIarLkqqaSbU0g.JPEG%2F20260423_100503.jpg&type=a340,True
1587,342,https://search.pstatic.net/common/?src=http%3A%2F%2Fblogfiles.naver.net%2FMjAyNTExMTJfMjAx%2FMDAxNzYyOTAxODEyODYx.Qi0e1oBYUfLP1eeHLriPMbzojqkSex8gK6w565cQUcog.sX47RxyUYvP5u8-h-yqApYI0fAQRXcxdooKHz21lUpYg.JPEG%2FIMG%25A3%25DF9894.JPG&type=a340,True
1588,343,https://search.pstatic.net/common/?src=https%3A%2F%2Fldb-phinf.pstatic.net%2F20250710_226%2F1752111092101qpNrx_JPEG%2F%25B3%25B2%25BD%25E3_%25BE%25F7%25C3%25BC%25BB%25E7%25C1%25F8.jpg&type=a340,True
1589,344,https://search.pstatic.net/common/?src=http%3A%2F%2Fblogfiles.naver.net%2FMjAyMjA5MzBfMTg3%2FMDAxNjY0NTI2NTk3NDEw.bSEpEV2yEcvhzisnP24OhM5EHxb-2209o29WWdGpnDog.hAtP3yUcjoKTcZxGBpEpDfINtP_9oMTHBcUMGGwgVKEg.JPEG.hgyum2%2F20220928%25A3%25DF124552.jpg&type=a340,True
1590,345,https://search.pstatic.net/common/?src=http%3A%2F%2Fblogfiles.naver.net%2F20130805_1%2Fwldnjs647_13757095353513hB4m_JPEG%2FDSC_0124.JPG&type=a340,True
1591,346,https://search.pstatic.net/common/?src=http%3A%2F%2Fblogfiles.naver.net%2FMjAyMjA0MjFfMTg2%2FMDAxNjUwNTQ4NTM2Nzkx.npLxyzyCmsZvMNmL4KPoA1jx3jwKc6dTkNg0giEVcJwg.kTiT3ABtwPPL-QeDCzHfdgRCJbo2Ep1jqpaqbVBqgH4g.JPEG.imhappy0288%2FIMG_8641.jpg&type=a340,True
1592,347,https://search.pstatic.net/common/?src=http%3A%2F%2Fblogfiles.naver.net%2F20151201_88%2Fakskaksk0025_1448979208628KCtot_JPEG%2FKakaoTalk_20151201_105555560.jpg&type=a340,True
1593,348,https://search.pstatic.net/common/?src=http%3A%2F%2Fblogfiles.naver.net%2FMjAyNjA2MDFfMTM3%2FMDAxNzgwMzAyMzc2NTc4.wdeWfKnYmLJUdgmUyw7pmf5qWvwBck6-OXxBECK66Uwg.C9aeHOvdHls-2L0Yp8FKAq1znVvD1eQZE_K5AVQjlwog.PNG%2F2.png&type=a340,True
1594,349,https://search.pstatic.net/common/?src=http%3A%2F%2Fblogfiles.naver.net%2FMjAyNDA1MDJfMjM1%2FMDAxNzE0NjU4NDQ2MDc0.SvwhO9dliB1auUepfHaaarOZtNgxJ36cesISGJ4DbP8g.TRr9QMMi-p7WLv4IvBMaYaqTOD8Z8h_d-DxjPNhQumkg.JPEG%2F20240411_174146.jpg&type=a340,True
1595,350,https://search.pstatic.net/common/?src=https%3A%2F%2Fldb-phinf.pstatic.net%2F20260608_199%2F1780925375231iyPwc_JPEG%2FKakaoTalk_20260608_173310851.jpg&type=a340,True
1596,351,https://search.pstatic.net/common/?src=http%3A%2F%2Fblogfiles.naver.net%2FMjAyNTExMjZfMjYw%2FMDAxNzY0MTYzNjkwNjUw.q2K-QZW84ucnnrXg0QPsccfUiSzrRvVuQX-eSyuGab4g.hE8-Wv5u-27_Jf7V-r8qGH3u_AI6Fhc1NGgQ83WqR3Mg.JPEG%2F20251123_135728.jpg&type=a340,True
1597,352,https://search.pstatic.net/sunny/?src=https%3A%2F%2Fd12zq4w4guyljn.cloudfront.net%2F750_750_20251001133311_photo1_459c08122edd.webp&type=a340,True
1598,353,https://search.pstatic.net/common/?src=http%3A%2F%2Fcafefiles.naver.net%2Fdata40%2F2009%2F6%2F18%2F142%2F%25C7%25E3%25BA%25EA%25BE%25D8%25BC%25D6_dy4861.jpg&type=a340,True
1599,354,https://search.pstatic.net/common/?src=http%3A%2F%2Fblogfiles.naver.net%2FMjAyMjA0MjdfMjA5%2FMDAxNjUxMDY0MzQwOTI4.7pDTbCz99tkPXgCgfsADj7aBdnzssERSghuhuksrb88g.eERYmn62aQTTQ2Zy3CmeoJ9o901Bx_lQWsEZ9aeTtIYg.JPEG.hj0891%2FIMG_7030.jpg&type=a340,True
1600,355,https://search.pstatic.net/common/?src=http%3A%2F%2Fblogfiles.naver.net%2FMjAyNTAyMDdfMjIy%2FMDAxNzM4ODU0ODc1OTU5.yndVkW-EmU4Nwx99FUb3aD2dUCKrwH4imr1l4pgr1xQg.7tsIdsbjVypQf5h_zEwnlocY_lZHHoGygGkLtYkzZiIg.JPEG%2FIMG_3443.JPG&type=a340,True
1601,356,https://search.pstatic.net/common/?src=http%3A%2F%2Fblogfiles.naver.net%2FMjAyMjEyMzBfODAg%2FMDAxNjcyNDA0OTg5Mjc5.hsMUvZ7H6E52C9QD2tUWJ2_52QZ9FH2QwB87Zp4CUb8g.7nkd_DfcLBLvKBq03Cm2WPv0Lq1xmAjrh5dqLB3e-IUg.JPEG.1234asdfz%2Foutput_1485472831.jpg&type=f54_54,True
1602,357,https://search.pstatic.net/common/?src=http%3A%2F%2Fblogfiles.naver.net%2FMjAyMjAzMTRfOTIg%2FMDAxNjQ3MjU5NzM1MjM0.jsp9Gl_3gVX_JxokexGZ9aQtBdSJpbithC9QwR1RE0Ag.zyq73OmJ9ThmOTABbZaRzaoXXsNrf2OchA3BpPrMUjog.JPEG.hajiwoo%2F66213779_10219838308854002_2559270114314682368_n.jpg&type=f54_54,True
1603,358,https://search.pstatic.net/common/?src=http%3A%2F%2Fblogfiles.naver.net%2FMjAyNTEyMjNfMTgy%2FMDAxNzY2NDk4MjMwNzYx.nMFH-5Og-cMIPgC755hvUdzJ-OrxhdmOiuF_Hy675RIg.QcwD3dFduKQopsfUUxm0gcPcdtEX1aZZISFI9cXj_Asg.JPEG%2F900%25A3%25DF20251217%25A3%25DF193102.jpg&type=a340,True
1604,359,https://search.pstatic.net/common/?src=http%3A%2F%2Fblogfiles.naver.net%2FMjAyNTEyMDVfMTcg%2FMDAxNzY0ODk4ODE3MjI2.taHRGAcN9GF873WbZLZWZnobxCHt1EDfIzyqzevjy4Qg.W3oIrVndokpQvAVbjbuWEVTwl7rHqEMzsN8KFu3trlMg.JPEG%2FIMG%25A3%25DF0291.jpg&type=a340,True
1605,360,https://search.pstatic.net/common/?src=http%3A%2F%2Fblogfiles.naver.net%2FMjAyNjAyMjdfNTcg%2FMDAxNzcyMTU2NDY5MDY0.iJlflfcX-DOybuIGj6uT61wV7lzHPX1sxeQI4rVWXP4g.CWwxLAW9YAFTqe_meorlENgWM83Lvp-lGfFOlXEIA6gg.PNG%2F%25C8%25AD%25B8%25E9_%25C4%25B8%25C3%25B3_2026-02-05_135613.png&type=a340,True
1606,361,https://search.pstatic.net/common/?src=http%3A%2F%2Fblogfiles.naver.net%2FMjAyNTEyMjdfNzYg%2FMDAxNzY2ODIyMTUzMzYx.Izfsp7RFYij-gd_S-xmGuXTRKbmWPc8D8t8vRZyjntwg.hRCTS0qJg_P89Kvzxubif1QCXoKgGQWKfWgimKxezdIg.JPEG%2F900%25A3%25DF20251226%25A3%25DF134653.jpg&type=a340,True
1607,362,https://search.pstatic.net/common/?src=http%3A%2F%2Fblogfiles.naver.net%2FMjAyNjAyMjRfMTgz%2FMDAxNzcxOTI5NjAzMjc3.PC4YRHt_gLd8E1HSS8E4ONuA9KOLYNDmqu-PV8dINygg.hmkYLIwyvhZQEGXbPjwIEQSaM8-3ecB5IxMac5zGd_cg.JPEG%2FIMG%25A3%25DF0243.jpg&type=a340,True
1608,363,https://search.pstatic.net/common/?src=http%3A%2F%2Fblogfiles.naver.net%2FMjAyNTEyMTBfMTE4%2FMDAxNzY1Mzc1NjIwNzg1.zInZhF1O-luStt_se31om2TrPysvpBCpG8WGa2NUi4gg.gIx0w98Py7qs3YsgqkKUc_tZj4ednWEAmlLXO6HntY8g.JPEG%2F20251210_115827.jpg&type=a340,True
1609,364,https://search.pstatic.net/common/?src=https%3A%2F%2Fldb-phinf.pstatic.net%2F20200407_282%2F1586248272533GHRcQ_JPEG%2FtlW_cbfL-OU_2kaQ3t1w5t82.jpg&type=l340_165,True
1610,365,https://search.pstatic.net/common/?src=http%3A%2F%2Fblogfiles.naver.net%2FMjAyMDExMThfNjMg%2FMDAxNjA1NjI3ODEwOTYz.7rjS77ypd5Eke0gUAv4V6mbwR2WqiTe2mCf_nmPmVEMg.NQrIJzC9SqLufAkJAUsgb742LEgJ_6RJeIXD7brEDh0g.JPEG.fatehyuk%2F1605111738159.jpg&type=a340,True
1611,366,https://search.pstatic.net/common/?src=http%3A%2F%2Fblogfiles.naver.net%2FMjAyNDEwMzFfMTE4%2FMDAxNzMwMzg1NjE2MzMz.PMvrwy7yQIk2oVHFkVgFDMFdKZmecyxyChHauWUC4v4g.FYGIxhz1PV4ftrP_7U5lxH-wWdCBCenawylmsNfWcdsg.JPEG%2FKakaoTalk_20241031_224132431_18.jpg&type=a340,True
1612,367,https://search.pstatic.net/common/?src=http%3A%2F%2Fblogfiles.naver.net%2FMjAyMDAyMTlfMjQx%2FMDAxNTgyMDY2NTM2ODYy.5eINHHDRSxpsSUoUe1MFdaaYdbjdc0g3jj5YczuGHoIg.Qo0d-SxnmGQ_GTg2gQU2dkdQX07o45-0QxOmdeZ24Mkg.JPEG.lje1722%2FIMG_7401.jpg&type=f54_54,True
1613,368,https://search.pstatic.net/common/?src=http%3A%2F%2Fblogfiles.naver.net%2FMjAyNDA2MDRfMTAz%2FMDAxNzE3NDMyNDA5MTUw.T0y6CkuUqOqmrYObju5BdIP3FCDTcjyeyKjTx3D0juMg.BSuEgovpZZJRrGV3THiHkBr2vlYRjvwQXYfn7IEQjZUg.JPEG%2FIMG_2088.jpg&type=a340,True
1614,369,https://search.pstatic.net/common/?src=http%3A%2F%2Fblogfiles.naver.net%2FMjAyMzA4MTdfMjU2%2FMDAxNjkyMjc2MzMzNDY0.thF1790rbGhgL87UwtneX9Imrojk2mEr3Xx3HVpfJpog.RcgHwqcT1FifndwjLLfKwLIDXwdO7BqOHelNLRjrzjsg.JPEG.hyunjee1023%2FKakaoTalk_20230817_214255823.jpg&type=a340,True
1615,370,https://search.pstatic.net/common/?src=http%3A%2F%2Fblogfiles.naver.net%2FMjAyNjA2MThfMjYx%2FMDAxNzgxNzkzMTI1NzQz.bapkAx-kz5olbPC4TTwB1J-ifF52lggCZsXzUzjNIPgg.MVczOWCJLxozbY42wFFPZdolmRkTZF17-7zhLXs8MhMg.JPEG%2FIMG%25A3%25DF8767.jpg&type=a340,True
1616,371,https://search.pstatic.net/common/?src=http%3A%2F%2Fimgnews.naver.net%2Fimage%2F082%2F2026%2F05%2F22%2F0001382073_003_20260522173113162.png&type=a340,True
1617,372,https://search.pstatic.net/common/?src=http%3A%2F%2Fblogfiles.naver.net%2FMjAyMTA1MjBfMTI0%2FMDAxNjIxNDQ2NTYxMzA2.ntrTk1JtuNa-rjkrrh8pDmfJGME5XRl8fCqKcUDAEg8g.cJ_QCJy3nLIXV_YMaeele14YzBz43jYea6xWzpOYOJQg.JPEG.3_07x%2FIMG_0953.JPG&type=a340,True
1618,373,https://search.pstatic.net/common/?src=http%3A%2F%2Fblogfiles.naver.net%2FMjAyMDEyMTdfMjMy%2FMDAxNjA4MTk5NTUxNzE5.vADgBdR7fjZbiR73xOD2RQd3Su612WfNV1MbdR3JTDIg.CZOMbI-wyeNdFs0dEkWjWFgut-h-TQTQhw8PHwa0Qzgg.JPEG.mnbvcxz2080%2FIMG_2017.jpg&type=a340,True
1619,374,https://search.pstatic.net/common/?src=http%3A%2F%2Fblogfiles.naver.net%2FMjAyMDA2MDZfMjI2%2FMDAxNTkxNDEzMzEzMzU5.6KnjiIsXp_sbOKPSlmtOLx_6iiqjBJzCoCCfuTlCcZ8g.6OTARWkk5Z8Cc4Pm80oBgmZAyWhnI4JNLdXAzZzcDlkg.JPEG.ehrtkfaksu%2FIMG_5480.JPG&type=a340,True
1620,375,https://search.pstatic.net/common/?src=http%3A%2F%2Fblogfiles.naver.net%2FMjAyMzA1MTRfMTM2%2FMDAxNjgzOTkxMzI5OTI2.T4pN9r34P1ZNCJJjl2e9ryU23ZzFAdwQur9RpW0lf2kg.5cPjR09ASft5wt6jtXZJpQanIvcIGgAjco1fyksfsgkg.JPEG.kgyouo%2FIMG_5609.jpg&type=l340_165,True
1621,376,https://search.pstatic.net/sunny/?src=https%3A%2F%2Fi1.ruliweb.com%2Fimg%2F22%2F07%2F09%2F181e13c09f02706af.jpeg&type=f54_54,True
1622,377,https://search.pstatic.net/common/?src=http%3A%2F%2Fblogfiles.naver.net%2FMjAyNDAxMjhfMTE0%2FMDAxNzA2NDI4MjgyMTE4.-cN7bYQudTCh6pjcoRWQYkhf4dZexgZ1zPE4iTImXR0g.2_uQCoSet5dsbtbLBmuUG7g2IbP3eowvA5hiMKmd7egg.JPEG.szjunse0%2FKakaoTalk_20240128_140714402.jpg&type=f54_54,True
1623,378,https://search.pstatic.net/common/?src=http%3A%2F%2Fblogfiles.naver.net%2FMjAyNjAyMjdfMTc0%2FMDAxNzcyMjAwMDg5NjQx.p6aTaoMFHJPNXYTy8o-oYJMQfYgy7ttB1oS18AyhoQMg.aMUGO_2lGyyOKb_7V6h3YvtAOw3NOxXY63_yTq_d5tMg.JPEG%2FIMG%25A3%25DF2869.JPG&type=a340,True
1624,379,https://search.pstatic.net/common/?src=http%3A%2F%2Fblogfiles.naver.net%2FMjAyMTAyMjdfMjA4%2FMDAxNjE0NDMxNzg1MDkz.IB8ihKHZGknxBFvXFkVV0Uz0P440zjNyKrPFOS2oMNog.dTk_t-0kYEfipu_3FUDKmvp3MmEGxtZTkO07sMjQO9gg.JPEG.withmsm%2F20210227_215704.jpg&type=a340,True
1625,380,https://search.pstatic.net/common/?src=http%3A%2F%2Fblogfiles.naver.net%2FMjAyNTA3MTBfNTQg%2FMDAxNzUyMDczOTIyNDEx.Fe1dGEMFurlg0BAkjEUtzuvivQQ2mu21eQl8_ixebIgg.pPeRB8aoc9EuIBDGGG1XF7u7LHe48bn9zHB5ybvc_ewg.PNG%2FIMG_6793.PNG&type=f54_54,True
1626,381,https://search.pstatic.net/common/?src=http%3A%2F%2Fblogfiles.naver.net%2FMjAyNTAxMjZfMjc3%2FMDAxNzM3ODkxNTM3NTQy.YdXyZQkbaT6dAyqJ_oRTT2XGIK2WMYg_a8a3Y6J-bPEg.TyZmr69_-AIhsG65huLjf9H6OLGbOk3hlt12MTheskgg.JPEG%2F4YDHEGVEJk6i5j2f4dpr5M.jpg&type=a340,True
1627,382,https://search.pstatic.net/common/?src=http%3A%2F%2Fblogfiles.naver.net%2FMjAyNTA1MjhfMTk2%2FMDAxNzQ4Mzk5NzUxMTA0.l-bQ5MYqSFmhmYPYJn3EY7RV78MRtlFgxc9ZaD2zF6Ug.1q38cuhLyt8UiKfFOWkH6Nwrhx7GW1Ac9AkGq8T4kgMg.JPEG%2FIMG_2106.jpg&type=a340,True
1628,383,https://search.pstatic.net/common/?src=http%3A%2F%2Fblogfiles.naver.net%2FMjAyNDA3MTRfMTE0%2FMDAxNzIwOTY3NDY3NTAw.oqIzAfWE2BLTrqiZgd6ZSS6ciBt90wtJdaxlmpC2idYg.Breq1inId42GH4LPwo3IduE98ueeZI6TiLh0OtCBIQgg.JPEG%2Foutput_335454378.jpg&type=f54_54,True
1629,384,https://search.pstatic.net/common/?src=https%3A%2F%2Fldb-phinf.pstatic.net%2F20241106_150%2F1730893527464OYUSA_JPEG%2F1000010846.jpg&type=a340,True
1630,385,https://search.pstatic.net/common/?src=http%3A%2F%2Fblogfiles.naver.net%2FMjAyNjA1MTBfMTg0%2FMDAxNzc4NDEwNjUwOTQ0.2y2m9dpooXD1SC7TI9jti_cxRe77IYead-AFZAjQji0g.x9uumu8_WmBtbcRXje3bYYpkQpH7LSWL0r9nZtpcHrcg.JPEG%2FIMG%25A3%25DF4089.jpg&type=a340,True
1631,386,https://search.pstatic.net/common/?src=http%3A%2F%2Fblogfiles.naver.net%2FMjAyNDEyMDNfMjAw%2FMDAxNzMzMjExMTE3OTcw.YCkolLX69jo-FziefNrLHP2q4a-iTEHsWFquyi57Ta4g.VXr7PdaLPXPDH40QgbdagGhy5Fa5JPX0nrolTWklSpwg.JPEG%2F20241130_172155.jpg&type=a340,True
1632,387,https://search.pstatic.net/common/?src=http%3A%2F%2Fblogfiles.naver.net%2FMjAyNDA2MjhfMzMg%2FMDAxNzE5NTY2MjM1MjIx.4AjDzofoKFPmkicpfgyMLhXPDwbjcBlYmLcHzcJDxnUg.y3U1B1Qv8KLsLmgFvdEZdKHMLE3L9Il2Yy7QbtlQDBog.JPEG%2F2.jpg&type=a340,True
1633,388,https://search.pstatic.net/common/?src=http%3A%2F%2Fblogfiles.naver.net%2FMjAyNTA0MTVfMjgy%2FMDAxNzQ0NzIyODIzMDEz.Qapwi1Z-SI9KrVY-hKzG2a6ZG-PvYVvpxvS16CLn1SYg.BVTr_266ACzEAHAaYt7ASOhsC5-rJVvBX0MwdmERyNUg.JPEG%2FKakaoTalk_20250415_215737617.jpg&type=a340,True
1634,389,https://search.pstatic.net/common/?src=https%3A%2F%2Fldb-phinf.pstatic.net%2F20210428_204%2F1619579589020eQddf_JPEG%2FcvNhU9aGrtbLPWQ3a5NhPJYW.jpg&type=a340,True
1635,390,https://search.pstatic.net/common/?src=http%3A%2F%2Fblogfiles.naver.net%2FMjAyNDEwMDlfNzQg%2FMDAxNzI4NDA5ODY3OTc0.8g-8zBK0etyhLdpw8TLV1b7CWCpAPl6lrG2UILR89owg.qOePbgS0fIPjAkYMOkypEjm_h8EEzc1hikIxH7bjQ04g.JPEG%2FIMG_3167.jpg&type=a340,True
1636,391,https://search.pstatic.net/common/?src=http%3A%2F%2Fblogfiles.naver.net%2FMjAyNTExMDZfMTgw%2FMDAxNzYyNDEwNjU2OTE1.VaTD5dsOdsT_5cK6o2UM8UDDsB6spXrd9m4iWbKkv0Yg.yHWdFX5Jc09sjKl0Zz6PT7WYbh7p1jgpMyaP9ecLNTgg.JPEG%2F900%25A3%25DF1762410655180.jpg&type=a340,True
1637,392,https://search.pstatic.net/common/?src=http%3A%2F%2Fblogfiles.naver.net%2FMjAxNzA0MTdfMjkg%2FMDAxNDkyNDMzMzMxOTk3.Cbd8XGE3vKRXN0nepTpMgr7W2knkoNB3a2aCybCUwu8g.RR8jX_58dyPtrt0JAXuUkIXAJQuZgvJBFmu9LMJHXkYg.PNG.funsuhak%2F2017-04-17-21-43-58.png&type=f54_54,True
1638,393,https://search.pstatic.net/common/?src=https%3A%2F%2Fldb-phinf.pstatic.net%2F20200501_185%2F1588310741334ohp6t_JPEG%2F2b_7OMtk8RTG2zP93zmvPtG_.jpg&type=a340,True
1639,394,https://search.pstatic.net/common/?src=https%3A%2F%2Fldb-phinf.pstatic.net%2F20211106_159%2F1636172340641mIijF_PNG%2FKa3RacohMJVQSNMUu1MM7ATd.png&type=a340,True
1640,395,https://search.pstatic.net/common/?src=http%3A%2F%2Fcafefiles.naver.net%2F20141023_207%2Fsholovely01_1414056538404wLoQO_JPEG%2F740_2014-10-23_18.28.36.jpg&type=ofullfill340_600_png,True
2058,815,https://search.pstatic.net/common/?src=http%3A%2F%2Fblogfiles.naver.net%2F20120904_94%2Fmilim2581_1346747571357Ny0Q1_JPEG%2F02.jpg&type=f54_54,True
1641,396,https://search.pstatic.net/common/?src=http%3A%2F%2Fblogfiles.naver.net%2FMjAyNTEyMTBfMjcz%2FMDAxNzY1MzU0NjcyNDAx._AY-41PUjicgU2UqMF20vm5SOvO0s2PrurcFd0ZU3sEg.FzDwyDCmbH3Rfc3Sak13IJc9mlao5eD_a7rFxffKgUkg.JPEG%2FIMG_0049.jpeg&type=f54_54,True
1642,397,https://search.pstatic.net/sunny/?src=https%3A%2F%2Fd12zq4w4guyljn.cloudfront.net%2F750_750_20220425104934_photo1_f5829e5fe9a2.webp&type=a340,True
1643,398,https://search.pstatic.net/common/?src=http%3A%2F%2Fblogfiles.naver.net%2FMjAyNTEyMjJfMjIz%2FMDAxNzY2Mzc1OTQ5MTI4.gYEPCYwzSI0Emd9zTL7pj_XRFza9iecNuey8vPzx3Dkg.EcxC3zjnfObfo4ee96QkMv7TRZNnw78yrEYCHPtO_fsg.JPEG%2FP20251120_155436289_36B79E6D-9C67-4CA0-B63C-8286630E443F.JPG&type=a340,True
1644,399,https://search.pstatic.net/common/?src=http%3A%2F%2Fblogfiles.naver.net%2FMjAyNjA1MzBfMTM0%2FMDAxNzgwMTE1NDIyMDE4.mgt18XZmWUwCUj5X3tGm4ftH_4zOhwMnYbP6yoAhq0Qg.pV5R49d-CvuO4kwoaIkjQkFS5ZWzrizsBFNpj2uEuXIg.JPEG%2F900_20260529_185854.jpg&type=a340,True
1645,400,https://search.pstatic.net/common/?src=https%3A%2F%2Fldb-phinf.pstatic.net%2F20240117_112%2F1705481133421O7dru_PNG%2F%25BC%25F6%25C1%25A4_%25BB%25FD%25BC%25B1%25C4%25AB%25C3%25F7.PNG&type=a340,True
1646,401,https://search.pstatic.net/common/?src=http%3A%2F%2Fblogfiles.naver.net%2FMjAyNjA1MjdfMTkw%2FMDAxNzc5ODkyODc1MjE4.o1UM8Eg1CoHbYdvcNVOjGO229le0avrN3w1Aw8BcCQ4g.YcRwSQDjF6avty6RAoMHUmMTXpdgKLOnlpVKaqQ4ZxAg.JPEG%2Fcopy%25A3%25DF0839C4C9%25A3%25AD0A11%25A3%25AD40CF%25A3%25AD9E8D%25A3%25AD4F052594F034.jpeg&type=a340,True
1647,402,https://search.pstatic.net/common/?src=http%3A%2F%2Fimgnews.naver.net%2Fimage%2F421%2F2025%2F06%2F24%2F0008329788_001_20250624142913535.jpg&type=a340,True
1648,403,https://search.pstatic.net/common/?src=http%3A%2F%2Fimgnews.naver.net%2Fimage%2F5157%2F2025%2F10%2F03%2F0000071999_001_20251003095409802.jpg&type=f54_54,True
1649,404,https://search.pstatic.net/common/?src=http%3A%2F%2Fblogfiles.naver.net%2FMjAyNDExMTFfMTE1%2FMDAxNzMxMzI0OTgwMDUz.WiZa26ByBHEGsbblg8LV2OPg4RdLa3qwNjPTaSkdaZ8g.EK1T7UxFyse6wVAxzE5nJ019kVXrUxkptdxVsDX5NJ4g.JPEG%2F1000040433.jpg&type=f54_54,True
1650,405,https://search.pstatic.net/common/?src=http%3A%2F%2Fblogfiles.naver.net%2FMjAyMzEyMjdfMTY1%2FMDAxNzAzNjQ2OTI4OTY5.5JFjHMAtNrho70nWRAggpIFk4BjnAX9b1w654WF5HWsg.oJu4oF5PZUv8UefSgoXR47eyl6Da1Udw672BqB6t7fIg.JPEG.odeconame%2FKakaoTalk_20231226_154207628_08.jpg&type=a340,True
1651,406,https://search.pstatic.net/common/?src=https%3A%2F%2Fldb-phinf.pstatic.net%2F20210604_31%2F1622776789351epBb2_JPEG%2FmsEz-7p50tFguFbZhu2eSzcc.jpg&type=a340,True
1652,407,https://search.pstatic.net/common/?src=http%3A%2F%2Fblogfiles.naver.net%2FMjAxOTEyMjRfMTk0%2FMDAxNTc3MTU3NzAzMzkw.GMW1pCMUZa_i6B4OjbDcFwjFt17eqyX7h39hcu_ne5Eg.2143S6n6NDghyaC012zfUbSFPXp7wI46PbkEiJGXcVYg.JPEG.u2459%2FIMG_8417.jpg&type=a340,True
1653,408,https://search.pstatic.net/common/?src=http%3A%2F%2Fblogfiles.naver.net%2FMjAyNTAyMDZfMjk4%2FMDAxNzM4ODI0NzM5Njc2.46jyy55L4HjwwR5Sadj1AmWkOHxVnjNKAquAnvd1bC4g.HliDSM-Hq7odjEZpxfWXCfJm-ZMHPQFXiygqty6Xdf4g.JPEG%2F900%25A3%25DF1738824733317.jpg&type=a340,True
1654,409,https://search.pstatic.net/common/?src=http%3A%2F%2Fblogfiles.naver.net%2FMjAyNjAxMTFfMzUg%2FMDAxNzY4MTE0NTg2MjY1.r5SiVoZvXhGHqxofV4obukiGbmXgtl0F43s0EDbJIiYg._RT6xKhy1NLQftjOtRWt7z6biGjwbY6MK4PlQW9JX-Qg.JPEG%2FIMG_9716.JPG&type=a340,True
1655,410,https://search.pstatic.net/common/?src=https%3A%2F%2Fldb-phinf.pstatic.net%2F20241106_150%2F1730893527464OYUSA_JPEG%2F1000010846.jpg&type=a340,True
1656,411,https://search.pstatic.net/common/?src=http%3A%2F%2Fblogfiles.naver.net%2F20141105_90%2Fanothermeans_1415190274351KMf6H_JPEG%2F%25C5%25A9%25B1%25E2%25BA%25AF%25C8%25AF_20141101_125517.jpg&type=a340,True
1657,412,https://search.pstatic.net/common/?src=https%3A%2F%2Fldb-phinf.pstatic.net%2F20231006_134%2F1696586397194Xhdsd_JPEG%2FIMG_2106.jpg&type=a340,True
1658,413,https://search.pstatic.net/common/?src=http%3A%2F%2Fblogfiles.naver.net%2FMjAyMzAyMjdfMjYz%2FMDAxNjc3NDcwMDQ5MjA0.fg0xxQkk0LCmYJUbyPya3hQU6-cjSfozoKb344LFN8Mg._-rXpkXSPdVY-iGWSRmgkC78ldlV8Lzh0bG0h5g4om4g.JPEG.o29o29%2FIMG_4282.jpg&type=a340,True
1659,414,https://search.pstatic.net/common/?src=http%3A%2F%2Fblogfiles.naver.net%2FMjAyMzA5MTJfNjEg%2FMDAxNjk0NTE5NDg2NzU2.JRZPEYHecqRPGGSRtns2hGjn19sDUqaPnNa4aLmH1GIg.dwlzxobLT3QM5iurXBRAz5zrg3mGemGSNNNzw_hJRvIg.JPEG.gmlwls9030%2FKakaoTalk_20230912_204418132_11.jpg&type=a340,True
1660,415,https://search.pstatic.net/common/?src=http%3A%2F%2Fblogfiles.naver.net%2FMjAyMjA3MjRfMjg0%2FMDAxNjU4NjQ3MzUzODA4.UOc-XSc8ecNlrxWdj9MzlITLawWSWhKSLMwrvYllQWYg.mRI-_rSjPHI3ctyjk1UYHHNo1SGSAhwOkGE_ajWOluEg.JPEG.dbfk6346%2F1658647351257.jpg&type=a340,True
1661,416,https://search.pstatic.net/common/?src=http%3A%2F%2Fblogfiles.naver.net%2FMjAyNjAzMjdfOTgg%2FMDAxNzc0NTkyNTQzODQz.zd44gYaE_uKW6wQ1hMb48T3L_U137BWjNWRsSun8HS4g.REFX7lRUOOpjwSoG3RA3N7Zs0HnJXRpNGkN1LBv5QvEg.JPEG%2FKakaoTalk_20260327_150906806_06.jpg&type=a340,True
1662,417,https://search.pstatic.net/common/?src=http%3A%2F%2Fblogfiles.naver.net%2FMjAyMjEwMjdfMjkz%2FMDAxNjY2ODU5Nzk0NTgy.GuNAlb5G-eWQcOW5cIVuR5di0EZQCHQWYRza99wUYRMg.rU8xbEaz7SPjPTUlBaWqUb-H9FKidxIe0U44NNJQBeUg.PNG.assagohey%2F4.png&type=f54_54,True
1663,418,https://search.pstatic.net/common/?src=https%3A%2F%2Fldb-phinf.pstatic.net%2F20260525_152%2F1779689360604b2DN5_JPEG%2FIMG_0313.jpg&type=a340,True
1664,419,https://search.pstatic.net/common/?src=http%3A%2F%2Fblogfiles.naver.net%2FMjAyMjA1MDdfNDAg%2FMDAxNjUxOTAwNjg2MzIy.iEfB8nE3HY0mZVXMwkMqbNz2QkgativcenzMDr63-F4g.Exnl9Pr72ACrZXq-W_VhSm5chrtooUxr9x11NPMZPcYg.JPEG.sinheysungs%2F%25C8%25A3%25C8%25A3%25C1%25A4_%25288%2529.jpg&type=f54_54,True
1665,420,https://search.pstatic.net/common/?src=http%3A%2F%2Fblogfiles.naver.net%2FMjAyMzAxMjhfMTg5%2FMDAxNjc0OTE1NjgzMTY0.d91WCwvmz-kPO50pFLzTmB3JqQO4kaYDFKY_EW4gxC8g.1QdRPCzIEnpln0uTlfcPBB0Nmm27ceuwJRzdcIJHwXYg.JPEG.p00xoo%2F20230128%25A3%25DF195157.jpg&type=a340,True
1666,421,https://search.pstatic.net/common/?src=http%3A%2F%2Fshop1.phinf.naver.net%2F20241209_204%2F1733715292424AU2u7_PNG%2F67848058829963393_1552678680.png&type=a340,True
1667,422,https://search.pstatic.net/common/?src=http%3A%2F%2Fblogfiles.naver.net%2F20150102_211%2Frdcoffee_1420175074439uEvuI_JPEG%2FKakaoTalk_20141231_113618367.jpg&type=l340_165,True
1668,423,https://search.pstatic.net/common/?src=http%3A%2F%2Fblogfiles.naver.net%2FMjAyMTA1MDlfMTQ0%2FMDAxNjIwNTE5OTM4ODEy.iQAMIyC6iznc-O4W0A4NscDy-6UCWrPwKX_8Eqa0NV8g.GFsP8JkcdzSKi11Nhp2VEmTrQzwi7nioM76MIWCwEyUg.JPEG.wjstnwl1998%2FIMG_5725.jpg&type=a340,True
1669,424,https://search.pstatic.net/common/?src=http%3A%2F%2Fblogfiles.naver.net%2FMjAyMTA3MzFfNDYg%2FMDAxNjI3NzMzODU5OTI2.Kv_1RcBVC3BZknESHSU9p4w-KDGM-PtPLXU0HUO-NXwg.U7P7iNtgevCzLWfwwgfxJM2qBlKARgFR9ibCiyGDr0Ig.JPEG.hjloveyy%2F20210731%25A3%25DF112812.jpg&type=a340,True
1670,425,https://search.pstatic.net/common/?src=http%3A%2F%2Fblogfiles.naver.net%2FMjAyMzA5MDZfNTEg%2FMDAxNjkzOTY1NTc5MTgz.W26bTc7gynGp3-D4_QcoNu-sUatFLVg_GPWWRMT1XzQg.69XDbX2DGB54BlKd6bQ-14Z0L1eD1hoFywBoduDQyWgg.JPEG.ezfoldingdoor%2F5.jpg&type=f54_54,True
1671,426,https://search.pstatic.net/common/?src=http%3A%2F%2Fblogfiles.naver.net%2FMjAyNTA3MjJfMTY4%2FMDAxNzUzMTUzMjM4OTky.lJunby-V_xiF2Nvi5fdM9F1yVwq6cp_lqQD7JdT6IN0g.7kZeqrtne6D9dRgAkTjJk9FTMZG3zLwNxmN1_oyjTZkg.JPEG%2FIMG%25A3%25DF6660.jpg&type=f54_54,True
1672,427,https://search.pstatic.net/common/?src=http%3A%2F%2Fblogfiles.naver.net%2FMjAxNzA3MDZfMjMz%2FMDAxNDk5MzQ4NzEzMDYx.lFoZi457VU9hH3yOszzMoRH3yLBaos0APaBXO4xQevYg.2i9_ThRJsPCzVlg3Sg5e6uJV_uweGsNVLWjcP1_lC1Ag.JPEG.msunh%2F32.jpg&type=a340,True
1673,428,https://search.pstatic.net/common/?src=http%3A%2F%2Fblogfiles.naver.net%2F20160130_153%2Fwine59_14540999703465t7JU_JPEG%2F20160127_115358.jpg&type=a340,True
1674,429,https://search.pstatic.net/common/?src=http%3A%2F%2Fblogfiles.naver.net%2FMjAyMDEwMDVfMjg3%2FMDAxNjAxOTA1MTI0Mjg5.6K17TDztkvX1VcgMn-UxQ4RYeeDsqC9KAHxHjiGtL4Ug.LeoT1COjOXPN6T4WCzBHEORbFEgYpi3HMKhqvkh5HoUg.JPEG.myeongja2009%2FKakaoTalk_20201005_215101392_04.jpg&type=a340,True
1675,430,https://search.pstatic.net/common/?src=http%3A%2F%2Fblogfiles.naver.net%2FMjAyMzEyMDVfNDEg%2FMDAxNzAxNzQzNDI1NzU2.PjaFEOvYYv3ZTtuJJOMB9Mo0QFIPZ_NdKeiI6JHjvY4g.5yzTIhPXSjCFNfvdObTYkxrk2nlEYcjX-s8-0OAnaPIg.JPEG.doothegee12%2Foutput_3705777707.jpg&type=a340,True
1676,431,https://search.pstatic.net/common/?src=http%3A%2F%2Fblogfiles.naver.net%2FMjAyNjA0MjhfMjM4%2FMDAxNzc3MzYxODI4ODEw.Tgn-OQ3G1BxtZbmE774eycLLYUQRWrQfyS3uUMxU5wQg.0F7QU4w8e89c1zew7Fla3OWOrIftOVQIz29THVvEBnog.JPEG%2FIMG%25A3%25DF4096.jpg&type=a340,True
1677,432,https://search.pstatic.net/common/?src=http%3A%2F%2Fblogfiles.naver.net%2FMjAyNDA1MjBfMjYz%2FMDAxNzE2MTM0MjMzNzcy.MEHoESxU9AJDdwDtgPgZve6MJ5A90hP5fU05K_ly9hYg.e53daug0V2zcNEk0d4lte6vJdIxO5h3UZOEEKlW6AiEg.JPEG%2FKakaoTalk_20240520_003642685_01.jpg&type=a340,True
1678,433,https://search.pstatic.net/common/?src=http%3A%2F%2Fblogfiles.naver.net%2FMjAyNDExMDdfMjI0%2FMDAxNzMwOTU3MDU3NjU3.sQlFFO0VDA3nRy5dnRnEt-M6FjOyFGFXmWlxnUbSrLUg.lAbYIAto5Neu-YtKRGXy8C5gSUPhlPCQFCJAElMPAZQg.JPEG%2F20241107_114222.jpg&type=f54_54,True
1679,434,https://search.pstatic.net/common/?src=http%3A%2F%2Fblogfiles.naver.net%2FMjAyNjAzMDhfMTE5%2FMDAxNzcyOTc0MTMzMzMy.AXovWVHbEqJ2jIuGMvx3fXrCll2YJrp8HZ_3dQIk8OMg.IV4XUfVS_gx1U0blHyj64Vfyi8NULuuE5KgYATt-qIgg.JPEG%2FDSC08740.jpg&type=ofullfill340_600_png,True
1680,435,https://search.pstatic.net/common/?src=http%3A%2F%2Fblogfiles.naver.net%2FMjAyMzA4MDNfOTQg%2FMDAxNjkxMDM5NDAwOTM2.xiKMyJX8FsClBvdcfkujKBiKSe2S4-R7lf6eJUCkNJwg.jGnE3W2od4MimCgoCdn3bvYagFU2OMgtp67hKxCzGOMg.JPEG.time4496%2F%25C1%25A6%25B8%25F1%25C0%25BB_%25C0%25D4%25B7%25C2%25C7%25D8%25C1%25D6%25BC%25BC%25BF%25E4_-001_%252828%2529.jpg&type=a340,True
1681,436,https://search.pstatic.net/common/?src=http%3A%2F%2Fblogfiles.naver.net%2FMjAyNDA0MjBfOTkg%2FMDAxNzEzNTk3NDM0MDY3.zExLXdgZ6G0k051ANOnM81CkrjkXYvlDGixho1dfpsUg.acgD8BOHMEBt791Mrc5d3pyNBeX-qb9pDnml8972uRgg.JPEG%2FKakaoTalk_20240418_220120995_02.jpg&type=a340,True
1682,437,https://search.pstatic.net/common/?src=http%3A%2F%2Fblogfiles.naver.net%2F20150514_121%2Fsilverwingkj_1431585839167LNsAc_PNG%2F12e.PNG&type=a340,True
1683,438,https://search.pstatic.net/common/?src=http%3A%2F%2Fcafefiles.naver.net%2F20160609_206%2Fhellenkim25_14654504713105Xm2q_JPEG%2FNa1465450389265.jpg&type=a340,True
1684,439,https://search.pstatic.net/common/?src=http%3A%2F%2Fblogfiles.naver.net%2FMjAyNTA3MjNfMjY4%2FMDAxNzUzMjc3MjU1MzIx.EudX_AH4cpdA2hUa1FmtW-6ycUKIQgvfCOr6TbBNwvQg.rBANFBC4t0Sza87s72XczAJ6ToqEKQovr-zYuk_xPzcg.JPEG%2F900%25A3%25DF20250623%25A3%25DF202121.jpg&type=a340,True
1685,440,https://search.pstatic.net/common/?src=http%3A%2F%2Fblogfiles.naver.net%2FMjAyNDA5MjFfODQg%2FMDAxNzI2ODc2MDc4MTQx.P9fb8Hw8gBxCCFxj3eno10-u9kGjskncEYe_o10941Ug.8XGqeTGbpUnwzKLYeJPlsZR3Yb4gKYhqwTIe2JBnvhYg.JPEG%2FIMG_4725.JPG&type=a340,True
1686,441,https://search.pstatic.net/common/?src=https%3A%2F%2Fldb-phinf.pstatic.net%2F20260708_146%2F1783502684705wSnHw_JPEG%2FIMG_0224.jpg&type=a340,True
1687,442,https://search.pstatic.net/common/?src=http%3A%2F%2Fblogfiles.naver.net%2F20141030_247%2Fkeangja486_1414595845524yVdAH_JPEG%2F20141029_235832_edit.jpg&type=a340,True
1688,443,https://search.pstatic.net/common/?src=http%3A%2F%2Fblogfiles.naver.net%2FMjAyMzEwMDNfMjU2%2FMDAxNjk2MzM0ODE2MDk1.twPsob7NLzvdsBjpQgMi6Ygj7XZETMw4lVvKhq_GCYsg.ecHl1v7qLeqVXkY4nL3d0VwASdhrWxH15KYBI6Qc_qEg.JPEG.316700a%2FKakaoTalk_20231003_144155831_10.jpg&type=f54_54,True
1689,444,https://search.pstatic.net/common/?src=http%3A%2F%2Fblogfiles.naver.net%2FMjAyMjA3MDJfMTc4%2FMDAxNjU2NzcwNjUyODAz.dHONnYi93LFZyKoIExs2z6UuxcO91eXfZNI4lIYsY3Eg.ucwYTKAYhLVj9aGTzGfoKc9wBPJVVybgrGfB8rQu8Akg.JPEG.kimhk1031%2FIMG_6409.jpg&type=a340,True
1690,445,https://search.pstatic.net/common/?src=http%3A%2F%2Fblogfiles.naver.net%2FMjAxODA4MDdfNjYg%2FMDAxNTMzNjQ5ODgyMjY4.ANZctrPSJEU8jSLYykLNDmQYFLOqC0HSvSL8UX9HPmUg.ozeeE0o1jYXYPb6xiLNttFPlGgS4BTbzscyxVa7m1Msg.JPEG.jmjggggg%2FIMG_3561.jpg&type=a340,True
1691,446,https://search.pstatic.net/common/?src=http%3A%2F%2Fblogfiles.naver.net%2FMjAyNDAzMTlfMTY5%2FMDAxNzEwNzc4Mzg1OTI1.WR3ppoqBfmK7orpeOLHl3-QhMLg1yoJ79jt0phi1rsYg.h5muPhqlL_uBTTjhEFRpT6Y_nQtkQlnX6A2vpaQSTB0g.JPEG%2F20240317%25A3%25DF130951.jpg&type=a340,True
1692,447,https://search.pstatic.net/common/?src=https%3A%2F%2Fldb-phinf.pstatic.net%2F20240510_13%2F1715271756318k9MJY_JPEG%2FIMG_0367.jpeg&type=a340,True
1693,448,https://search.pstatic.net/common/?src=http%3A%2F%2Fblogfiles.naver.net%2FMjAyMzA4MzBfMTk0%2FMDAxNjkzNDAzNzE5ODIw.EosOKzoIPDtvVueUiPkHa-K9ti6AzcPX7Yg89YedNSIg.lp0Il3xg_-7hwk1UrmBu2q3TgikwCJBlnQEoOKuK0kkg.PNG.rko7828%2F%25C1%25A6%25B8%25F1%25C0%25BB-%25C0%25D4%25B7%25C2%25C7%25D8%25C1%25D6%25BC%25BC%25BF%25E4_-002_%25283%2529.png&type=a340,True
1694,449,https://search.pstatic.net/sunny/?src=https%3A%2F%2Fi.pinimg.com%2F736x%2Fdc%2Fef%2Fdd%2Fdcefdd96e3f7d3c37a381ab411b66b9c--baby-teacup-pigs-teacup-piglets.jpg&type=f54_54,True
1695,450,https://search.pstatic.net/common/?src=https%3A%2F%2Fldb-phinf.pstatic.net%2F20260730_217%2F1785381500763zHpDN_JPEG%2F20251202_%25B8%25F3%25BD%25BA%25C5%25CD%25C4%25A1%25C1%25EE%25B7%25A6-0018.jpg&type=a340,True
1696,451,https://search.pstatic.net/common/?src=http%3A%2F%2Fblogfiles.naver.net%2FMjAxODA1MDJfMjk1%2FMDAxNTI1MjM5MDAwMzg1.upu6sQBQB-XpJhrmiz-ygQcB2-oEuKz8y7yTsnulaS8g.Cz1e0sAACBBXhObhUVqaoM2SM3qzj7msKoMcrLdFf6kg.JPEG.yee1036%2FIMG_6789.jpg&type=a340,True
1697,452,https://search.pstatic.net/common/?src=http%3A%2F%2Fblogfiles.naver.net%2FMjAyNTAzMzBfMjg5%2FMDAxNzQzMzM5NzM2ODYw.7J_Zvz-6AydQul2Cd0FJDBoPK2prg5GPlms0Cp-JJKUg.bd2JINUpvnZyybLdpA26G5326LAiQ5tmg1KManfVxvQg.JPEG%2F900%25A3%25DF20250325%25A3%25DF181744.jpg&type=a340,True
1698,453,https://search.pstatic.net/common/?src=http%3A%2F%2Fblogfiles.naver.net%2FMjAyNTA5MDFfMTAx%2FMDAxNzU2NzAyODg5Mjg3.ewZYYQWZJX1q2SuuCvgfkyBnNdk-xvRvrqEgEhJHhPog.qrkKqq7nfMoKGeymXh5b1oy84LXkOV3_7ojpZswwiCQg.JPEG%2FIMG%25A3%25DF2171.jpg&type=f54_54,True
1699,454,https://search.pstatic.net/common/?src=http%3A%2F%2Fimgnews.naver.net%2Fimage%2F009%2F2018%2F11%2F01%2F0004245804_001_20181101175548721.jpg&type=a340,True
1700,570,https://search.pstatic.net/common/?src=http%3A%2F%2Fblogfiles.naver.net%2F20100508_103%2Fisky024_1273323160669x9knd_jpg%2F%25C4%25BF%25C7%25C7%25C7%25CF%25BF%25EC%25BD%25BA_isky024.jpg&type=a340,True
1701,455,https://search.pstatic.net/common/?src=https%3A%2F%2Fpup-post-phinf.pstatic.net%2FMjAyNjAyMDJfMTc4%2FMDAxNzcwMDMzMjI3Mzc1.-OdrRkvX8gPmcHKMvzHiR0Rw1pnHk5rkNh0RfP5nvdsg.QhOB6OCD63zV5eO1fsSloljZymMSg-G6T3aY79VeizAg.JPEG%2FPOST_IMAGE_ENCODING_20260202_205346_982.jpg&type=a340,True
1702,456,https://search.pstatic.net/common/?src=http%3A%2F%2Fblogfiles.naver.net%2FMjAyNjA0MTFfMjgx%2FMDAxNzc1OTE2NjQ4MDU3.Vci7w39TR2O3G74hsyCQvHCQcEM35MOyj3FvdeeO1UEg.DsGEtn9SaRSXqdDevGqvLCsYHxGY6yvyySX4ryDAUvog.JPEG%2F900_20260411_121114.jpg&type=a340,True
1703,457,https://search.pstatic.net/common/?src=http%3A%2F%2Fblogfiles.naver.net%2FMjAyNTEyMjdfMjc4%2FMDAxNzY2ODE2NjIyOTU1.ryTFrmyOEdP0nfLQFBnqlEITsQTLJzQImt3syrU2mkkg.R5iPA6m8PQwuAbIwUtj7deBori-5mp8hsOXhRnlN0q8g.JPEG%2F900%25A3%25DF20251227%25A3%25DF134952.jpg&type=f54_54,True
1704,458,https://search.pstatic.net/common/?src=http%3A%2F%2Fblogfiles.naver.net%2FMjAyMjA3MDNfMjQ1%2FMDAxNjU2ODMwODc0MjQ4.sF7ZdB3-KFUfQjfWRJ2_I_tTmoTD2ON9BHiGsIvPlhMg.Be4kFwfwAOx4mu2r2exDZBNGt9BeKY3CZSwBtgJ_lAEg.JPEG.huijin9812%2FIMG_8538.jpg&type=a340,True
1705,459,https://search.pstatic.net/common/?src=http%3A%2F%2Fblogfiles.naver.net%2FMjAyNTExMDFfMjA3%2FMDAxNzYxOTY2MzgxMDQy.0UBRF7sPGKWR2-cIoXmBabeqcnrDfoelqo_LPDUGkKwg.EIvPXqFYrWVoPtb8xI76FhPlEUpQM6nV06_TzN1-aH0g.JPEG%2F900%25A3%25DF20251101120454.jpg&type=a340,True
1706,460,https://search.pstatic.net/common/?src=http%3A%2F%2Fimgnews.naver.net%2Fimage%2F5633%2F2026%2F03%2F09%2F0000064836_001_20260309173412141.jpg&type=a340,True
1707,461,https://search.pstatic.net/common/?src=http%3A%2F%2Fblogfiles.naver.net%2FMjAyNDA3MDZfMTc0%2FMDAxNzIwMjU3MTI1MTEz.8ftLmBFkZpFoO6ihfEAtgKB5pLRboyrcXn8Ur-Bt4tgg.Fp6MSay8OJUIBAehI63qY_jO4P4fhbRqAb1Dhjjg1SMg.JPEG%2FKakaoTalk_20240706_180851241_02.jpg&type=a340,True
1708,462,https://search.pstatic.net/common/?src=https%3A%2F%2Fldb-phinf.pstatic.net%2F20180621_32%2F1529557035803UnrWc_JPEG%2F-WbRtwP1Nzjg98Kxhrw5fJkH.JPG.jpg&type=a340,True
1709,463,https://search.pstatic.net/common/?src=http%3A%2F%2Fblogfiles.naver.net%2FMjAyNDAyMTNfMjg0%2FMDAxNzA3ODIyNzY2NDk1.YLUMXeM2M4Lwsqp69Dn_U440lwj2Oad6mjGZjgq_tLYg.2bDGbnb5bg-Zx-81ttXLecf_6kJxXFUpb9mzZ8Ipr9og.JPEG.bk__bk%2F20240213%25A3%25DF182827.jpg&type=a340,True
1710,464,https://search.pstatic.net/common/?src=http%3A%2F%2Fblogfiles.naver.net%2FMjAyNTEyMDVfMTc4%2FMDAxNzY0OTQ2NTY0MzEx.VBorJQDnIhdwnoZLj5PKgeuTDG6OvzMYtOwJyqN1ca4g.Ur7seV0iXX-dmoIZQ13lyc0sj87YUAf69iPdP4m1h10g.JPEG%2Foutput%25A3%25DF2965800283.jpg&type=a340,True
1711,465,https://search.pstatic.net/common/?src=http%3A%2F%2Fblogfiles.naver.net%2FMjAyNTA2MjdfMTMy%2FMDAxNzUxMDMwNDQ5MDY0.u3YQLoWt54jMN4xELkkwt9KowxB-4bhoAP_jW53hE58g.5mp3lHqm4ffZLcnfbhptHXzLCJRhU5MU7rAUTqF_r4Yg.JPEG%2F900%25A3%25DF20250327%25A3%25DF135948.jpg&type=a340,True
1712,466,https://search.pstatic.net/common/?src=http%3A%2F%2Fblogfiles.naver.net%2FMjAyNTA0MjdfOTIg%2FMDAxNzQ1NzY1MDE2ODU3.tiqBGGYZOgLhQg2VGRhrEz6AFXHdU84GZ31dSCaTEbog.AW0DfTvUZhyAtnGwg2VJ0WWhjersPbTRKkCmo2z8ndkg.JPEG%2FIMG_8516.jpg&type=a340,True
1713,467,https://search.pstatic.net/common/?src=http%3A%2F%2Fblogfiles.naver.net%2FMjAyNjA1MTFfMjU0%2FMDAxNzc4NDY0NjA1MTYx.UEsycEUOI_VpcygYQJWK7Nerh_qbI3_ldMt3bf0Shhwg.RSMFsARlz_MiHorIBx01O1yPIw4GW2isotfkcZIRCrMg.JPEG%2F24.jpg&type=a340,True
1714,468,https://search.pstatic.net/common/?src=http%3A%2F%2Fblogfiles.naver.net%2FMjAxNzAxMjlfMTEx%2FMDAxNDg1NjUxOTM3NTEw._6Bo2P18UnOuALtqKM_ZC7ivLG6VMjT0CPvIJO908DAg.PTZniGxmSkLavIdOSaXGBsfht720yM2Mo4fVW8aGa0gg.JPEG.krontheshore%2F20161220_111911.jpg&type=l340_165,True
1715,469,https://search.pstatic.net/common/?src=http%3A%2F%2Fblogfiles.naver.net%2FMjAyMjA2MDRfMjYx%2FMDAxNjU0MzQ2ODgxOTYw.L-voKkmbsO7hBKUTa-Pjg9KSAJKrCOpmYoAPWRMC3G8g.-iulcITZMKWmmYIfVg8QTa_uYaRm_mJbYYnAh5fMNuYg.JPEG.dmsgp5357%2FIMG_3607.JPG&type=l340_165,True
1716,470,https://search.pstatic.net/common/?src=http%3A%2F%2Fblogfiles.naver.net%2F20140811_103%2Fiamhankong_1407682824923fqcW0_JPEG%2F%25C7%25C7%25C0%25DA%25BE%25CB%25BA%25BC%25B7%25CE_%25B4%25EB%25BF%25AC%25C1%25A1_%25BE%25EE%25B1%25FA%25C7%25C7%25C0%25DA_%25C7%25C7%25C0%25DA_%25C3%25DF%25C3%25B5_%25B9%25E6%25B9%25AE%25C6%25F7%25C0%25E5_%25C7%25D2%25C0%25CE%25C4%25ED%25C6%25F9_%25C7%25D2%25C0%25CE%25B9%25E6%25B9%25FD_1.JPG&type=l340_165,True
1717,471,https://search.pstatic.net/common/?src=http%3A%2F%2Fimgnews.naver.net%2Fimage%2F5692%2F2026%2F06%2F30%2F0000050509_001_20260630093417536.jpg&type=a340,True
1718,472,https://search.pstatic.net/common/?src=http%3A%2F%2Fblogfiles.naver.net%2FMjAyNjA3MDZfODUg%2FMDAxNzgzMjY0MzUzOTcz.tb6_Upsl-qN8ZT9bkwrgfIs7dSbwGK7yswzh94MiZO0g.nVM5uy4WNCEHYfPRywFyGtEHQfoJF3YoX3IEm4tbI54g.JPEG%2FKakaoTalk_20260705_235720589.jpg&type=a340,True
1719,473,https://search.pstatic.net/common/?src=http%3A%2F%2Fblogfiles.naver.net%2FMjAyNjAxMTRfNzUg%2FMDAxNzY4Mzk1NzY1NzAx.8tqnPEhsqGzxw3SNrZG4NxNSji1VDpPYCs04VEDrhvIg.gTUfpDoGEsotQplLTgObYcQjanQM_GCxVTpNjl09gKgg.JPEG%2Foutput%25A3%25DF1406013593.jpg&type=a340,True
1720,474,https://search.pstatic.net/common/?src=http%3A%2F%2Fblogfiles.naver.net%2FMjAyMTEyMDJfMTU2%2FMDAxNjM4NDAwMjg3NjQ3.xog8G__JuMFOYHQyNbLi7GvUtIP6Kr-zjhqcPV3flfcg.VFHB4GdfOVOSmvulcW6kXTjEkm1KaDA4-q4zGLpsk-og.JPEG.hungrytiger1%2FIMG_3767.jpg&type=f54_54,True
1721,475,https://search.pstatic.net/common/?src=http%3A%2F%2Fblogfiles.naver.net%2FMjAyNTA3MjNfMTk1%2FMDAxNzUzMjUwNjIxNjc5.eSuyh9QdKSszs_xlqflCYx2vkPRrLbD7wVhcTxnieZsg.vHD9sUdh3yG41ZU-dIfr6Tw-bhYxL6-7owJw5Y0ik9Mg.JPEG%2FIMG_5068.jpeg&type=a340,True
1722,476,https://search.pstatic.net/sunny/?src=https%3A%2F%2Fd12zq4w4guyljn.cloudfront.net%2F750_750_20250623072351_photo1_5215fb78f8db.jpg&type=a340,True
1723,477,https://search.pstatic.net/common/?src=http%3A%2F%2Fblogfiles.naver.net%2FMjAyNTA1MDNfMjE5%2FMDAxNzQ2MjU4NTM1OTc1.ufip6TaY2fohoQv8MwWnbm6DYBNwGZsOrXkuAnKvI0og.RtWY9OoSHXVm195JUI0PfvWe0J7B67mvLFoc44YjDPUg.JPEG%2FIMG_3738.jpg&type=a340,True
1724,478,https://search.pstatic.net/common/?src=http%3A%2F%2Fblogfiles.naver.net%2FMjAyMzA5MTBfMTQg%2FMDAxNjk0MzMyMTExNTg1.JTUPTfEw5pHRI1zPKy0Ao8tXKp8O-QX0JEDD4mLxhgYg.LDto9_d2sKCpESz4MQNDJKwdixfV8-JQ3yjkkmWRSrog.JPEG.hyen8970%2FIMG_7074.JPG&type=a340,True
1725,479,https://search.pstatic.net/common/?src=http%3A%2F%2Fblogfiles.naver.net%2FMjAyNDEwMTVfMTIw%2FMDAxNzI4OTk0NjM0NDE5.VGnDBhp9siTjPZZTvTcnvof6b6biSDzVu0mum5iSra4g.jPHki_Lq5SEKxfKBedGcbyDqvpCb2CW6HwJNPys8Shsg.JPEG%2FKakaoTalk_20241015_205146638_17.jpg&type=a340,True
1726,480,https://search.pstatic.net/common/?src=http%3A%2F%2Fblogfiles.naver.net%2FMjAxOTA3MDJfMTUz%2FMDAxNTYyMDM4NDYzMjcy.KbZiSOGd-Fgh2K05tD7FmhI-Ct02HtkapzAOX0H0K6Eg.MsPFORDHwPD7kPP-fqpNd9_GO2aFK84xv4WdVmdQ1Dsg.JPEG.no_no0124%2F%25C7%25D1%25B3%25A2%25B8%25C0%25C0%25D6%25B4%25D9.jpg&type=a340,True
1727,481,https://search.pstatic.net/common/?src=http%3A%2F%2Fblogfiles.naver.net%2FMjAyNjAyMTZfMTQz%2FMDAxNzcxMjM2NDM1OTc2.wHAas-Giq7qYwnoznvOenSHC8vq7eyqOM9QPh29Ucucg.hD34qzNtPwEJ_f1pkl_Rn9qvwGJe80VF7rPoi7cFq6Mg.JPEG%2F900%25A3%25DF20260216%25A3%25DF165332.jpg&type=a340,True
1728,482,https://search.pstatic.net/common/?src=http%3A%2F%2Fblogfiles.naver.net%2FMjAyNjA3MDhfMTcy%2FMDAxNzgzNDkzOTYyMTE0.OYPFzZz0TbCDASw8KWdQzUeJTqyj1H_whIIO8rG24mgg.bRj6iSy2TDoseZMCwteeQfp54xD7nWMk3HhqJzkcATMg.JPEG%2F900_1783493937634.jpg&type=a340,True
1729,483,https://search.pstatic.net/common/?src=http%3A%2F%2Fblogfiles.naver.net%2FMjAyNTExMjRfNTIg%2FMDAxNzYzOTEyOTc1MTA3.HzCTETYxqrxL_2kDFUvksKgpl7pBha7sp4s9Qh4luCog.jXlP8F1Je6fMlqLFNOnP_2rL5sp98R7q3Ia5R42u8o0g.JPEG%2F%25BF%25EF%25BB%25EA_%25BD%25C3%25C6%25BC%25C5%25F5%25BE%25EE_%25281%2529.jpg&type=a340,True
1730,484,https://search.pstatic.net/common/?src=http%3A%2F%2Fblogfiles.naver.net%2FMjAyMDAyMjZfMTQx%2FMDAxNTgyNzAwMDUxNjYw._BVCuEnS8i_G-siCot57uNIXgOsYtxKPg3b71z-PuOkg.v_JDQz24M5f8ppiAuIchxD0FQSihLMPAmNDiNdfdSAwg.JPEG.cherrybongbong34%2F%25BF%25C0%25C0%25CC%25BD%25AC.jpg&type=f54_54,True
1731,485,https://search.pstatic.net/common/?src=http%3A%2F%2Fblogfiles.naver.net%2FMjAyNTEwMzFfMTU4%2FMDAxNzYxODk2Nzk3MDk4.sTQUJ0axAGEBS-AQMHw6uLcn0VCXWTHkPdER8IHp2-4g.ZKP0yN0gPRk0FEQMDbEdUT3KtJmDsMpON7GNxmTsiJMg.JPEG%2FIMG%25A3%25DF8459.jpg&type=a340,True
1732,486,https://search.pstatic.net/sunny/?src=https%3A%2F%2Fyt3.googleusercontent.com%2FI6fp2lRZ8DRvXhm9X2qwVf3iOcQuZoLhD1nOpw1_6rtLMxJdCVz5tMsxK37HQC-ilpWraiOWbA%3Ds900-c-k-c0x00ffffff-no-rj&type=a340,True
1733,487,https://search.pstatic.net/common/?src=http%3A%2F%2Fblogfiles.naver.net%2FMjAyNTEyMjZfMjAy%2FMDAxNzY2NzI3Mjg3MDEy.A2n-ivi9elnVxKc1Fds6UhekPPOJZG2BNDDhydAYraQg.97fKd00RWMJFKNTgkkYDDd3G8xBFl0mgF0fx2OseD9Yg.JPEG%2FDSC08182.jpg&type=l340_165,True
1734,488,https://search.pstatic.net/common/?src=http%3A%2F%2Fblogfiles.naver.net%2FMjAxOTA3MTlfMzUg%2FMDAxNTYzNTMxNjE3Mjcw.0ffKdKFvbpp1NluJ9uyBQ2fEVgjtJDn9GevQZrumvQIg.VXqvFndVcad6tbDXOAEwbl-AnJEVlzArBosHU6LOZE4g.JPEG.kssemi2%2FP1080985.JPG&type=a340,True
1735,489,https://search.pstatic.net/common/?src=http%3A%2F%2Fblogfiles.naver.net%2FMjAyMzEyMjNfMTM5%2FMDAxNzAzMjk1NDcxNjc0.C_ovqyAHS1jxc3J0a_DB_Petr5nH926d8EDEYOvvwBsg.TlXQA-xcGl8ttzsdwUSW2267C5-t0F5tEwOTt7opHEwg.JPEG.money6874%2FKakaoTalk_20231223_101727848_12.jpg&type=f54_54,True
1736,490,https://search.pstatic.net/common/?src=http%3A%2F%2Fblogfiles.naver.net%2FMjAyNjAxMjRfMTkw%2FMDAxNzY5MjUwODM4NzE1.PDgcaNMJsnaJZVN5AAGN6umfa-QDeo8jWapS4q96hCAg.zzmHpjsdTxsI2h3vAobOypyku1KftbWqEfeG1AZ9TVwg.JPEG%2FIMG%25A3%25DF3038.JPG&type=a340,True
1737,491,https://search.pstatic.net/common/?src=http%3A%2F%2Fblogfiles.naver.net%2FMjAyNTA2MjlfMjIz%2FMDAxNzUxMTY2MDM5NjY3.mOloQrzlcaR5LYDoGhAHQpuPOiAX0AXWPJaGM_vNDcEg.Yr5zr4RliXuv6hSJUzuYkj6vk4yqG0Quc0cWPxzTFpwg.JPEG%2FIMG%25A3%25DF9339.jpg&type=a340,True
1738,492,https://search.pstatic.net/common/?src=http%3A%2F%2Fblogfiles.naver.net%2FMjAyMTAyMTRfMTI2%2FMDAxNjEzMzAxNDIyNDEy.9KdeCdzVMDy2I2PdTdWSqhWLVOaUe3V18dD0W-yvAskg.uJtNxcv-5xBosBO30AZRps2p8Qxig1EGNDFccmAdG1cg.JPEG.jju22401%2FDSC07397.JPG&type=f54_54,True
1739,493,https://search.pstatic.net/common/?src=http%3A%2F%2Fblogfiles.naver.net%2FMjAyNDExMTlfNzYg%2FMDAxNzMxOTk1MzQxMzkx.b0B2Yv2OAiELpZ_C_jyIfF0WiJr9OVUfG_qY2qa3k3Ag.NZYzhJvDxrPatlPnw36K6AwTE8veGN7MRnz5LnqesQ8g.JPEG%2FKakaoTalk_20240926_175144576_12.jpg&type=a340,True
1740,494,https://search.pstatic.net/common/?src=http%3A%2F%2Fblogfiles.naver.net%2FMjAyNTAyMTJfMjUg%2FMDAxNzM5MzcxODkyNTkz.RUifmvbueKdPBE913eEi-G0wvD6P7GphrEpDU9S2-2gg._Ye5fJX0cFOXpCHBQCZjDokCYRDof_Qpyzl_ZuDe2HMg.JPEG%2F%25B4%25F8%25C5%25B2%25B5%25B5%25B3%25CA%25C3%25F7_%25B0%25E6%25BC%25BA%25B4%25EB%25BA%25CE%25B0%25E6%25B4%25EB%25BF%25AA%25C1%25A1_%25281%2529.jpg&type=a340,True
1741,495,https://search.pstatic.net/common/?src=https%3A%2F%2Fldb-phinf.pstatic.net%2F20221125_162%2F1669362432116smP2w_JPEG%2F20221122_114854.jpg&type=a340,True
1742,496,https://search.pstatic.net/common/?src=http%3A%2F%2Fblogfiles.naver.net%2FMjAyNjA3MTJfNDEg%2FMDAxNzgzODM0OTQ1ODcx.WuTqr78YMxFuGAFVx-3CEZheKLJd-FNJ09ox1xfpJ8sg.8BfGCJjh2NCBse_SQPUQaaXA7yTqNqaDguF6DYjoKRMg.JPEG%2F900_Screenshot_20260712_143522_NAVER.jpg&type=a340,True
1743,497,https://search.pstatic.net/common/?src=http%3A%2F%2Fblogfiles.naver.net%2FMjAyNDExMjNfMjI1%2FMDAxNzMyMzY3ODcxNjYz.uqf54dWUcEqNhIZrWyXgotrIG3__wWCLu4YF3UTxAt4g.C24LmtAtEK_5OhJg0zxJRh5gXOJVDasJ_KOlToT9ZKgg.JPEG%2F70493504_2409879675754943_6747508701369729024_n.jpg&type=a340,True
1744,498,https://search.pstatic.net/common/?src=http%3A%2F%2Fblogfiles.naver.net%2FMjAyNjAyMDJfMjIy%2FMDAxNzY5OTg3NzYyNjc2.8g4I-csav5qdM_hd3ifpkrt4V_LVyP4ekfOnTujZFIAg.XYqxzHcmZrfQuumguBdcDZjNYJ86eqJb2lGhhJN3ND8g.JPEG%2F900%25A3%25DF20260201%25A3%25DF125058.jpg&type=a340,True
1745,499,https://search.pstatic.net/common/?src=http%3A%2F%2Fblogfiles.naver.net%2FMjAyNjAxMjJfMjM5%2FMDAxNzY5MDkyMjkwNTEw.Q5xwZzj-vlSx7X1U-ZDtyaAH190m8ATeRVVQdEM6ME8g.4Z_p-Axcl603n9WGIDAEBzmHdDA-eJK2SbYdS8MvkPIg.JPEG%2F20260115_125143.jpg&type=f54_54,True
1746,500,https://search.pstatic.net/common/?src=http%3A%2F%2Fblogfiles.naver.net%2FMjAyNTA3MTJfOTIg%2FMDAxNzUyMzAxNTYzMDE3.alcpxotRbSIke9LbGllFgHCQgSnH04H1Ny_O3VEp4CQg.dySnknw_sIll3W9sZ_ObAZzQTH8gsBH0E4wS9nN4By0g.JPEG%2F900%25A3%25DF20250712%25A3%25DF124545.jpg&type=ofullfill340_600_png,True
1747,501,https://search.pstatic.net/common/?src=http%3A%2F%2Fblogfiles.naver.net%2FMjAyNDExMTVfMjcg%2FMDAxNzMxNjE0MDQ1ODMy.xVgxJLf9-3edIhELKSHwTR5EMKfLvF08RxHtWHZotZ8g.kUAkVRdff6wjhslqh5a2mZJeqIu6e4R_UtDJpVQ1dHMg.JPEG%2FIMG_8211.jpeg&type=a340,True
1748,502,https://search.pstatic.net/common/?src=http%3A%2F%2Fblogfiles.naver.net%2FMjAyMDAzMThfMjEy%2FMDAxNTg0NTQxMjUxNjc3.4QuZrB8fElN8Z9Rj7z5zBW7jGfdMgbRna21Xh7ZdAokg.kvizISJuh_w88ul2Eurhg7K-9zFKL5SV3Z7zNiWt2xwg.JPEG.wjdeotjd03%2F20200316_IMG_0451.JPG&type=f54_54,True
1749,503,https://search.pstatic.net/common/?src=http%3A%2F%2Fblogfiles.naver.net%2FMjAyNTA1MDhfMTA5%2FMDAxNzQ2NjgzODI3NDc5.29do1p9-KJSWjK-VL2n45uMjCwzeDCmvgTf5ZPM4UaAg.zkbEN3u9H7npiINpz7tC43kVmrgs3jLy6SThyd_cftYg.JPEG%2F900%25A3%25DF20250506%25A3%25DF141054.jpg&type=f54_54,True
1750,504,https://search.pstatic.net/common/?src=http%3A%2F%2Fblogfiles.naver.net%2FMjAyMjA5MjNfOTgg%2FMDAxNjYzODk3NDQ3OTAx.1L-h3STTdceuzae5YicOvLZqvPMzSxlFDVhfTzP17W0g.LKuBWqq3ULLzVrDGjYOr6zUkg8o_EAsnIs5qAOoMaCQg.JPEG.probe_14%2FIMG_2964.jpg&type=a340,True
1751,505,https://search.pstatic.net/common/?src=http%3A%2F%2Fblogfiles.naver.net%2FMjAyNTA4MDlfMTMy%2FMDAxNzU0NzQyNDUwODI0.hZryHiuyALBvqUmhz5qm_4BPq-3ro41T3nmMfSJIcK4g.-v6f4V9QObBve-cYVgtnxHczwid0LT0lwjBA5wYQHQEg.JPEG%2F900%25A3%25DF1754742407504.jpg&type=a340,True
1752,506,https://search.pstatic.net/common/?src=http%3A%2F%2Fblogfiles.naver.net%2FMjAyMTA1MTBfNzIg%2FMDAxNjIwNTg4MDU3OTMw.O5dACVi3olnC7_Q32QwhJOjNoiUy5doffH6iWzw7TZ8g.DKinvPCfTRE-5PONkBA9RbSybBBixs0jfsyrPs43PkAg.JPEG.ykikim60%2F20210510_041540.jpg&type=f54_54,True
1753,507,https://search.pstatic.net/common/?src=http%3A%2F%2Fblogfiles.naver.net%2FMjAyMzExMjhfOCAg%2FMDAxNzAxMTI5NTk3NjA2.xv8jxjtyfRgPo89Z55AbvaTiI8QJv0PTXFV4qw0Dwygg.oGGxYXlViuD37SX73Uw988NlrKvyaGKmosFD0im03RAg.JPEG.wjlee4284%2F20231101_112119.jpg&type=a340,True
1754,508,https://search.pstatic.net/common/?src=http%3A%2F%2Fblogfiles.naver.net%2FMjAyNTA1MDdfMTIy%2FMDAxNzQ2NjAwODc3NDAy.RU4mEZ29zGlhHaG_2jVkq8OGyol9M6NlEyKKUZb0I6Eg.yMfsG7H2pQK3seRXsY3rWcztvDOCrLzwmkaEabcX4TQg.JPEG%2FIMG_6650.jpg&type=a340,True
1755,509,https://search.pstatic.net/common/?src=http%3A%2F%2Fblogfiles.naver.net%2FMjAyNjA2MDZfMjIx%2FMDAxNzgwNzI3NDQwMTk0.BqQyWY3g_PmDEmdA9eVp6Po9qydQg4Tf90m4GNybQHAg.yNVg9GYXG_38vXNs_PjWa6irqY31zLXo66Uagozqg-Ig.JPEG%2Foutput%25A3%25DF3653146665.jpg&type=a340,True
1756,510,https://search.pstatic.net/common/?src=https%3A%2F%2Fldb-phinf.pstatic.net%2F20220502_9%2F16514628728153T2R4_PNG%2F%25BB%25FE%25BF%25C0%25B7%25D5%25BA%25B8.png&type=a340,True
1757,511,https://search.pstatic.net/common/?src=http%3A%2F%2Fblogfiles.naver.net%2FMjAyNTA2MTNfODgg%2FMDAxNzQ5ODEyNjk2NDE1.JZE7L0sM-hioQf6STqaE6Awx1TymMtY5I4AOiSkeXSkg.DENdj2nKVYzEMyAIU-7tOQHcslaVbW_fO9sfutiiomMg.JPEG%2F1749812454954.jpg&type=a340,True
1758,512,https://search.pstatic.net/common/?src=http%3A%2F%2Fblogfiles.naver.net%2FMjAyNTA2MDVfMTc4%2FMDAxNzQ5MDg2NjUzNTMz.c__J8tmS5Olqhco1k5KVBeHo10wSLWS6juopzk48c9Yg.ZCAl9UJCcwgphJ525-kxPw5MYwXuom1wW6dlr1MZ5Egg.JPEG%2FIMG_1648.jpg&type=a340,True
1759,513,https://search.pstatic.net/common/?src=http%3A%2F%2Fimage.nmv.naver.net%2Fblog_2025_08_18_335%2FnWErPHXdEL_01.jpg&type=ofullfill340_600_png,True
1760,514,https://search.pstatic.net/common/?src=https%3A%2F%2Fldb-phinf.pstatic.net%2F20260303_108%2F1772534021900rFUAO_JPEG%2F40%25C0%25CE%25C4%25A1_%25B8%25F0%25B4%25CF%25C5%25CD_%25B8%25DE%25B4%25BA%25C6%25C7%2528%25C0%25FC%25B8%25DE%25B4%25BA%2529_%25BF%25EC%25B5%25B5%25B6%25A5%25C4%25E1%25C4%25A1%25C5%25B2_%25C3%25DF%25B0%25A1_2026_0303_%25B9%25E8%25B4%25DE%25C7%25FC.jpg&type=a340,True
1761,515,https://search.pstatic.net/common/?src=http%3A%2F%2Fblogfiles.naver.net%2FMjAyMzAzMDhfNDYg%2FMDAxNjc4Mjc5OTQ3Mzg2.qOFAiMhiNxZtTQ-3XiRr9p0igsdcF5FL69PDuxNFP0Yg.tQ2kX--dT_5COcy7Kd6r4jaou57PoGgU6DGmSVZhNdog.JPEG.nnm3086%2FIMG_1878.jpg&type=a340,True
1762,516,https://search.pstatic.net/common/?src=http%3A%2F%2Fblogfiles.naver.net%2FMjAyNDA2MTZfMTMw%2FMDAxNzE4NTE2NDI0MjU4.Jz0bNAhk3Yh1XoW7eftWZuRzV7vsIc1awAh2T6QW4C4g.FoC9p3ISrd9wnAWLNbk6gOirKIIt38oo5uc95V7ThuIg.PNG%2FIMG_7649.PNG&type=a340,True
1763,517,https://search.pstatic.net/common/?src=http%3A%2F%2Fblogfiles.naver.net%2FMjAyNDEwMjlfMTMg%2FMDAxNzMwMTc2OTkyNzEz.hdjLkGVY6hun0RgniHbaY2ZLX5zCZtpUFWq53txTKmEg.WjYkUu1rVMW1h0pVF-rdW5w_ougwywt8N3x3u-4bdP4g.JPEG%2FKakaoTalk_20241028_204340721_02.jpg&type=f54_54,True
1764,518,https://search.pstatic.net/common/?src=http%3A%2F%2Fblogfiles.naver.net%2FMjAyMjA0MThfNTYg%2FMDAxNjUwMjg2NTM4NTgw.v_cy5m3Z8V8Deg0EnQgivJTRzjidihMlIzZWPan4mjMg.zLiP4LFV5n1pDKDqx8w9es6jOO3eqD5Nqkk2BObW11sg.JPEG.bina_8%2FIMG_7334.jpg&type=a340,True
1765,519,https://search.pstatic.net/common/?src=http%3A%2F%2Fblogfiles.naver.net%2FMjAyNDA2MTlfMTEw%2FMDAxNzE4Nzc2MDk5MTEy.XcTQM1ZF3WtnS8TUwaJoEVIbBJHj_Wd1Glr3gWHPNT8g.MLldv640b_WtN34vc7Aje3kQtu5ccLyFGcUt1czSh2gg.JPEG%2FIMG_4766.jpg&type=a340,True
1766,520,https://search.pstatic.net/common/?src=http%3A%2F%2Fblogfiles.naver.net%2FMjAyNjA1MzFfODQg%2FMDAxNzgwMjMwNjQxMDA0.k2eCD3ey0vcKjYSqsc0-3yOnvbHWIsxeWs8agrPiJSog.PLZ7t7pP5BE1RzW6gGGRLOr1uVLLeh5J30Cglkzowbcg.JPEG%2FIMG%25A3%25DF9741.jpg&type=f54_54,True
1767,521,https://search.pstatic.net/common/?src=http%3A%2F%2Fblogfiles.naver.net%2FMjAyNTA5MjdfMjYw%2FMDAxNzU4OTUzOTM2NzA3.WYbjG_4V_bDCs4JAvP3ujiXFzK12DcAaUro2LJdHAeUg.sYIUfk48cQhM8wcBhVhOar9cGvvf2GCZv3oyOA5rOtwg.PNG%2F%25B0%25A5%25BB%25F6_%25B3%25EB%25B6%25F5%25BB%25F6_%25B8%25C0%25C1%25FD_%25C0%25BD%25BD%25C4_%25BC%25D2%25B0%25B3_%25C0%25CE%25BD%25BA%25C5%25B8%25B1%25D7%25B7%25A5_%25C6%25F7%25BD%25BA%25C6%25AE.png.png&type=f54_54,True
1768,522,https://search.pstatic.net/common/?src=http%3A%2F%2Fblogfiles.naver.net%2FMjAyMzA2MTFfMTMy%2FMDAxNjg2NDcwMTY5NjY0.VzL_VGksu4v5SFsGf3ZpBRISvJiSIAmeu58LGbrt9lQg.UrVZyjUzf1BDLGpY4qwfo3hSgsVa3nlKtpN7N31S_Qog.JPEG.byunjuni%2FKakaoTalk_20230611_164934739.jpg&type=a340,True
1769,523,https://search.pstatic.net/common/?src=http%3A%2F%2Fblogfiles.naver.net%2FMjAyMzA2MjVfOTQg%2FMDAxNjg3NjkzNDU0MTMz.su1EvVwOSbF62lAuBQts8wPhRUZB6sZvi1Y7Vto38ikg.UCc6FmVeKVdTd6KeyZedqQ9pjRfpsodu_jdgplnnKo0g.JPEG.chgml28%2F20230624%25A3%25DF141548.jpg&type=a340,True
1770,524,https://search.pstatic.net/common/?src=http%3A%2F%2Fblogfiles.naver.net%2FMjAyNDA1MTdfNTcg%2FMDAxNzE1OTM5MDI3MDc3.99mwNgV8hYJo-aqxVVSuXPgaNLXz5Cx3SheugYo2KKsg.2HxaTjs45PuBvV_RmS7y3FoWsQSUbqbhCN2GGr6I0U0g.JPEG%2FIMG_2177.jpg&type=a340,True
1771,525,https://search.pstatic.net/common/?src=http%3A%2F%2Fblogfiles.naver.net%2FMjAyNTEwMTlfNjgg%2FMDAxNzYwODc2ODE2Mzk5.G9YvewLTvlBdpK-7p4UES5owjz2IKuPhLYLUEacAAkUg.pPU6muj7kgmxDi5e2K8Gwz8NbBWQcRwd_0YrSaj004gg.JPEG%2F20230321_185926.jpg&type=f54_54,True
1772,526,https://search.pstatic.net/common/?src=http%3A%2F%2Fblogfiles.naver.net%2FMjAyNTExMDVfMTYw%2FMDAxNzYyMzM2NjMwMjkz.N8i3IsBPkGlSsJXyhe2PF6PovHMcWDFOcRV6E7tYMv4g.MyDnVKyTTaE9f9vwRMCuBHDLSEmTjEAe-hWfOoHlJkQg.JPEG%2FIMG%25A3%25DF1371.jpg&type=f54_54,True
1773,527,https://search.pstatic.net/common/?src=http%3A%2F%2Fblogfiles.naver.net%2FMjAxNzA1MjJfMjAx%2FMDAxNDk1NDMwMDE4NTU2.ut449HSU1z5-pE7dvPeh0UQji56eX93FHwr0Clkkrdcg.YPlkFu8tmA6ulEYbE6dFuVmNbjTQx143UWJYbaQ73tUg.JPEG.sanghwanga%2F%25BE%25CB%25C3%25B5%25BC%25F8%25B4%25EB%25B0%25F6%25C3%25A2_00.jpg&type=a340,True
1774,528,https://search.pstatic.net/common/?src=http%3A%2F%2Fblogfiles.naver.net%2FMjAyMjAzMjNfMjI4%2FMDAxNjQ4MDAyNjMwNDE1.vr5flYJpN_WzVY0SGdjhAxo5FLZdicV_47PgDDq8UHUg.PpnOjVfCo_BQD7SYLC1o9mS55N0ZAhs_bLin-AzM0UEg.JPEG.ll5599%2F1648002331476.jpg&type=f54_54,True
1775,529,https://search.pstatic.net/common/?src=http%3A%2F%2Fblogfiles.naver.net%2FMjAyMTA5MDVfNSAg%2FMDAxNjMwODQzMTgwOTQx.LRg6MeXt4ZVU8lz4YILRAC5J2d-FaYKgqS5AH_lN45og.5qmXKggKUFm34hmL3Xd8SReN_YjZjU0O41s4DAPq8aUg.JPEG.kim_kyung_ju%2F20210822%25A3%25DF114440.jpg&type=a340,True
1776,530,https://search.pstatic.net/common/?src=http%3A%2F%2Fblogfiles.naver.net%2FMjAyNjAyMjFfMTc0%2FMDAxNzcxNjgzMjU3MTM1.B5Be6i8se_XCf0Zq1wo8LwzZMMwvtu0uZjVh0-CKlgsg.lVJQW8JrED-OU9u7rgGD6MEImbG5quxgKCiu6yA-cTMg.JPEG%2FIMG%25A3%25DF7367.jpg&type=a340,True
1777,531,https://search.pstatic.net/common/?src=http%3A%2F%2Fblogfiles.naver.net%2FMjAyNDEyMDlfODEg%2FMDAxNzMzNzIzMDI0MDU5.FWPMJeAOKUKePzsYZu5MJl3Bo-AXyq6Q9yyd4e24essg.qQtPN6yICEBRFptyexHJPA5V6NrdQqapzlBasghTVeAg.PNG%2F%25BD%25BA%25C5%25A9%25B8%25B0%25BC%25A6_2024-12-09_%25BF%25C0%25C8%25C4_2.42.45.png&type=a340,True
1778,532,https://search.pstatic.net/common/?src=http%3A%2F%2Fblogfiles.naver.net%2FMjAyNTA3MTBfMTIx%2FMDAxNzUyMTExMjA2NDY2.a3eKNZicUg9GA1rWPigJAk0-oNomatAVfQmKWi0LrWsg._TaH9L_UDBU005APyMgVuOdJvCFAm5rXUaS7aYc_xlAg.JPEG%2F900%25A3%25DF20250709%25A3%25DF183438.jpg&type=a340,True
1779,533,https://search.pstatic.net/sunny/?src=https%3A%2F%2Fkr-cdn.spooncast.net%2Fprofiles%2F2026%2F02%2F08%2F489cdce4-f8c0-4901-8272-602083d778dd.jpg&type=f54_54,True
1780,534,https://search.pstatic.net/common/?src=http%3A%2F%2Fblogfiles.naver.net%2FMjAyNTA3MTlfMTEx%2FMDAxNzUyOTM2NjQ3OTU4.wiZwsJZSl5Tom9JPu7_nn88fXk_FJGiWIHNi5PIM-GQg.7hQRvfFmHzA8TPDKcq3I7iDZhd43OXwDCjKr2QHQgPUg.PNG%2F2%25C6%25C4%25C6%25C4%25C1%25B8%25BD%25BA%25C7%25C7%25C0%25DAvs%25B4%25D9_0.png&type=a340,True
1781,535,https://search.pstatic.net/common/?src=http%3A%2F%2Fcafefiles.naver.net%2FMjAxOTExMDZfNzMg%2FMDAxNTczMDE1MTkwMDk4.0YipDJgiZKf8BO4b2PlP61aKSNVqNZ7UOjkAU_FrgJUg.u-TzUx2s4JVtbqckGFfKNVNfHTVJAF5rvKw-ihYqZmwg.PNG%2F22.PNG&type=f54_54,True
1782,536,https://search.pstatic.net/common/?src=http%3A%2F%2Fblogfiles.naver.net%2FMjAxODA2MDdfMjgw%2FMDAxNTI4MzM2MDA5Mjcw.H3iT-WxyGmK_BBR64S2-k2TZKjxs9S4anqxsQWvw1NIg.nUVCDfgd1zpmf6hlmcbqOO_LDeYYsEGaJ4D-xe-8tbAg.JPEG.oneroomagent%2FKakaoTalk_Moim_4PYr3PFviauhh7HHAynz4ROJ3pnjSF.jpg&type=a340,True
1783,537,https://search.pstatic.net/common/?src=http%3A%2F%2Fblogfiles.naver.net%2FMjAxOTA1MTJfMTgz%2FMDAxNTU3NjQ3ODM5NzUz.ub66EQPppzEdTbl9uLWwazIbBT7dqSitN7u-QYhmE_kg.GeHxsNmYHIbyl4IRRROtFJoFBMxhG5n3WxMrwDAKDYEg.JPEG.con-gallery%2F20190501_165438.jpg&type=a340,True
1784,538,https://search.pstatic.net/common/?src=http%3A%2F%2Fblogfiles.naver.net%2FMjAyNjA2MjBfOTMg%2FMDAxNzgxODg3MzQ4NTMz.GnXbi89KVD4bv04mO4jbtYpPmLjRbIko033wxXPxcWMg.JMo4LartFoVTf8xVWvw0Vpal_O7vellk35id8tDI_10g.JPEG%2F900_1781886992738.jpg&type=a340,True
1785,539,https://search.pstatic.net/common/?src=https%3A%2F%2Fldb-phinf.pstatic.net%2F20260610_255%2F1781094695110g7BKr_JPEG%2FKakaoTalk_Photo_2026-06-10-21-12-14.jpg&type=a340,True
1786,540,https://search.pstatic.net/common/?src=http%3A%2F%2Fblogfiles.naver.net%2FMjAyNDAxMjhfMjE5%2FMDAxNzA2NDE4NDkyODEz.g3Novs-AY-w7MK3vhD6qqRlSkvErNVjX_ROL_Zji1Awg.qgcqRoSSVBC9LyFEf3JrQ99IpXKMBLfJiqr4LOzPMs4g.JPEG.jin138308%2F%25B4%25D9%25BF%25EE%25B7%25CE%25B5%25E5%25C6%25C4%25C0%25CF%25A3%25DF20240128%25A3%25DF140305.jpg&type=f54_54,True
1787,541,https://search.pstatic.net/common/?src=https%3A%2F%2Fldb-phinf.pstatic.net%2F20220301_153%2F1646122889467yyHuv_JPEG%2F1646119288470.jpg&type=f54_54,True
1788,542,https://search.pstatic.net/common/?src=http%3A%2F%2Fshop1.phinf.naver.net%2F20240604_155%2F1717475261158HvTdW_JPEG%2F118611156859980616_878922731.jpg&type=a340,True
1789,543,https://search.pstatic.net/common/?src=http%3A%2F%2Fblogfiles.naver.net%2FMjAyNTAyMDJfMTAz%2FMDAxNzM4NTA2MTM2NDE1.mYpVabaur8ExQlY89UtOLBbFtn3uDgrbJiOHY6Zv0SAg.Kq-0Lqv-wgvsmA6ZxBuUNKoUxmlqrhO0ys4sicFiydQg.JPEG%2FIMG_5243.jpg&type=f54_54,True
1790,544,https://search.pstatic.net/common/?src=http%3A%2F%2Fblogfiles.naver.net%2FMjAyNjA1MzBfMTAg%2FMDAxNzgwMTMwNDAzODQ3.uMv02pP4KEGazgzuAXRafWkrb65E89zaYiUFdKwqPgkg.R_IO5WJNvYx5v2GNasAh_0VBcoX04IZPR0FEfnkutIUg.JPEG%2FIMG%25A3%25DF0254.JPG&type=a340,True
1791,545,https://search.pstatic.net/common/?src=http%3A%2F%2Fblogfiles.naver.net%2FMjAyMjA5MTVfMjYy%2FMDAxNjYzMjI1NTIwNjYy.qZO7nfygd5D26P9_x9qUbgz8bLOBuNVv2iER6uobHRkg.oZnUN1A5kUnXs4FDrsFI1OibJnQ_J7r22fOZjgBDng4g.JPEG.wjy0325%2FIMG_0700.JPG&type=a340,True
1792,546,https://search.pstatic.net/common/?src=http%3A%2F%2Fblogfiles.naver.net%2FMjAyNjA0MjBfMzgg%2FMDAxNzc2NjQwMjU4ODk3.NMMacdX_isIyw1EvbjhoSHvRuyaPA3E5G_zXxRim-AYg.3f4WhQ_1Dwi4XQwYMIaRcqI5iXkNV-8_iu0X5Ho22Ykg.JPEG%2FIMG%25A3%25DF8658.JPG&type=a340,True
1793,547,https://search.pstatic.net/common/?src=http%3A%2F%2Fblogfiles.naver.net%2FMjAyNTEyMjhfNiAg%2FMDAxNzY2ODkxNTE2MzI1.fSjqejuFjHhQkRwOHIv8frKN5_Tk_G8zgr5HSZ1xA4Ag.JWk_12lfPXE_lxUrmMgAPX5RWmL5IKZVSxR7s0NePaAg.JPEG%2F%25B9%25DF%25C7%25D8.jpeg&type=f54_54,True
1794,548,https://search.pstatic.net/common/?src=http%3A%2F%2Fblogfiles.naver.net%2FMjAyNjAyMjRfMjEy%2FMDAxNzcxOTA5NzM4MzE0.BHTpqjyWI-9nPY97XnW2BwX8O9j9kAnuhM9-X2_IgUAg.AXxn7nOPp3C-QSSH0BTUAVNlvV4ohaBAhF7CCpufl_gg.JPEG%2F%25BA%25CF%25C4%25AB%25C6%25E4.jpg&type=a340,True
1795,549,https://search.pstatic.net/common/?src=http%3A%2F%2Fblogfiles.naver.net%2FMjAyNjAyMjNfMjgw%2FMDAxNzcxODQ3Njk2MTA2.IczUaUD-coad1pPDSttFl8VA756eBXX-xyow18GLMDog.x7SUimbIyFdrCmfKhJIK9AjNyW8A_21UCPxuIM-vCdsg.JPEG%2F%25C1%25A6%25B8%25F1%25C0%25BB_%25C0%25D4%25B7%25C2%25C7%25D8%25C1%25D6%25BC%25BC%25BF%25E4._%252820%2529.jpg&type=a340,True
1796,550,https://search.pstatic.net/common/?src=http%3A%2F%2Fblogfiles.naver.net%2FMjAyNTA3MjhfMTcg%2FMDAxNzUzNjMwODE0NDg4.KRNQAutk1Q_tCZ6IJcb8lAGV8ISiLOsRzjpT5YzD8k4g.985EenWxZr1LRJyaSjTRKby3juMouCHXBkerRpSo3LYg.JPEG%2F900%25A3%25DF20250725%25A3%25DF113658.jpg&type=a340,True
1797,552,https://search.pstatic.net/common/?src=http%3A%2F%2Fblogfiles.naver.net%2FMjAyNjA2MDlfMjUg%2FMDAxNzgwOTc2NDYzOTMw.I9oPldlTb51OdqxgK_0pCTD-gyhzwEx3IE_D572iQUMg.lezaVc63pPrDKOhFGBGOGc1BcNUn64tACcefNG66F0Mg.JPEG%2Fbatch_20260320_120329.jpg&type=f54_54,True
1798,553,https://search.pstatic.net/common/?src=http%3A%2F%2Fblogfiles.naver.net%2FMjAyNTEyMDNfMjY1%2FMDAxNzY0NzI5MTAwMzQz.gNwh5IuToRYIZgkUJUytqkK2Wy_5pIrCsVOCPDqNmJcg.gDWuPTRjfgThXUKhK7Vy3mtqFKSlularEYgSwteWTsYg.JPEG%2FIMG_4501.jpg&type=a340,True
1799,554,https://search.pstatic.net/common/?src=http%3A%2F%2Fblogfiles.naver.net%2FMjAyNDAzMTdfMjgz%2FMDAxNzEwNjcxMzg0Njk4.uJIc5upW37-aowftQ5As2Q96NMePql8ARjl42CJySK4g.DcoJsM3Lac-qQhL27OvZySaIatwYrCN5Wx4Eyojf-6sg.JPEG%2FIMG_3346.jpg&type=f54_54,True
1800,555,https://search.pstatic.net/common/?src=http%3A%2F%2Fblogfiles.naver.net%2FMjAyMjA2MTBfMTQ1%2FMDAxNjU0ODcyODg2MjU0.mfNFARrW3Rib0KeEJCLKADzjsx2vCIDGE0BxMje-RtAg.tDclHFVIuHcaYGp5CIb8H1mQ0ReXJtQl6WLvU3kJI_Ug.JPEG.ssy97310%2FIMG_4643.jpg&type=a340,True
1801,556,https://search.pstatic.net/common/?src=http%3A%2F%2Fblogfiles.naver.net%2FMjAyMjA5MjZfMjMx%2FMDAxNjY0MTU1OTU3MTgx.s1QLFvQsE_UDmtEYkudVsAfqLKZG9NAFrYTR8R_QGPsg.5us9jhk659lazkXqK_URZ_CDM7s7FOM7Ak8ZEk3QOe4g.JPEG.daeee711%2FIMG_2008.jpg&type=ofullfill340_600_png,True
1802,557,https://search.pstatic.net/common/?src=https%3A%2F%2Fldb-phinf.pstatic.net%2F20200710_1%2F1594315706675G1Yth_JPEG%2FqHkkPfUFlCqdZTuCDu33r-vD.jpg&type=a340,True
1803,558,https://search.pstatic.net/common/?src=http%3A%2F%2Fblogfiles.naver.net%2FMjAyNTA4MTVfMTM5%2FMDAxNzU1MjUyODYxODIw.R62hoSZb-rHWSoO9pdjWE9-P-l60LKO2g8d89btQaG0g.QP7ayr785eTarKyfHdIFM20F0DSM1nQUFIXrwFjMP-sg.JPEG%2FKakaoTalk_20250815_185400786_12.jpg&type=a340,True
1804,559,https://search.pstatic.net/common/?src=http%3A%2F%2Fblogfiles.naver.net%2FMjAyNDA0MDdfNiAg%2FMDAxNzEyNDY0NjI4OTgy.Tt1Dpfu-DiF-wbLG-bCAB7hbuvUKTJ8kQxiA7qwJH5gg.T-URbgLgKiqVzL9injeNcPSINA57_AIbDkYid4xCJWsg.JPEG%2FIMG_9094.jpg&type=a340,True
1805,560,https://search.pstatic.net/common/?src=http%3A%2F%2Fblogfiles.naver.net%2FMjAyMzA3MjlfMTE0%2FMDAxNjkwNTk5NDE2OTg1.ixCTUI_0QyiXErF-5LsMzBlgRaJsY2sQ4Nj-EPi4Vb4g.tUu7o1vljiMjwn1IoQiMmEKcRwNZ_RYYrlKJdU60maYg.JPEG.mjc3c%2FIMG_9171.jpg&type=a340,True
1806,561,https://search.pstatic.net/common/?src=http%3A%2F%2Fblogfiles.naver.net%2FMjAyNDA1MTJfMTQ3%2FMDAxNzE1NDQxNDgwODE2.aVJmlulcKXd8pxzEuvrW9MzyL3D6XAJBRDHys6gyBfkg.6_PwXRdXrxEp57MRK03-ufxgLtJxvL-tEHwvyp8sLxQg.JPEG%2F611WoodFire_1.jpg&type=a340,True
1807,562,https://search.pstatic.net/common/?src=http%3A%2F%2Fblogfiles.naver.net%2FMjAyNTA5MDJfMjcg%2FMDAxNzU2ODAyMzQ3MjAw.MuSE--cV6AvIGPnZHizJziE3lqqwYGpK9MNA2B0iE6sg.RAejHvrZKKwEMJ9fCtXfq3FieWBMmg7FS2LPXrZ5POwg.JPEG%2FKakaoTalk_20250902_163552421_14.jpg&type=a340,True
1808,563,https://search.pstatic.net/common/?src=http%3A%2F%2Fblogfiles.naver.net%2FMjAyNTA2MjNfMjYw%2FMDAxNzUwNjQzNzY2NzI4.xLeetViL98V2U6-kcig5RK_xJBazJ1bHvP4maAniPiIg.V05Y5m3NclBt16MN8T3TMRVp71qUHKF4e_aERKukK3Ag.PNG%2Fimage.png&type=f54_54,True
1809,564,https://search.pstatic.net/common/?src=http%3A%2F%2Fblogfiles.naver.net%2FMjAyNTA4MzBfMjk0%2FMDAxNzU2NTM5NTMxMDYx.xaBuvlufRFi-g2N7CgDJavzwXJUAY1qGqtTn4wi7yxQg.bxhqeDYV5CE3c2KfYD1CV949CR8PpKBIxNK9Yi2s8OQg.JPEG%2Foutput%25A3%25DF2242551863.jpg&type=a340,True
1810,565,https://search.pstatic.net/common/?src=http%3A%2F%2Fblogfiles.naver.net%2FMjAyNDA4MDJfMjIy%2FMDAxNzIyNTY2Nzk0MTI5.FYHN59vx9LGkYncJ2Km0FJCpVjiq5MCi1JUQmpSXTLog.XWijJSLTChv5-m_rDe7s8pj0fMZEfHKwz2I3Q0v3vhgg.JPEG%2FScreenshot%25A3%25DF20240731%25A3%25DF181417%25A3%25DFInstagram.jpg&type=f54_54,True
1811,566,https://search.pstatic.net/sunny/?src=https%3A%2F%2Fimg.wikiwand.com%2Fwikipedia%2Fen%2Fthumb%2Fb%2Fb5%2FThe_Vault_%2528by_Ol%2527_55%2529.jpg%2F1200px-The_Vault_%2528by_Ol%2527_55%2529.jpg&type=a340,True
1812,567,https://search.pstatic.net/common/?src=http%3A%2F%2Fblogfiles.naver.net%2FMjAyNDA4MTVfMjQ1%2FMDAxNzIzNjg2ODU2MTg5.WJ7UpWTMaaC27-FbsDy_XnfT2s_xR-CnIFzkzoPZyAMg.l04Dre69PXpyOSmXWX1NV0ghHlmCcqdB-IFSMEph8a4g.JPEG%2F20240809%25A3%25DF125310.jpg&type=f54_54,True
1813,568,https://search.pstatic.net/common/?src=http%3A%2F%2Fblogfiles.naver.net%2FMjAyNjA0MjhfMjE0%2FMDAxNzc3MzY5NTA2NDk0.aaUnLLNI7AkNpjzl09p4D2NbPmt9HaU2iO3kP_r7Uskg.XuSFd9B5W7fzFLUMlmRetKrEMbChymUoBFoF0Xci_wAg.JPEG%2FIMG%25A3%25DF0761.jpg&type=a340,True
1814,569,https://search.pstatic.net/common/?src=https%3A%2F%2Fldb-phinf.pstatic.net%2F20260416_195%2F1776296705964cehek_JPEG%2F%25BA%25CE%25BB%25EA%25B4%25EB%25BF%25AC%25C1%25A11.jpg&type=a340,True
1815,571,https://search.pstatic.net/common/?src=http%3A%2F%2Fblogfiles.naver.net%2FMjAyNDA0MjZfMTAy%2FMDAxNzE0MTA3NDE5Mzkz.7Uk6HHRrYlWTA77EyKbgTTy47lxvPZSDKb3ed7kBiKsg.XCCqaofuXL3ME5-eC2iyAYGJ1_Bt_EQCpxAhlRC0dTEg.PNG%2F%25C1%25A6%25B8%25F1%25C0%25BB-%25C0%25D4%25B7%25C2%25C7%25D8%25C1%25D6%25BC%25BC%25BF%25E4_-001_%25282%2529.png&type=f54_54,True
1816,572,https://search.pstatic.net/common/?src=https%3A%2F%2Fldb-phinf.pstatic.net%2F20240216_16%2F1708064401870jsPGf_PNG%2F%25BB%25F5%25BF%25EC%25B1%25D7%25B6%25F3%25C5%25C1.png&type=a340,True
1817,573,https://search.pstatic.net/common/?src=http%3A%2F%2Fblogfiles.naver.net%2FMjAxNjEyMTlfMTg4%2FMDAxNDgyMTM5NTcyNDg0.h_GPqf1g59lyuubw6H_vqtaYcv637a4loWzXheHu1dYg.NVT6QULkGMMbqXqnse4utoIeGGCfkBq0a09B9QWCEcMg.JPEG.kimgiyoung99%2FKakaoTalk_20161219_140636415.jpg&type=f54_54,True
1818,574,https://search.pstatic.net/common/?src=http%3A%2F%2Fblogfiles.naver.net%2FMjAyMzA3MjFfMyAg%2FMDAxNjg5OTQzMzI3ODAx.FlLtGNvmsRACbtcOycHNrG3eTGn92ojBKfPz4LoRJvIg.kTylkZnoEIuXYywfd9sn_NCcFEGjqM2eNIjnSsZqGK4g.PNG.hjhj5434%2F%25C1%25A6%25B8%25F1%25C0%25BB_%25C0%25D4%25B7%25C2%25C7%25D8%25C1%25D6%25BC%25BC%25BF%25E4_-001_%252819%2529.png&type=a340,True
1819,575,https://search.pstatic.net/common/?src=http%3A%2F%2Fblogfiles.naver.net%2FMjAxNjEyMjlfMjgy%2FMDAxNDgyOTc4NzIyNzgz.3ZlHWOttK0RVCBhqWQXxHBi_jxf6CEtPSVaPkkbxTiAg.IW8DMLOlZDqz6k2_eLJULIaDvyPKL9AI__292buk44kg.JPEG.kks204030%2F1482978508264.jpg&type=l340_165,True
1820,576,https://search.pstatic.net/common/?src=http%3A%2F%2Fblogfiles.naver.net%2FMjAyMDAyMjhfMTc5%2FMDAxNTgyODY5Nzg2ODA2.wxN-x3NnVqTqvoZpOZAhEVDylRLmnpdNK0jxJUhCDhUg.aRNFS-vMiJLb6DdX87IW5g4ZqMkEbnypWKrgvzxghyQg.PNG.food-map%2F%25B0%25E6%25BC%25BA%25B4%25EB%25C1%25A1.png&type=a340,True
1821,577,https://search.pstatic.net/common/?src=http%3A%2F%2Fblogfiles.naver.net%2FMjAyMjA5MTVfNDcg%2FMDAxNjYzMTk5NTU3OTkz.mw8ivrhydXuz_Zz5JnMTnpkMqm1HvgwkQocjtOEUWGkg.pPxBji-se_-1qd4_ZMBAgOycit0Enb32LKkP2tW0U50g.JPEG.ro0315km%2FIMG_2402.jpg&type=f54_54,True
1822,578,https://search.pstatic.net/common/?src=http%3A%2F%2Fblogfiles.naver.net%2FMjAyNTA4MzFfMTYy%2FMDAxNzU2NjEzNTM0NDQy.zor7YKXof5070dyKSN5zWXtZayrOKeNJbsAH5yq8DvYg.rDSG3evm06-8jE_Z9U-U6slUvPxzFIEDZEoojXSUaS8g.JPEG%2FIMG%25A3%25DF0090.jpg&type=a340,True
1823,579,https://search.pstatic.net/common/?src=http%3A%2F%2Fblogfiles.naver.net%2FMjAyNjA2MTFfNjAg%2FMDAxNzgxMTQ1NDU1NjM0.W9Jd-bTVqMh5ugIz9Qysc4mLRGCtOQ8HRGIAIUjdAyMg.v_PiWdjBm9zj7svfC-hCG6d7AM2lKBuX1Guurx-ZpmQg.JPEG%2FIMG%25A3%25DF9988.JPG&type=f54_54,True
1824,580,https://search.pstatic.net/common/?src=http%3A%2F%2Fblogfiles.naver.net%2FMjAyMzA2MjhfMjYg%2FMDAxNjg3OTE0MTkzMTk5.RywPQIeD0vkARLisaoffiR9XDwp4nY7klrHGixclJCsg.aXDrzNPYhCYSu7ZzZXkxAdKRPXgmWkKvVq5TNYAlB_Ag.JPEG.midas5224%2FKakaoTalk_20230628_094225678_14.jpg&type=a340,True
1825,581,https://search.pstatic.net/common/?src=http%3A%2F%2Fblogfiles.naver.net%2FMjAyNDA5MjNfMjU1%2FMDAxNzI3MDUxNTE5MzU4.2TvJnW1fsT-r3sP_YvZgnrpZNNA0TfsOKfgxSPZpCXMg.-3yCboJHEsrKAtenYdWbfnDwaQzEXgRabdCBY8XIqHsg.JPEG%2Foutput_1528497765.jpg&type=f54_54,True
1826,582,https://search.pstatic.net/common/?src=http%3A%2F%2Fblogfiles.naver.net%2FMjAyNjA3MDNfNTQg%2FMDAxNzgzMDM1Mjg4NjU0.Oe6FkniNdV4Wk4TKNl9cxHyjzb4vxL9QaX54OEga1Sog.c0Ae-w0n776dNjhdowFUzWVuwwZ0B9OJaDZK_yTz0xwg.JPEG%2F900_20260702_123432.jpg&type=a340,True
1827,583,https://search.pstatic.net/common/?src=http%3A%2F%2Fblogfiles.naver.net%2F20141123_167%2Fghkstjs117_1416717586755NR9vY_JPEG%2FKakaoTalk_20141118_223042841.jpg&type=f54_54,True
1828,584,https://search.pstatic.net/common/?src=http%3A%2F%2Fblogfiles.naver.net%2FMjAyNjA3MDVfMTE3%2FMDAxNzgzMjQ2NTIzMzY4.HLisUJLsvvsfzmdFwyIrVV4xWUJJNawcbSd3uzwdFVkg.aBCSP0drmwZmThX9bXG9FzkRYmj904jVJNNd5k4KIpsg.JPEG%2F900_1783246504849.jpg&type=a340,True
1829,585,https://search.pstatic.net/common/?src=http%3A%2F%2Fblogfiles.naver.net%2FMjAyNjAzMjdfMjc4%2FMDAxNzc0NTg1MTIwNzU1.9s10vZDArmX5v4FzqvTJoS7kAfTLI-ab-stpc49QYN0g.o0D084ybGuKE9myk8w1JB7JGzUHI0PbHJpkbbERg_6Mg.JPEG%2Foutput%25A3%25DF3606941977.jpg&type=a340,True
1830,586,https://search.pstatic.net/common/?src=http%3A%2F%2Fblogfiles.naver.net%2FMjAyNjA0MDZfMjAw%2FMDAxNzc1NDU0MjI0NDgx.2lqO4Ik3sQMqWwJv2lYnw2kUqKIw1pncEhClAGrxXrYg.LcOZAyVLywKC4DE0cc5luXs3a5kq-PFKAgAq50xc2Y8g.JPEG%2FIMG%25A3%25DF8744.jpg&type=a340,True
1831,587,https://search.pstatic.net/sunny/?src=https%3A%2F%2Fimage.linktoplace.com%2F20181126%2Fd41d8cd98f00b204e9800998ecf8427e%2F68e9a90e60bd4c78bbaa8730e898ff72.jpg&type=a340,True
1832,588,https://search.pstatic.net/common/?src=http%3A%2F%2Fblogfiles.naver.net%2FMjAxOTA1MjJfMjIw%2FMDAxNTU4NTE0OTE5NTk5.OQlT5oaJzvgzgdQ_AcaCyTRzGRM8BB0LbN7Mfc7B1r0g.aN0lbzqkJipjTHZqbU3lkRmVZk7pfrrqfMEHXL7CvxUg.JPEG.act0805%2F1556191168154.jpg&type=ofullfill340_600_png,True
1833,589,https://search.pstatic.net/common/?src=http%3A%2F%2Fblogfiles.naver.net%2FMjAyNTEwMzFfOSAg%2FMDAxNzYxODcxMjU0NzAz.chQxMry5OAYjrazVqQuEOi0_G5fjw9EAH9aLLdosWc4g.iODwIJDtMnypaz5OYrcolCms2CRa6JHSIiU57m4wJKAg.JPEG%2FIMG%25A3%25DF0622.JPG&type=a340,True
1835,591,https://search.pstatic.net/common/?src=http%3A%2F%2Fblogfiles.naver.net%2FMjAyNjAxMDVfMzQg%2FMDAxNzY3NTQwNjQyMzM3.KdtKYUgWG_eDqCYu2xHb7AwRcQXQ0wUhgzhCCLx4c7Ug.e7KICWBZNIgYAvMTPMBqV1tFNjaixl16lb8g6f9Oaiwg.JPEG%2FKakaoTalk_20251222_225032251_22.jpg&type=ofullfill340_600_png,True
1836,592,https://search.pstatic.net/common/?src=http%3A%2F%2Fblogfiles.naver.net%2FMjAyNTA4MTRfMjEy%2FMDAxNzU1MTc1NTI0ODU3.1ComEeora_jm_4Rtrwic3MSbBZRLEqkt1_5FhcjNChsg.9oILWv0KTD1A9IOZ6xrMxvPB4rRuqib8Ke3EHAo4d7Qg.JPEG%2FKakaoTalk_20250814_212633530_10.jpg&type=a340,True
1837,593,https://search.pstatic.net/common/?src=http%3A%2F%2Fblogfiles.naver.net%2FMjAyNTA5MjFfMjgx%2FMDAxNzU4NDQ4NDE1NzMx.brFerX674b3JQZAFDgH9U_Vb91OAOu7a-ntKrGQsMBAg.wOWQJgxkjy5JaBDKhXHlewQeVwLkBXUmgIcVqCUJaUEg.JPEG%2FIMG%25A3%25DF9880.jpg&type=a340,True
1838,594,https://search.pstatic.net/common/?src=http%3A%2F%2Fblogfiles.naver.net%2FMjAyNDEyMDdfMjQx%2FMDAxNzMzNTcyMzkxNjMz.rfJfhvVQXz8LvU80myBPkGPL-UBf02agKWHXfqV7YCAg.sexaUEjQNBrhdaAEY3hBvaer0byvzcb0O7r8F5_xHRYg.PNG%2F%25C3%25CA%25B7%25CF%25BB%25F6_%25B9%25D7_%25C8%25B8%25BB%25F6_%25C0%25DA%25BF%25AC%25BD%25BA%25B7%25AF%25BF%25EE_%25BB%25E7%25C1%25F8_%25C1%25DF%25BD%25C9_%25C1%25F6%25BC%25D3%25B0%25A1%25B4%25C9%25C7%25D1_%25BA%25EA%25B7%25A3%25B5%25E5_%25C1%25F6%25BC%25D3%25B0%25A1%25B4%25C9%25C7%25D1_%25C6%25D0%25BC%25C7_%25C0%25CE%25BD%25BA%25C5%25B8%25B1%25D7%25B7%25A5_%25B0%25D4%25BD%25C3%25B9%25B0.png&type=a340,True
1839,595,https://search.pstatic.net/common/?src=http%3A%2F%2Fblogfiles.naver.net%2FMjAyNTA1MjZfMjQ1%2FMDAxNzQ4MTg1NTc1MTY1.RaI098Xf09779gAHZg9uRQTT8qANBN0kMDUCh7Gb8O8g.P_XVfOKXMzHSACjAUUQHISwCo_adxTnQiJV4VAu6ZeMg.JPEG%2FIMG%25A3%25DF4549.JPG&type=f54_54,True
1840,596,https://search.pstatic.net/common/?src=https%3A%2F%2Fldb-phinf.pstatic.net%2F20230606_26%2F1685977669253hbKGN_JPEG%2F20221104040410356hJXFc6.jpg&type=f54_54,True
1841,597,https://search.pstatic.net/common/?src=http%3A%2F%2Fblogfiles.naver.net%2FMjAxNzEyMDRfMyAg%2FMDAxNTEyMzk1MDI1NDY2.pXedxUmGCyH7GG_Bq5QjHbA7RjvjXWfUfpTd0a5pqHog.WfJzbKZVyL3RKaRBkqSfiaXFtkX3wVEYBbiAdsQQfRsg.JPEG.miya1167%2FDSC09619.JPG&type=a340,True
1842,598,https://search.pstatic.net/common/?src=http%3A%2F%2Fblogfiles.naver.net%2FMjAyMzAzMDJfMjUx%2FMDAxNjc3NzU5Mjc1MTI0.RSt3sXS9qIWEHWRM2Zqjog5VRa0M4Icc4WxxHor_kH0g.5tB2HXFAVlJZr9ZAs5QR0DPBAvyYb60ursbn8cUeZ6kg.JPEG.puhaha1077%2F20230214%25A3%25DF191730.jpg&type=a340,True
1843,599,https://search.pstatic.net/common/?src=http%3A%2F%2Fblogfiles.naver.net%2FMjAyMDA4MTJfMzUg%2FMDAxNTk3MjA0NTA4NzE0.KV9q-dDPc5oAsxwW5qxMl6GRJNiRe2rEEzvEbZpAI3wg.YM8xIMZ76WsvlhLaFRqCPHmRTT9UeqMhF4FSodtLUa4g.JPEG.iedeblanc_daeyeon%2FKakaoTalk_20200810_190926551.jpg&type=a340,True
1844,600,https://search.pstatic.net/common/?src=http%3A%2F%2Fblogfiles.naver.net%2FMjAyMDEyMDJfNDkg%2FMDAxNjA2ODg4NTI1MDg3.oHFncMU39A0Zma4TOPX_9Mfhwd0bbBH5TSmpFaeyENEg.0fVctiAkaJ-LSX3DlIEqS0oXFo7Jji65zALwhWa7pAAg.PNG.macchiholic%2F%25BC%25F6%25BD%25C9%25BB%25EF%25B0%25A2%25C7%25FC003.png&type=f54_54,True
1845,601,https://search.pstatic.net/common/?src=http%3A%2F%2Fblogfiles.naver.net%2FMjAyMzEyMjFfMTg2%2FMDAxNzAzMTU4MjEwMzc3.RGSn4nFzBjwnmaSDPowI5lVvGO_qkDOxcpM08IooS3cg.9H_c8iRHPRuqGLwIuoSTUjNSuSvHrCfqIcogYhVdbDIg.JPEG.gkgkghgh234%2F20231220%25A3%25DF203127.jpg&type=f54_54,True
1846,602,https://search.pstatic.net/common/?src=https%3A%2F%2Fldb-phinf.pstatic.net%2F20200813_166%2F1597306688117mnk8j_JPEG%2FqCOTtkvUwbSwSvntVkIsT9w3.jpg&type=a340,True
1847,603,https://search.pstatic.net/common/?src=http%3A%2F%2Fblogfiles.naver.net%2FMjAyNDEwMDNfMjMw%2FMDAxNzI3OTMzMjgzMzY2.kpMqGqC05tGgncwtkr5l4lbiriUPnksuCur6lIYWPL4g.EhtHFJ46NQM4raXAA7KYFbpkLm4beU9sxFM6UwLDSEAg.JPEG%2FIMG_2227.jpg&type=f54_54,True
1848,604,https://search.pstatic.net/common/?src=http%3A%2F%2Fblogfiles.naver.net%2FMjAyNTEwMzFfMjI4%2FMDAxNzYxOTAyMzExMjIw.X7nUSA8c3hRR6THg-F-JhKsGTt6V1s8vay6D4Ju1d1Ag.Ut7BZxUQMevJ7pwDcrVcqsv7D9VB6K0zNoxjSbpuJ2Eg.JPEG%2Fahjjk.jpg&type=a340,True
1849,605,https://search.pstatic.net/common/?src=https%3A%2F%2Fldb-phinf.pstatic.net%2F20170707_219%2F14993974380880132P_JPEG%2F186657524737706_4.jpeg&type=a340,True
1850,606,https://search.pstatic.net/common/?src=https%3A%2F%2Fldb-phinf.pstatic.net%2F20260405_42%2F1775372198807xtohq_JPEG%2F%25C1%25A6%25B8%25F1%25C0%25BB_%25C0%25D4%25B7%25C2%25C7%25D8%25C1%25D6%25BC%25BC%25BF%25E4..jpg&type=ofullfill340_600_png,True
1851,607,https://search.pstatic.net/common/?src=https%3A%2F%2Fldb-phinf.pstatic.net%2F20260102_128%2F1767361033396rz8d2_JPEG%2FKakaoTalk_20260102_223431170_01.jpg&type=a340,True
1852,608,https://search.pstatic.net/sunny/?src=https%3A%2F%2Fimage.yes24.com%2Fgoods%2F126680803%2FXL&type=a340,True
1853,609,https://search.pstatic.net/common/?src=http%3A%2F%2Fblogfiles.naver.net%2FMjAxNzA0MjRfMTc2%2FMDAxNDkzMDI0MDA5Njgx.nSQtg-or4HL_i9xuiQRqQU9Glw7dgcqFjVmij7f1RK0g.bjRe82QYdedizL_1De6F0YjvdXwdUYoCwEMGqoRduZQg.JPEG.kmg0015%2F%25B0%25A3%25C6%25C7%25C3%25F8%25B8%25E9.jpg&type=a340,True
1854,610,https://search.pstatic.net/common/?src=http%3A%2F%2Fblogfiles.naver.net%2FMjAyNDA4MjRfMzAw%2FMDAxNzI0NTA5MDI1NjU3.lapaGh3bBYIWxbAWS4VSS7yknWn7qpC_AbWKDghnABwg.0mQeMY2NNj_vMCmtdz5HHnpOJCAbi4hYIBuiShIH2twg.JPEG%2FIMG_6085.jpg&type=f54_54,True
1855,611,https://search.pstatic.net/common/?src=http%3A%2F%2Fblogfiles.naver.net%2FMjAxODEyMTlfMjc0%2FMDAxNTQ1MTYwMjY1MzUz.Y4L9hnFfiZB08z_qz8ISH7petPJ1gG1t7oNhkBQWtHcg.sL4Lj1LYPCVOnJXzJ_qYRBBn5F7v1ANXoLrM9qG7hGkg.JPEG.purplecrom%2FDSC01296.JPG&type=a340,True
1856,612,https://search.pstatic.net/common/?src=http%3A%2F%2Fblogfiles.naver.net%2FMjAyNjAyMjdfNjkg%2FMDAxNzcyMTQ5OTYyNDI1.iKszoRpVgrGe-6D9Eikkmh1R-AjP4EwGeAXqX1USaC4g.nSmkI_Em1zUpXRf_9tWaD71KgPY_3QAQnujapxg0E84g.JPEG%2FP1140762.JPG&type=a340,True
1857,613,https://search.pstatic.net/common/?src=http%3A%2F%2Fblogfiles.naver.net%2FMjAyNDA4MjZfMjIz%2FMDAxNzI0NjQyNDEzMTQw.4xedJu1irm0UDRqti78j4rTRPYPs8HTqAUVnTax4KCYg.Uu9pzkPlIVzezyfbW4nlCEQDnINs7bCPsQaV5bDrYmEg.JPEG%2FP20240810_120841206_42ADD664-5B04-4701-B3A1-4EC97DB85953.JPG&type=f54_54,True
1858,614,https://search.pstatic.net/common/?src=http%3A%2F%2Fblogfiles.naver.net%2FMjAyMTExMDJfNjQg%2FMDAxNjM1ODYzODI1NjMw.2Nq6DkZjplbjLzyHznnzsT7aArXx_NFiXBETm4aTXjsg.KteU322Bhwepq9031a47Hcp9PDJkrX9N63PhtQ-uGlgg.JPEG.busanbelle%2F20211029%25A3%25DF180906.jpg&type=a340,True
1859,615,https://search.pstatic.net/common/?src=http%3A%2F%2Fblogfiles.naver.net%2FMjAyNDAxMDZfODQg%2FMDAxNzA0NDk2MTk0MDAz._SuQinR1VVRERU04O2glKUJs_WA9M_oGKGJMCxZr_vYg.WrOsFgqP948tdjUdjPmDilq4ljP9CSWwssUJgc2OVUQg.JPEG.6858sjy%2Foutput_1619211305.jpg&type=f54_54,True
1860,616,https://search.pstatic.net/common/?src=http%3A%2F%2Fblogfiles.naver.net%2FMjAyMzA5MTRfMTk1%2FMDAxNjk0Njg3NTY1MDI1.xFYzprDbKe-oF2TYpU9RWzAIVDoY9vAH1o-XDLTVGWYg.G5tP4hou_wUQU6vGhKzlPZtqW2gLi9hwrHDi0u2yqlsg.JPEG.333vip%2FKakaoTalk_20230914_153255036_13.jpg&type=a340,True
1861,617,https://search.pstatic.net/common/?src=http%3A%2F%2Fblogfiles.naver.net%2FMjAyMjEyMTFfMTgw%2FMDAxNjcwNzU5Mjc0Mzc0.-C0IvnMSh9_a0PACQHD52bmrjGr2VXJCTwNYWihTMJYg.ysrwxFYlWgtHMdtDgWjMrVmhfgchiz8oZb6Bgk9haDkg.JPEG.haa_nule%2FIMG_3366.JPG&type=a340,True
1862,618,https://search.pstatic.net/common/?src=http%3A%2F%2Fblogfiles.naver.net%2FMjAxOTAzMDZfMjE1%2FMDAxNTUxODU5NDczNDgz.0utwVLmUrKr6bm2S7XP-t9E7UJtmcuXY3l4K8VVHaWsg.zm-DaQabOJcVpgN4xsyiPorznnwsuqIeiJN0Ea9gsD8g.JPEG.miinsa%2FLRG_DSC00743.JPG&type=f54_54,True
1863,619,https://search.pstatic.net/common/?src=http%3A%2F%2Fblogfiles.naver.net%2FMjAyNDA2MjRfMTYw%2FMDAxNzE5MjE5MzAzOTkw.Bf7Uq_abDs65J6hDpa-yVJOx6Um1TxP4M-6W66YnUb8g.wF5eObxNAO9Bulm57mvJyUehMgLnyLUWbq6WrYx4_X0g.JPEG%2FDSC09106.JPG&type=a340,True
1864,620,https://search.pstatic.net/sunny/?src=https%3A%2F%2Fi.pinimg.com%2Foriginals%2F0e%2F39%2F2b%2F0e392b1a51eeaf0bdfef86b6b6c222ba.jpg&type=a340,True
1865,621,https://search.pstatic.net/common/?src=http%3A%2F%2Fblogfiles.naver.net%2FMjAyNTExMjlfMjMw%2FMDAxNzY0Mzg5MjgxNTE3.uby_LB4zhmz873lW4aEoUjdU41rB3p6ySzVnZ8c0XJUg.P78I5Dh52MpNJNGNeKKaJPkT1SHyjYblGiNpr8cuFOog.JPEG%2F%25B1%25A4%25BE%25C8%25B8%25AE_%25BE%25CB%25B7%25CE%25C7%25CF%25BF%25C0%25B3%25EB_%25BA%25D0%25C0%25A7%25B1%25E2_%25C1%25C1%25C0%25BA_%25BE%25E7%25BD%25C4%25C1%25FD.jpg&type=a340,True
1866,622,https://search.pstatic.net/common/?src=http%3A%2F%2Fblogfiles.naver.net%2FMjAyNTA2MTZfMjcz%2FMDAxNzUwMDU3NTUzMDcx.T-7p1GBqkgveDzCy65wY5j6OS_NHIJu9HL0mtrKqYxAg.rfdHcT0Gp2byQO9RcXU_cOPslLiKHYgZEAJHXYaduDcg.JPEG%2F20250610_203257.jpg&type=a340,True
1867,623,https://search.pstatic.net/common/?src=https%3A%2F%2Fldb-phinf.pstatic.net%2F20231214_209%2F1702543854767StPk9_JPEG%2F1000000969.jpg&type=l340_165,True
1868,624,https://search.pstatic.net/common/?src=http%3A%2F%2Fblogfiles.naver.net%2FMjAyMTA1MjFfMTg3%2FMDAxNjIxNTg3ODE2NjIy.oKiqRp57ef0dOQZOjKOWAGVslU8jx-HQDiAnpjyeHWAg.xcAj1evG-RD3Oz5H6TSDZKIfa1c5JhuJC9p1gkawqY8g.JPEG.hohway%2FIMG_1453.jpg&type=a340,True
1869,625,https://search.pstatic.net/common/?src=http%3A%2F%2Fblogfiles.naver.net%2FMjAyNDA3MDhfMjYx%2FMDAxNzIwNDUwNzkwODM1.SXcAI0ubmOj0gDf0Jz5CXcqoXaqWJwSQCJOsoIChkP8g.2odav5Ybi4PkMPg93IaE05OvT89QRHMZ0h-hIBHWpi4g.JPEG%2FIMG_6077.JPG&type=a340,True
1870,626,https://search.pstatic.net/common/?src=http%3A%2F%2Fblogfiles.naver.net%2FMjAyMTAyMTVfMzEg%2FMDAxNjEzMzkzNDU5ODg3.4uAevucOqi43NxdSTdnEvclgcp4oAitPqs-LT4kNTnog.lp-_JK3XfRnzDMxUIz1Wl-FsD0goGUzP7lPH9ZiLh48g.JPEG.yjmom79%2F1613392673965.jpg&type=a340,True
1871,627,https://search.pstatic.net/common/?src=http%3A%2F%2Fblogfiles.naver.net%2FMjAyMjA1MDlfMTAz%2FMDAxNjUyMDkxNDE3ODk2.vdtSIx_PGt-AwWp-IBUgUPwiZbynBZqXs0ClY6WKI6gg.OdDhyXvys-UkxbnLrzXQlUW8tRfDBopcSv_k6JucSZYg.JPEG.tjdfuflove%2Foutput_3360648022.jpg&type=a340,True
1872,628,https://search.pstatic.net/common/?src=http%3A%2F%2Fblogfiles.naver.net%2FMjAyMzAzMzFfMzAg%2FMDAxNjgwMjY3NTgwMjE2.StDsip0amYyi5uVvkLqpkZzSOxT4xGx7aVKsl5LwwIgg.aX0N8bUPFOj1OQ4HD5492Mmv6BgJ3qlQeHab4q1ebyAg.JPEG.gosemspdlf%2FIMG_2008.jpg&type=a340,True
1873,629,https://search.pstatic.net/common/?src=http%3A%2F%2Fblogfiles.naver.net%2FMjAyMTAyMjJfODYg%2FMDAxNjEzOTk5OTU3NDQw.afe2XFJVWDgnv5tbGmGWR0V5OTq-oJ-nbZKeTit6Q6Ig.SxdsM6BhFqII8Or39awmZ2uQEzVcGT9IyFQoDVrkBJ8g.JPEG.wfstory07%2F1611489901816%25A3%25AD26.jpg&type=f54_54,True
1874,630,https://search.pstatic.net/common/?src=http%3A%2F%2Fblogfiles.naver.net%2FMjAyNjA1MDNfNjIg%2FMDAxNzc3NzkyNTUwMDE0.x69UtedX1rzi2fRB2OqKz3DWjKTFVfI9DKkNMDKUfFog.he5jEvSmQs_mOYrRLjajDu2R0XhceAN6eB9vHkzYvt0g.JPEG%2F%25C1%25A6%25B8%25F1%25C0%25BB%25A3%25AD%25C0%25D4%25B7%25C2%25C7%25D8%25C1%25D6%25BC%25BC%25BF%25E4%25A3%25DF%25A3%25AD001%25A3%25A8200%25A3%25A9.jpg&type=a340,True
1875,631,https://search.pstatic.net/common/?src=http%3A%2F%2Fblogfiles.naver.net%2FMjAyNDA2MDZfMTk0%2FMDAxNzE3NjAwODU1MDYy.Lwnu8cp6W-l_ZCBhzK8L7wMwtWcm6AtYmxhwMZ7SS5kg.YqxAtCAQcC1V2Aus5zfyNEnlNhUcNnSHoFifHp2KNQ0g.JPEG%2F20240606_122006.jpg&type=a340,True
1876,632,https://search.pstatic.net/common/?src=http%3A%2F%2Fblogfiles.naver.net%2FMjAyNTAzMDZfOTgg%2FMDAxNzQxMjYwNzk3MzY4.isADluMHyadeyuNOlSfna41luZpedl0fFuLh1ON4co8g.t2fF7dbWWfChu8fmrI7w-m6es2d5t9voNm0A-ccmiLcg.JPEG%2FIMG_0811.jpeg&type=a340,True
1877,633,https://search.pstatic.net/sunny/?src=https%3A%2F%2Fd12zq4w4guyljn.cloudfront.net%2F750_750_20240517021309552_photo_c7815b99af66.webp&type=a340,True
1878,634,https://search.pstatic.net/common/?src=http%3A%2F%2Fblogfiles.naver.net%2FMjAyMTA2MzBfMjQg%2FMDAxNjI1MDUzNTE3Mzcw.3TITDBaZKrb5QNQrY28JklwDNJ36Y4vWoUuAGX_C2F0g.WKNBsvJJWrrvsC2lwCIh-ha-8wcoMC1Xm8EJQYAAf0cg.JPEG.6338hjkl%2F9.jpg&type=f54_54,True
1879,635,https://search.pstatic.net/common/?src=http%3A%2F%2Fblogfiles.naver.net%2FMjAyNjA2MThfMTA2%2FMDAxNzgxNzA5MzM2ODk5.nb7OJOWgM-vmwCq6HARC0OOyInp80XA7mytlVn9JH7Yg.6D2JZFcZKMJftkpnaDqfwTWDuIysRKUVWvVIMKfmjp4g.JPEG%2FIMG%25A3%25DF7201.jpg&type=a340,True
1880,636,https://search.pstatic.net/common/?src=http%3A%2F%2Fblogfiles.naver.net%2FMjAxOTAxMjFfNiAg%2FMDAxNTQ4MDUyMTgzMTky.9dOe52He8r6Rg522YdouZzC3EjpG5_fiSnZGjcLesuEg.4oJQ5PPzAHYLDrIOuhMCd7NiauvDQSLJnw9LWMvv1nog.JPEG.wlove355%2FIMG_4844.jpg&type=a340,True
1881,637,https://search.pstatic.net/common/?src=http%3A%2F%2Fblogfiles.naver.net%2FMjAyMDA4MjZfMzEg%2FMDAxNTk4NDUzMjIyNjE4.gajsT7q7Df4OO2wnE9gO7Qlc5VFtMXu5aGMgup7jXHMg.G8HfRWwVmoqD9a88v15nt0FawxQH5MIKjKyQMqnC734g.JPEG.rookiedas%2F20200815_121510.jpg&type=a340,True
1882,638,https://search.pstatic.net/common/?src=https%3A%2F%2Fldb-phinf.pstatic.net%2F20250507_153%2F1746599166889b5Y4m_PNG%2F1000050786.png&type=a340,True
1883,639,https://search.pstatic.net/common/?src=http%3A%2F%2Fblogfiles.naver.net%2FMjAyNTA1MDJfMjk1%2FMDAxNzQ2MTc3MzQxNDA2.qT3WKDXsM8SLr1X5DE5WrtPt7L9QxnZ-YLAXxgFDNOMg.49CYm0L4R_nN5TQNy4ZilpC6V1aWRezkwtxG22ZaNbAg.JPEG%2Foutput_950486246.jpg&type=a340,True
1884,640,https://search.pstatic.net/common/?src=http%3A%2F%2Fblogfiles.naver.net%2FMjAyNjA2MDNfMjE0%2FMDAxNzgwNDc0OTkyMTk1.79KqiCteDj0xCdRo0ogmiZfedixh9YkAjcTxmv_6Ie8g.E3k3yARQULvHCLbzU6cCq1ZN_g-N3vcFTP1PRe7TSzUg.JPEG%2F%25C5%25B8%25C4%25DA%25B9%25DA%25BD%25BA.jpg&type=a340,True
1885,641,https://search.pstatic.net/common/?src=http%3A%2F%2Fblogfiles.naver.net%2FMjAxODA4MjlfNzQg%2FMDAxNTM1NTIyMjg2MzEy.W--m6B_1tuPCJcqWXfp0bR8yrmlQ5ltvIdb3ULoHA-Qg.gOOZmKsshICpxhffrSTe9RjA89aWF_-aquOOMI3PPSwg.JPEG.juyaun%2FKakaoTalk_Moim_5Dw9DBqPViyCUNSUzNXXUpQ6S8njG1.jpg&type=a340,True
1886,642,https://search.pstatic.net/common/?src=http%3A%2F%2Fblogfiles.naver.net%2FMjAyNjAzMzBfMjI3%2FMDAxNzc0ODUzNTUwMjM5.REoOijX5SeaQ7rJtITlozT6ejL44HM2fiUV3NBJY94wg.IQe06DPKRA5V-jQtL3yWjbrwf87iqzGTF4NH3myOdxAg.PNG%2F%25B0%25A5%25BB%25F6_%25BA%25A3%25C0%25CC%25C1%25F6%25BB%25F6_%25BB%25A7%25C1%25FD_%25BA%25A3%25C0%25CC%25C4%25BF%25B8%25AE_%25B8%25C0%25C1%25FD_%25BF%25A9%25C7%25E0_%25C0%25CE%25BD%25BA%25C5%25B8%25B1%25D7%25B7%25A5_%25C6%25F7%25BD%25BA%25C6%25AE.png&type=a340,True
1887,643,https://search.pstatic.net/common/?src=http%3A%2F%2Fblogfiles.naver.net%2FMjAyNTExMzBfMTE2%2FMDAxNzY0NDcwNjA4MzQ0.Lks38pumbnUQ_uMt2-Vl4DjWC7oTzu7EV8j-oRjoKmcg.UZUtPlMe6DvJh7nR4zzywoURUL2aqqpue5PcCUlZW3Ug.JPEG%2FIMG%25A3%25DF6292.JPG&type=a340,True
1888,644,https://search.pstatic.net/common/?src=http%3A%2F%2Fblogfiles.naver.net%2FMjAyNTA1MjZfMTgx%2FMDAxNzQ4MjI5NTgxMjk0.o3Zi3zCvSRa6nw4c1-uqGDTtkcdY45qaGXyZoP4bO6wg.qGkslg_pSI9mh2POQ98YdQF-KkfxXPLebGJARng4JdIg.JPEG%2FKakaoTalk_20250526_114509518_02.jpg&type=a340,True
1889,645,https://search.pstatic.net/common/?src=http%3A%2F%2Fblogfiles.naver.net%2FMjAyNTA4MDVfMjgg%2FMDAxNzU0Mzc0OTM3MzEw.T_UffEQeTteWI_ExobQOng0NsdyLZAwWzKnYtneSJFwg.wDo0R4-4nhvOmER6VHBwFybn_gTvbMF8M8udZM5iwSIg.JPEG%2FIMG%25A3%25DF4042.jpg&type=f54_54,True
1890,646,https://search.pstatic.net/common/?src=http%3A%2F%2Fblogfiles.naver.net%2FMjAyMzEyMDdfOTIg%2FMDAxNzAxOTQwMTg1OTYz.4JuPFg4HyUgUvpswzG-pVr7AarV6Wo_mOCkm7N1g65Qg.excwLA03_A6JvmHdhwTsry_kdXzvNDCbyA7NlZloD6Yg.JPEG.rmpisicxlc1k%2F2.jpg&type=f54_54,True
1891,647,https://search.pstatic.net/common/?src=http%3A%2F%2Fblogfiles.naver.net%2FMjAyNjAyMTBfNjIg%2FMDAxNzcwNzMyNDYxMzcz.5VVNQEqyhtV8Fjhdi9GKgNdWnMDusBor-a5jHjYbujsg.YxyfLYvqEF9XVCER86duhG7SpCYri4I1qzN_sRmYWDMg.JPEG%2F900%25A3%25DF20260210%25A3%25DF183004%25A3%25A82%25A3%25A9.jpg&type=f54_54,True
1892,648,https://search.pstatic.net/common/?src=http%3A%2F%2Fblogfiles.naver.net%2Fdata13%2F2006%2F1%2F15%2F25%2F%25B3%25AA%25BA%25A3-zozusa.jpg&type=a340,True
1893,649,https://search.pstatic.net/sunny/?src=https%3A%2F%2Fd2u3dcdbebyaiu.cloudfront.net%2Fuploads%2Fatch_img%2F873%2F201353feb93f514c5a52fa0571c8b906_res.jpeg&type=a340,True
1894,650,https://search.pstatic.net/common/?src=http%3A%2F%2Fblogfiles.naver.net%2FMjAyNTA2MTNfMjg5%2FMDAxNzQ5Nzg5MDAzMTg0.BhBJeIoj2-eOsKYvzLOj-PoHIrBGO6oWbOp3-a9Zcwwg._TownmuoUga8ah5gdgaMAThcr1T1hSD6ZP-GQLcwqyUg.JPEG%2FIMG%25A3%25DF3040.jpg&type=f54_54,True
1895,651,https://search.pstatic.net/common/?src=http%3A%2F%2Fblogfiles.naver.net%2FMjAyNTAxMTdfOTQg%2FMDAxNzM3MDg4NjQ3MjQ5.FvPUbkG25bB_tGglQSmMWifyqM4XYHv-cqqd4M1pg3Mg.HXuI3ggBvoCrGqmaunOVRQWhY2btlFFYCe_00Blewtkg.JPEG%2FDSC_1507.JPG&type=a340,True
1896,652,https://search.pstatic.net/common/?src=http%3A%2F%2Fblogfiles.naver.net%2FMjAyNTA0MTRfNTQg%2FMDAxNzQ0NjM0NjIxNjQx.GtFek706t-G7wvwZh9SAtutyIS6TTynvBwnodoU3OVwg.1tMfU0Hxy7kcxgddelPbK-NdKaBRV0pgNCOwFbG5XuEg.JPEG%2FIMG_5422.JPG&type=a340,True
1897,653,https://search.pstatic.net/common/?src=http%3A%2F%2Fblogfiles.naver.net%2FMjAyNjA3MDVfMjIx%2FMDAxNzgzMjU0ODY4MjAy.87o1gDzgZsww-mXdD6p3iKYlkJLLv4IY9EPJBt1l9L0g.f_-7nyBHeZhdMmnsphRrXJTgqh9qxzrKTtj8G9GLcuEg.PNG%2FKakaoTalk_20260705_213228431.png&type=a340,True
1898,654,https://search.pstatic.net/common/?src=http%3A%2F%2Fblogfiles.naver.net%2FMjAxNzAxMTFfMTgz%2FMDAxNDg0MTE4OTIwODA5.AZNEut21GOMvEvccD589Lb7BmsCSyVFPz0LlhTP5VjIg.EFO3J_vvxQs-NjQJjGXz10JpkWxQxyMt24Qu45oQoXEg.JPEG.qwe8714%2FKakaoTalk_20170111_114630454.jpg&type=a340,True
1899,655,https://search.pstatic.net/common/?src=http%3A%2F%2Fblogfiles.naver.net%2FMjAyNjAxMjJfMjM2%2FMDAxNzY5MDQ3MzkwNDgz.J78V_48vGyBgKkvl05VUDoDny41UhbbX_8qevh1lz7kg.GO7JPXR8bsA588ipmxnaTXJMySzW-RNMwFq3WbbusDkg.JPEG%2FKakaoTalk_20260119_215448273_04.jpg&type=a340,True
1900,656,https://search.pstatic.net/common/?src=http%3A%2F%2Fblogfiles.naver.net%2FMjAyMjAyMTBfMTE5%2FMDAxNjQ0NDYzNjE2ODAz.vGJcIdoi2U4rDR8HldfknWpLGDiDHShFxemYxsbgijQg.e_8q5wmEjK1QnfW04cpvk_R-hgwD-PBI2x2KcqkMdIQg.PNG.dhfal123%2F20220116_091509000_iOS.png&type=a340,True
1901,657,https://search.pstatic.net/common/?src=http%3A%2F%2Fblogfiles.naver.net%2FMjAyNDA1MzBfMjg0%2FMDAxNzE3MDYyMTc5NjA5.ly4Ncz7BqXbuSqyL9tElxVafaeb0QVInbFsWw8CXnd0g.Vz_TzsByoIIKJ7zO68BOEtyl24JOe_FUWXnbSGuPmkEg.JPEG%2FIMG_9212.jpg&type=a340,True
1902,658,https://search.pstatic.net/common/?src=http%3A%2F%2Fimgnews.naver.net%2Fimage%2F277%2F2026%2F06%2F04%2F0005771624_001_20260604092327633.png&type=a340,True
1903,659,https://search.pstatic.net/common/?src=http%3A%2F%2Fblogfiles.naver.net%2FMjAyMzEwMjdfMTU1%2FMDAxNjk4NDE0MjYyMDE1.CTcoiJTvNb-e29oARLw2bfejv1dUA7LuiMgx-hRborUg.GyYcxeAr_VhTwL1vdxY1la4q_wA7EWaB0Vftuhka1z0g.JPEG.sjy8401%2FIMG_7436.JPG&type=a340,True
1904,660,https://search.pstatic.net/common/?src=http%3A%2F%2Fblogfiles.naver.net%2FMjAyNDA2MDhfMTQy%2FMDAxNzE3ODA3NjM5NDg2._vh04VbZ2wLydVertJazU5MVlV8n_UNC2K-Kf9QcEnYg.mbdZqnO9sLUUHBnHHVqrvZQRBR2rcmVFXZNLqATl8PMg.PNG%2FIMG_0178.PNG&type=a340,True
1905,661,https://search.pstatic.net/common/?src=http%3A%2F%2Fblogfiles.naver.net%2FMjAyNjA1MjFfMjcw%2FMDAxNzc5MzU5NDY5NDUx.LWdAkkhXkQ3801E6jbfRk2c9nE-TryaXigpf8RIhCucg.KdSKqdpCGGuOtEUV31LO3cU86w78F1Up0wis7SV0rGsg.JPEG%2F%25B4%25EB%25B0%25A1_%25281%2529.jpg&type=a340,True
1906,662,https://search.pstatic.net/common/?src=http%3A%2F%2Fblogfiles.naver.net%2FMjAyMzA1MjlfMjY5%2FMDAxNjg1MzQwNzQ1OTgz.wcyOBvSqKyQ4W8t8HPIe_Z3VSHr7qQPU5RbJ6zOkf5Ug.E_AnfzMX2XNmKkDxjA-tiOEi_UUAD2U8phJAFCVHWWgg.PNG.imj1990%2Fimage.png&type=f54_54,True
1907,663,https://search.pstatic.net/common/?src=http%3A%2F%2Fblogfiles.naver.net%2FMjAyMDEwMDlfMjM5%2FMDAxNjAyMjMwODc5NjQ2.KZUhjtTC_xP3w_k0vvMlW1UwUjfJrEn9kWcj6a_0Fbcg.0JKG-qaH6Mp3Rt9Uli9qHvBxb6jnnrsYup2mFY2caZ0g.JPEG.hanoong%2F1602230875967.jpg&type=a340,True
1908,664,https://search.pstatic.net/common/?src=http%3A%2F%2Fblogfiles.naver.net%2FMjAyMzA1MDVfMzcg%2FMDAxNjgzMjYxNTAxMjg1.ljpXLbmoGw8KLZwMGkACyfBOsljqA2-fQ0SiX3hkCh8g.lfxP_CZAVozILYFDNH_67TpIzOAN0PIf-yy9EfSnjsUg.JPEG.wk2514%2FIMG_0864.jpg&type=f54_54,True
1909,665,https://search.pstatic.net/common/?src=http%3A%2F%2Fblogfiles.naver.net%2FMjAyNjA0MjNfMzkg%2FMDAxNzc2OTI1NTM4MDM0.6slAhx2-0EY5EafW0p02JUOz_pFnetmKEKaIGUjgaHcg.orAyDhmW_Egl6O4WgucPnUV-tFkvI2e8OzghKZmy6Y8g.JPEG%2F20260421%25A3%25DF174007.jpg&type=a340,True
1910,666,https://search.pstatic.net/common/?src=http%3A%2F%2Fblogfiles.naver.net%2FMjAyNDA2MjdfMjY3%2FMDAxNzE5NDY3MzQyMzQx.5J3fvpUwnYT-tKcFaqAdlI9g3FUrEeXNthISyMHvFoog.MZkSxOuNpRBNZrLehEWYzr6oNLJJLHMSfoGzGiO36Gwg.JPEG%2FIMG_1877.jpg&type=f54_54,True
1911,667,https://search.pstatic.net/common/?src=http%3A%2F%2Fblogfiles.naver.net%2FMjAyNTAxMjNfMTkx%2FMDAxNzM3NTc3MjM5OTMz.wCBS7_cFX_0u9ezyRmtqBgiaoClgwWY-OjzhaeC1_Osg.cGjMUA4GQQ4XGSTB9CfoT9zm1Y7EYxp0tK-93zWtmvog.JPEG%2F900%25A3%25DF20250123%25A3%25DF051823.jpg&type=l340_165,True
1912,668,https://search.pstatic.net/common/?src=http%3A%2F%2Fblogfiles.naver.net%2FMjAyNTA5MTJfMjQ2%2FMDAxNzU3NjA1NjIwMzIx.uo6khw-iW2eJKIk3xxY2IZs7K1vB4cZpv-_DMofdY5Mg.sNwDuDpM-A-aRynShaflxt28VrwQ408lUHoxQ42Aat4g.JPEG%2FKakaoTalk_20250911_120533194_05.jpg&type=a340,True
1913,669,https://search.pstatic.net/common/?src=http%3A%2F%2Fblogfiles.naver.net%2FMjAyMjAzMTFfMzcg%2FMDAxNjQ2OTY2MjgyOTE4.gnNxFvUfIaxlTwRydSIn0ARzTAx_sLhZnJqYW7d6x9cg.a2mcIEpcNKEOc8gWAp30cJgiYvAZ9srSunY4FqZxiu8g.JPEG.y104cm%2FUntitled-2.jpg&type=f54_54,True
1914,670,https://search.pstatic.net/common/?src=http%3A%2F%2Fblogfiles.naver.net%2FMjAyNDA5MjFfNDkg%2FMDAxNzI2OTI3MzMxMDYx.EXaQZ0xIvBUpUZZVjG_3eERIe_vdDSJJGFUDc5prmlgg.jd4gFmW-wk2m4pOWrCkY3w35Cj52Jbdk6-tCkjW9988g.JPEG%2FKakaoTalk_20240819_105736819_01.jpg&type=a340,True
1915,671,https://search.pstatic.net/common/?src=http%3A%2F%2Fblogfiles.naver.net%2FMjAyMzA2MTRfMzEg%2FMDAxNjg2NzQ0ODQ2MTUy.hYCuM9DBhIN9SY_IrLq9AemrF8mX0J3ohn0Pz7SDgvog.-ZKTkH0Le9oURtq1pk4rRsBujh75jXji5eMak-CuoC8g.JPEG.hoveler%2F7207187F-A7A3-468F-AB6B-13455050536F_1_105_c.jpeg&type=a340,True
1916,672,https://search.pstatic.net/common/?src=http%3A%2F%2Fblogfiles.naver.net%2FMjAyNjA1MDNfMjE1%2FMDAxNzc3NzY3MDgwNzE5.qcAQwdgOU-UZjI4frG3X5wx4czzj8gCkphdmPFX_zjsg.SaQPnerDp_pJd7bjgt7gfNOw4h--KYGp61IzPBZTrW8g.JPEG%2FIMG%25A3%25DF0124.JPG&type=a340,True
1917,673,https://search.pstatic.net/common/?src=http%3A%2F%2Fblogfiles.naver.net%2FMjAyNDA5MjdfMjkx%2FMDAxNzI3NDMyOTI3ODYy.1TmWHKkL5A9OLzFVYYhqh6gOm6ftRhPECVWZ7uj1eRog.2Dd7XtR-PzeXEI33Afx0X3uIdl3B-FlJ_IN51OmK_3Ug.JPEG%2FKakaoTalk_20240926_203917015_04.jpg&type=a340,True
1918,674,https://search.pstatic.net/common/?src=http%3A%2F%2Fblogfiles.naver.net%2FMjAyMjA1MTZfMTAy%2FMDAxNjUyNjg1MTIzNzcx.T78xaVH6tolvoLpMqqVIrvWuZ93ESsC9Kr1_r_tGwvIg.Lxfu4swp24YfjcKTQ3rP6aKIa53wvyHsMFK6MkLEECQg.JPEG.9206a1%2FIMG_1426.jpg&type=f54_54,True
1919,675,https://search.pstatic.net/common/?src=http%3A%2F%2Fblogfiles.naver.net%2FMjAyMDA2MTFfMzIg%2FMDAxNTkxODcxNjc4MDY1.vkU9frcDe0isMxvE34qySeBpJX5k0Vf84Aq58m3VwZsg.cz6r5aIlcJpt1b3N4kAGU0ONk7iVfDzYKJXptL8O1gUg.JPEG.win_g2230%2F%25C4%25B8%25C3%25B3.JPG&type=a340,True
1920,676,https://search.pstatic.net/common/?src=http%3A%2F%2Fblogfiles.naver.net%2FMjAyMzA1MjlfOTEg%2FMDAxNjg1MzEwMDQ5NzM0.PnmkVKnFPDB-bAnYFxbBTc4j9kBzMJBlZN_Zzucjd_Qg.PA-r6IyQV0TBiXzaBZl1yCMYsfAw17P-VAkanQOfhFIg.JPEG.coralpinky%2FKakaoTalk_20230529_062723931_01.jpg&type=a340,True
1921,677,https://search.pstatic.net/common/?src=https%3A%2F%2Fldb-phinf.pstatic.net%2F20250205_202%2F1738746149740RBFwH_JPEG%2F1000009816.jpg&type=a340,True
1922,678,https://search.pstatic.net/common/?src=http%3A%2F%2Fblogfiles.naver.net%2FMjAyNDAxMzBfMTMy%2FMDAxNzA2NTkxODY1ODc0.S0h8qlr9BraASzuZ39cbZ-rFLmEtuzaoHvZuOMxAnlwg.t6KhuIWlhox9lFBguX7ejXllo1WPvxRCh2PjYH1jAkwg.JPEG.ribbonbonbon%2FIMG_8450.JPG&type=a340,True
1923,679,https://search.pstatic.net/common/?src=http%3A%2F%2Fblogfiles.naver.net%2FMjAyMzAyMjFfMjY3%2FMDAxNjc2OTg1NDI0MDIy.DXWlcOzj4TsR5O7dpTyMaXrJFwsi8WLeHvhz0YGGcIYg.RCPVriM7c06OPAbGqKPFktn-X7MadXL5w9zxeqT66l8g.JPEG.serendipper07%2FIMG_3596.jpg&type=a340,True
1924,680,https://search.pstatic.net/common/?src=http%3A%2F%2Fblogfiles.naver.net%2F20160706_291%2Fbluelove2486_1467790175064fqKrL_JPEG%2FCIMG6707.JPG&type=a340,True
1925,681,https://search.pstatic.net/common/?src=https%3A%2F%2Fldb-phinf.pstatic.net%2F20250704_290%2F1751604518376ptkcd_JPEG%2FIMG_3098-3.jpg&type=a340,True
1926,682,https://search.pstatic.net/common/?src=http%3A%2F%2Fblogfiles.naver.net%2FMjAyNTEyMjFfMTgw%2FMDAxNzY2MzAwODI3NDU3.eQOTFhlhsXN-95ZxE2Cc90noOrQCkLD9ZchNaCDSxCkg.4aEQG2ERGDmZ_xc46R9YCs2_2f6Sa0iNPp9xJ3KQUo8g.JPEG%2F20251221%25A3%25DF152017%25A3%25DF659.jpg&type=a340,True
1927,683,https://search.pstatic.net/sunny/?src=http%3A%2F%2Fthumbnail.10x10.co.kr%2Fwebimage%2Fimage%2Fbasic600%2F537%2FB005374285.jpg%3Fcmd%3Dthumb%26w%3D500%26h%3D500%26fit%3Dtrue%26ws%3Dfalse&type=a340,True
1928,684,https://search.pstatic.net/common/?src=https%3A%2F%2Fldb-phinf.pstatic.net%2F20260519_262%2F1779164428783WK7DG_JPEG%2F%25B3%25B2%25BD%25E3%25C4%25A1%25C5%25B2%2528W%25BD%25BA%25C4%25F9%25BE%25EE%25C1%25A1%2529%25B3%25BB%25BA%25CE%25B8%25DE%25B4%25BA.jpg&type=a340,True
1929,685,https://search.pstatic.net/sunny/?src=https%3A%2F%2Fitem.elandrs.com%2Fr%2Fimage%2Fitem%2F2024-09-12%2F84d8bdbf-b244-44a5-8edc-fa388c47b3f7.jpg%3Fw%3D1020%26h%3D%26q%3D100&type=f54_54,True
1930,686,https://search.pstatic.net/common/?src=http%3A%2F%2Fblogfiles.naver.net%2FMjAxNzA1MjVfNzQg%2FMDAxNDk1NjY5MzU2OTU3.7cLmAqD4BNRs3TmQTS1JgMX7gHGnppIWxKEucVJT5OYg.Hy33SRHaPvXA04nXqu5nisAANYkw0d--zKFwEWVfTo8g.JPEG.kwwoolim%2F%25EB%25B6%2581%25EC%2586%25A1%25EA%25B3%253F_%25EA%25B8%2588%25EC%2586%25A1.jpg&type=f54_54,True
1931,687,https://search.pstatic.net/common/?src=http%3A%2F%2Fblogfiles.naver.net%2FMjAyMzEyMDFfMjUg%2FMDAxNzAxMzk0MDczODE1.EIdgu2-_Slk1K_IRsEJoiE6FtAylIhaQq4vX9I7KKZYg.QucvSJnRnn3FH8_OrYm4JBcmdi94FFg5YsOMGVquz00g.JPEG.ssua92%2FKakaoTalk_20231201_090002888_10.jpg&type=a340,True
1932,688,https://search.pstatic.net/common/?src=http%3A%2F%2Fblogfiles.naver.net%2FMjAyMzA4MTZfMjk2%2FMDAxNjkyMTkzNjMyNjY0.F4XTxLoGMzZFXWPgQWFigjvWXyFHnIRR9HW-Mf9UIRQg.Om25pxx_0uTPu2fhsIEZWG_LQ7K6_kQcQqJU3G1TDicg.JPEG.lsm7044568%2FIMG_3089.jpg&type=a340,True
1933,689,https://search.pstatic.net/common/?src=http%3A%2F%2Fblogfiles.naver.net%2FMjAyMzAzMjlfMzgg%2FMDAxNjgwMDcyMjE3NjQ5.UIRpY__XQTyXjb9jFw4WIFZD8d47u3MLAga-PJ3tTegg.uA9BneMIx1InNcsNMmxkitPg_gPNBap9DCB2mgRLSRwg.JPEG.ans_family%2FIMG_0649.jpg&type=a340,True
1934,690,https://search.pstatic.net/common/?src=http%3A%2F%2Fblogfiles.naver.net%2FMjAyNTA5MDJfMTUy%2FMDAxNzU2Nzc1MTA5MTEw.LkNETVmDqm-QQTy2_cAf2iymCptDWB_RlIrkZnpMXP4g.s6v3PoMNRkyX_fE-x3Nlg5a38BylYCSM86YqpnTE-x4g.JPEG%2F1000032910.jpg&type=a340,True
1935,691,https://search.pstatic.net/common/?src=http%3A%2F%2Fblogfiles.naver.net%2FMjAyNDEwMThfMjAz%2FMDAxNzI5MTg0NjM4NTY1.Nj2dT2si8d70811loJF9NBU5t702Dv5WoMP6bbXTlbUg.mSsrgqI6stwKHdWDzkZoW3KbCnnfTicy7Uzjo6yys7sg.JPEG%2F%25BB%25E7%25C3%25B5%25C8%25CC%25B1%25C5.jpg&type=a340,True
1936,692,https://search.pstatic.net/common/?src=http%3A%2F%2Fblogfiles.naver.net%2FMjAyNTA4MjRfMTU3%2FMDAxNzU2MDI3OTM5MDI3.dTUykt4rOFpyVeScx9h2mIB2CHn5Dlqi0B_N51Akkngg.7g3G8nwkYTGQICfapbNBLc4wqU03oYcKRHFLNM3Tl0og.JPEG%2FKakaoTalk_20250824_181133488_26.jpg&type=ofullfill340_600_png,True
1937,693,https://search.pstatic.net/common/?src=http%3A%2F%2Fblogfiles.naver.net%2FMjAyNTA3MDRfMjIg%2FMDAxNzUxNjE2ODExMzc5.Jy4Y0VZYmlNQVCe-a4K3F_VS7mJKOr9lj_aFEurPWUUg.mGhCyCDkwDZx0mpJ7m0_Er50IjG-hsnDB9F94zhx5Fwg.JPEG%2FIMG%25A3%25DF4345.JPG&type=f54_54,True
1938,694,https://search.pstatic.net/common/?src=http%3A%2F%2Fblogfiles.naver.net%2FMjAyNTA0MTVfNTcg%2FMDAxNzQ0NzI3MjEwMzY1.d_LmhkNnm5qxwwScNfbsi6PScJbihIIXmopOjGoOfbEg.5vh2f4xG_pL0Q6uZqo_Tz5RPi8YSkzJjPK8cuIyzu-wg.GIF%2F2076395427.gif&type=a340,True
1939,695,https://search.pstatic.net/sunny/?src=https%3A%2F%2Fimage-logo.alba.kr%2F%252Fdata_image2%252Fcomlogo%252F202506%252F2025061217283296863_0_m.jpg&type=l340_165,True
1940,696,https://search.pstatic.net/common/?src=http%3A%2F%2Fblogfiles.naver.net%2FMjAyNTA5MjVfNDUg%2FMDAxNzU4ODAyMzQ3MTg2.aoGl9rE2xtnfL6Eg1wJZZH9CKKu5TQme5v4am3WqAmog.vYMmtmJuIkb9_V2RMwiML3-b4ofse4DnNCzTmRzVDC4g.JPEG%2FIMG%25A3%25DF0847.jpg&type=a340,True
1941,697,https://search.pstatic.net/common/?src=http%3A%2F%2Fblogfiles.naver.net%2FMjAyMzA2MjRfMTQz%2FMDAxNjg3NjE2MzQ0MjQ1.RdfTunGkZnLJJgK28h8kM06v5RDotykI9pzb322Dhx8g.uatmMUZkZLia2pgEejzDUDNremu5N79np0meeCxfuZsg.JPEG.wpdlqnehdtks%2F%25C1%25A6%25B8%25F1%25C0%25BB_%25C0%25D4%25B7%25C2%25C7%25D8%25C1%25D6%25BC%25BC%25BF%25E4_-001_%252830%2529.jpg&type=a340,True
1942,698,https://search.pstatic.net/common/?src=http%3A%2F%2Fblogfiles.naver.net%2FMjAyNDA1MDJfMzAw%2FMDAxNzE0NjA5OTM4MjUz.K1oodpjzfmYH979RK8H6iavlt-tQLDSKdSqpgPU7LT8g.h6Bdh-D5BqZwgIgK64_19lal5bkaJY8CnkiSt51nNvMg.JPEG%2FKakaoTalk_20240502_091029415_02.jpg&type=a340,True
1943,699,https://search.pstatic.net/common/?src=http%3A%2F%2Fblogfiles.naver.net%2FMjAyMzA3MDNfMTQy%2FMDAxNjg4MzQ1NjY2OTUy.VFW4jUnygOMlxGBZsSkqIn3P8zAdI-QKm0RLcva-Zvcg.RWKV5bVylqayyCSVrKI2IyMPNukkc2zCeC1HpzroM6Qg.JPEG.jinsystem_%2F1688345618104.jpg&type=f54_54,True
1944,700,https://search.pstatic.net/common/?src=http%3A%2F%2Fblogfiles.naver.net%2FMjAyMjAyMDNfMjgz%2FMDAxNjQzODc5MTg3MzAx.LK5YkH8GK2ErgJo7TjjXx-S_PkYSMuxR9JendhdIZkMg.UAmcWG4AP5TXoNWh5vWldL4B9E0U4k3n3mY_ZvNyiagg.JPEG.yosulpp%2F20220203%25A3%25DF173048.jpg&type=a340,True
1945,701,https://search.pstatic.net/common/?src=http%3A%2F%2Fblogfiles.naver.net%2FMjAyNjAzMzBfMTQ4%2FMDAxNzc0ODc5OTMyMjU2.WvkJDTx6UKtNmMQihu_p5rcTv_0yY6197f7768Afk0cg.Wb7HrzF1vx1wZyhXsRUJrFyYWU_wwiahgp34Q2tCaMQg.JPEG%2FIMG%25A3%25DF4768.JPG&type=a340,True
1946,702,https://search.pstatic.net/common/?src=http%3A%2F%2Fblogfiles.naver.net%2FMjAyNDAxMzFfMjgy%2FMDAxNzA2NjY3MTY3MDU1.EDFJl-CfB0a5zIOuNuPDpD8nLX0J2arRRqPEI3k4O9Yg.U7d7VfOgt_85mevkINEVxBZjyCZwNdH3ZuBQUQkY01Ug.JPEG.arcaneboy%2FKakaoTalk_20240131_105740239_18.jpg&type=a340,True
1947,703,https://search.pstatic.net/sunny/?src=http%3A%2F%2Fdcimg8.dcinside.co.kr%2Fviewimage.php%3Fno%3D24b0d769e1d32ca73cee86fa11d0283191de25edc716dfae8790c53e5e6cdc5a3a37c519c5a3daf95ee5ddc5feb786e620f5187c0cc5736e5259d9bbaf1fd25e26a50d76af2804e3af64424d&type=ofullfill340_600_png,True
1948,704,https://search.pstatic.net/common/?src=http%3A%2F%2Fblogfiles.naver.net%2FMjAxOTA2MThfMiAg%2FMDAxNTYwODI2MTY1MjI1.HmakpqG70B2Qp4BopQOw8GHQgFu1cGWA8ZbpU8pI6tsg.ccB7JA9GhpjE2STZNBw-L8mAIdOLY_Gu4dfepABm7gsg.JPEG.july613%2FKakaoTalk_20190618_093011958.jpg&type=a340,True
1949,705,https://search.pstatic.net/common/?src=http%3A%2F%2Fimage.nmv.naver.net%2Fblog_2024_05_31_1712%2Fg4ueDwSZVv_01.jpg&type=f54_54,True
1950,706,https://search.pstatic.net/common/?src=http%3A%2F%2Fblogfiles.naver.net%2FMjAyMTEwMDNfMTU5%2FMDAxNjMzMjY1ODU5MjAx.3v3Hn_ixj5ubm14_567EeSPvj4NOlZRAmkNAySjskrIg.5-FTepmv6WUP3F6Qlt8YIcPzV_6yuUQR5_OxliDFrMsg.JPEG.dltjdahr159%2FKakaoTalk_20211003_210617077.jpg&type=a340,True
1951,707,https://search.pstatic.net/common/?src=http%3A%2F%2Fblogfiles.naver.net%2FMjAyNDEwMjdfNDUg%2FMDAxNzMwMDM0MDg0MDI5.x09HCoI3LBo1b448i1sE3ISkdOSLQITVkEbH0uU_gqwg.FxCICeEv0lF8Ma5xdz3XhJpKwU9THD4JsRglkoiw6C8g.JPEG%2Foutput_4038338608.jpg&type=l340_165,True
1952,708,https://search.pstatic.net/common/?src=http%3A%2F%2Fblogfiles.naver.net%2FMjAyMjA3MjBfMjEz%2FMDAxNjU4MjQ2NTg0OTU1.oWrQqgDHNFpiIWmxrD9GG_JExYECkZeDvpEfKtDnffAg.em11VGmK9V98ogkO5N8CwtMM-aktvoVGWuwMnflbr1Ug.JPEG.lhr874%2Fcu1658246214611.jpg&type=a340,True
1953,709,https://search.pstatic.net/common/?src=http%3A%2F%2Fblogfiles.naver.net%2F20150217_225%2Fcharmingwind_1424155365947dle0f_JPEG%2F20150211_194104.jpg&type=f54_54,True
1954,710,https://search.pstatic.net/common/?src=http%3A%2F%2Fblogfiles.naver.net%2FMjAyNTEyMjVfNjAg%2FMDAxNzY2NjQwODE4ODY4.XIonQc4ZE7-ZnkEysbWJ4EVmR-HFc_vhRV3AzT7-IX0g.WhN-QCBVZXfhB-uz61Ud59sRYcwkUva16I8O8AMaNeYg.JPEG%2Foutput%25A3%25DF1610746401.jpg&type=a340,True
1955,711,https://search.pstatic.net/common/?src=http%3A%2F%2Fblogfiles.naver.net%2FMjAyNDEyMTRfMjM0%2FMDAxNzM0MTE5Mzc0NzIw.h7lOzbXn7JtGCDyTkV-0i0DJnry6tW2NFdvFXE-hAhQg.nwky6IieILx6tGr_WZSRF53FXfDmU4NAzlDSHhJKBb8g.JPEG%2FIMG_0369.jpg&type=a340,True
1956,712,https://search.pstatic.net/common/?src=https%3A%2F%2Fldb-phinf.pstatic.net%2F20251211_188%2F1765455698811Pjuiv_PNG%2F%25B4%25EB%25C7%25A5%25BB%25E7%25C1%25F82.png&type=a340,True
1957,713,https://search.pstatic.net/common/?src=https%3A%2F%2Fldb-phinf.pstatic.net%2F20251226_266%2F1766733842238hLScc_PNG%2F17.png&type=a340,True
1958,714,https://search.pstatic.net/common/?src=http%3A%2F%2Fblogfiles.naver.net%2FMjAyNTA3MDlfMTQ4%2FMDAxNzUyMDQxNTU2MjUy.oDAHKS4bDYjNEwl0hMUz_2mQKajQy3xxuM-8V7J1g6Ug.NDL_xSQKXTz9m4NSZc4AWZltCFcF2Wi-dBd7O2XUaQgg.JPEG%2FIMG_1994.JPEG&type=a340,True
1959,715,https://search.pstatic.net/common/?src=http%3A%2F%2Fblogfiles.naver.net%2FMjAyMzA1MjlfMTQw%2FMDAxNjg1MzM2NzI5MDQ5.bz4wEdo1qjqqEqf7-WUPIRyKT8tZzU_Dwpw2gjwDh6Ig.z_twMhsZZSdpbbMPYC-mQKIunHy6e3ZykWUTwHrUmWQg.JPEG.dlshantmzl%2Foutput_3982814384.jpg&type=a340,True
1960,716,https://search.pstatic.net/common/?src=http%3A%2F%2Fblogfiles.naver.net%2FMjAxODA2MjJfMjcw%2FMDAxNTI5NjU1MjUwMzQ5.BGMwpy61hJEiJZtQ-IYgM2jpk8NdB-14cDNtoZMsBJYg.PaeMlnFtUpbqA_kYwxktHVctytSl_hwkd-Wp22W5HcAg.JPEG.azaleababy%2F20180622_164844.jpg&type=ofullfill340_600_png,True
1961,717,https://search.pstatic.net/common/?src=http%3A%2F%2Fblogfiles.naver.net%2FMjAyNDEyMDJfMzgg%2FMDAxNzMzMTI5MzA4MjY3.JJgyfVHAa-3RDiGYoYZpXoZJGQjnBznwLvSUbPFxdhsg.cxfJrZhPnL_XxLpdimkHNgitA0UVpkvqfGy7J6B-2qEg.JPEG%2Foutput_762168498.jpg&type=a340,True
1962,718,https://search.pstatic.net/common/?src=http%3A%2F%2Fblogfiles.naver.net%2F20120911_146%2Fherz98_1347337811545Kc6RK_JPEG%2F1347072270206.jpg&type=a340,True
1963,719,https://search.pstatic.net/common/?src=http%3A%2F%2Fblogfiles.naver.net%2FMjAyNTA0MDdfMTE1%2FMDAxNzQzOTg0Nzk5Nzgy.yClAFTLX-hjXSQpHmTNdP-loAsjFKvIcLjS1D_-Q-VQg.cCL1m5pFu_dfLxiXGnPCNzJ1fvZ1iv8zSaFjrkav2iUg.JPEG%2FIMG_6184.JPG&type=a340,True
1964,720,https://search.pstatic.net/common/?src=https%3A%2F%2Fldb-phinf.pstatic.net%2F20251220_219%2F1766158018350U65CF_JPEG%2F1766158005142.jpg&type=ofullfill340_600_png,True
1965,721,https://search.pstatic.net/common/?src=http%3A%2F%2Fblogfiles.naver.net%2FMjAyNDA4MTlfMjcx%2FMDAxNzI0MDMyOTUyNjg5.vPU_J4yuVRXU6ayy4bxjHe7bDUgCNiH6R4CGJHsPkCkg.m5_VJBBQDgWQHbSfqw8KeVl6uLy9Kpxz9_yWSODSyJ4g.JPEG%2FKakaoTalk_20240819_101506571_07.jpg&type=a340,True
1966,722,https://search.pstatic.net/common/?src=http%3A%2F%2Fblogfiles.naver.net%2F20160614_229%2Fhyo2871_1465908969619HckEF_JPEG%2FKakaoTalk_20160614_210935891.jpg&type=a340,True
1967,723,https://search.pstatic.net/common/?src=http%3A%2F%2Fblogfiles.naver.net%2FMjAyNjA1MjRfMTg2%2FMDAxNzc5NjMwMzY5NDcy.Mp6jbyqyeQ-9bheFRGf3J7ULyuqRIUPr22OnRQTFm0gg.V4Mia5g-KnnFTbgWzVJhzt-bjRkEWS19TlKJajEN6Dkg.JPEG%2FKakaoTalk_20260524_223854492_06.jpg&type=a340,True
1968,724,https://search.pstatic.net/common/?src=http%3A%2F%2Fblogfiles.naver.net%2FMjAxNzA5MjhfNDQg%2FMDAxNTA2NTU1Njc1NjUz.06xuZko9m7PTHVlzj9eeuQUoOlAu_M07TWTjEk7-IWAg.BNzpi5fWutSEai3mswItASpaOz84zmawUpK74IlgDW0g.JPEG.knhth%2FP20170924_154629140_F8F7D0C5-FBE3-432C-B131-7FBB9E3DFAB3.JPG&type=f54_54,True
1969,725,https://search.pstatic.net/common/?src=http%3A%2F%2Fblogfiles.naver.net%2FMjAyNDEwMDJfMTE2%2FMDAxNzI3ODQ3NjQzNzQ5.YsoyeXJyOOF-Iaun318olFzSYyAziaaCnrxLodDqRBsg.ZMfGp0jtqIG4534fdtqJcUYns9zWgqGqNZR2RZQ3qnMg.JPEG%2FIMG_6656.jpg&type=a340,True
1970,726,https://search.pstatic.net/common/?src=http%3A%2F%2Fblogfiles.naver.net%2FMjAyNTEwMzFfMjI4%2FMDAxNzYxOTAyMzExMjIw.X7nUSA8c3hRR6THg-F-JhKsGTt6V1s8vay6D4Ju1d1Ag.Ut7BZxUQMevJ7pwDcrVcqsv7D9VB6K0zNoxjSbpuJ2Eg.JPEG%2Fahjjk.jpg&type=a340,True
1971,727,https://search.pstatic.net/sunny/?src=https%3A%2F%2Fimage.yes24.com%2Fgoods%2F145780046%2FXL&type=a340,True
1972,728,https://search.pstatic.net/common/?src=http%3A%2F%2Fblogfiles.naver.net%2F20140124_87%2F88gallery_1390555657022S2uRJ_JPEG%2F%25B8%25C0%25C0%25D6%25B4%25C2_%25C0%25CE%25BB%25FD.E01.120428.HDTV.XViD-HANrel.avi_000701968.png&type=f54_54,True
1973,729,https://search.pstatic.net/common/?src=http%3A%2F%2Fblogfiles.naver.net%2F20151207_161%2Fhairmong2_1449455731175TKhnr_JPEG%2F%25B3%25EB%25B4%25C2%25B9%25D9%25B4%25D9.JPG&type=a340,True
1974,730,https://search.pstatic.net/common/?src=http%3A%2F%2Fblogfiles.naver.net%2FMjAyNTA0MjJfNjIg%2FMDAxNzQ1MjgzMzg0ODgy.ouVBjxtg9osTQCbqhKjHHLygC4EyuoTXADTW4gRWH1Yg.r4HEH7afzuojagQd4iuhuK8NHXShoHysPawCXyQdIjgg.JPEG%2FIMG_0938.jpg&type=a340,True
1975,731,https://search.pstatic.net/common/?src=http%3A%2F%2Fblogfiles.naver.net%2FMjAyNjAzMjVfOTQg%2FMDAxNzc0NDQ1NTY3Mzcx.U7CK9-mR45WbYm9WNw7xeG_LgzUsb3-NxJYh_J5CUYsg.KrbEcg5j-_TOWoJdej7M6XzEQVcVwrJXBcRJ9s2B0TQg.PNG%2F900%25A3%25DF%25BA%25A3%25C0%25CC%25C1%25F6_%25B1%25F2%25B2%25FB%25C7%25D1_%25BA%25ED%25B7%25CE%25B1%25D7_%25BD%25E6%25B3%25D7%25C0%25CF_%25C4%25AB%25B5%25E5%25B4%25BA%25BD%25BA_%25C0%25CE%25BD%25BA%25C5%25B8%25B1%25D7%25B7%25A5_%25C6%25F7%25BD%25BA%25C6%25AE%25C0%25C7_%25BB%25E7%25BA%25BB%25A3%25DF20260325%25A3%25DF223238%25A3%25DF0000.png&type=a340,True
1976,732,https://search.pstatic.net/common/?src=http%3A%2F%2Fblogfiles.naver.net%2FMjAyNTAyMTdfMjAg%2FMDAxNzM5NzU5ODI4NzQx.u7ec0KdZEcLKcUxtyvQLLBj1YcFUY0PMi3ZAmc1B_J4g.6ODKVxweLL6TU_VkWA9XeTbKXRcNEPTR1LEHC10WDoMg.JPEG%2FIMG_6391.jpg&type=a340,True
1977,733,https://search.pstatic.net/common/?src=http%3A%2F%2Fblogfiles.naver.net%2FMjAyMzA0MTlfMjU5%2FMDAxNjgxODUyMjUzNzU4.ffoDhjzIfOb7rCOqvP7RxNu-333Lr1BuVl0IspanCrcg.C_roU2u5-OqtLAPUzt16Y57YMnnf3xoPYiwPx0x8xt4g.PNG.anisdennis%2F%25BB%25E7%25C0%25CC%25B3%25EB%25B4%25EB%25C7%25A5.png&type=a340,True
1978,734,https://search.pstatic.net/common/?src=http%3A%2F%2Fblogfiles.naver.net%2F20140911_144%2Fmechiekim_1410434441175juEKj_JPEG%2F3.jpg&type=a340,True
1979,735,https://search.pstatic.net/common/?src=http%3A%2F%2Fblogfiles.naver.net%2FMjAyNjAyMDhfMTcx%2FMDAxNzcwNDc3NTk3Mjk0.x79mCipBVnXUoXaNXAeCx1ibPqHODQXgBoNbQHDSaYog.DVcIS9p25nyCsfyKt3x0hHDqTpKUmTqC4CLPLUaBI5Yg.JPEG%2FIMG%25A3%25DF4386.jpg&type=a340,True
1980,736,https://search.pstatic.net/common/?src=http%3A%2F%2Fblogfiles.naver.net%2FMjAyMjExMjJfODIg%2FMDAxNjY5MDkwODEwNDAz.WcRIFyV4RMl9DsCEhoJJ6A-AkzxqEaQs_u7BlrkHc0Qg.XWH7AUVbRite0TPIRAPMivJjVIZU72kbzFGvN8vXwSIg.JPEG.susujj11%2F20221021%25A3%25DF120404.jpg&type=a340,True
1981,737,https://search.pstatic.net/common/?src=https%3A%2F%2Fldb-phinf.pstatic.net%2F20260518_169%2F17790707946495fwAW_JPEG%2Fbatch_DSC_3278.jpg&type=a340,True
1982,738,https://search.pstatic.net/common/?src=http%3A%2F%2Fblogfiles.naver.net%2FMjAyNDAyMjNfMjE2%2FMDAxNzA4Njg2MDg2NzU2.S0qjUjXTLM2aGYYGVitsoCeoayKxwFc8B61qu3MM7-Mg.1X56PNGxRbb1X5QnPXeakWELcmwvm2VLAYtyBoaDJa8g.JPEG%2FKakaoTalk_20240223_165806911_02.jpg&type=f54_54,True
1983,739,https://search.pstatic.net/sunny/?src=https%3A%2F%2Fd12zq4w4guyljn.cloudfront.net%2F750_750_20240301024656_photo1_34a28f77c782.webp&type=f54_54,True
1984,740,https://search.pstatic.net/common/?src=http%3A%2F%2Fblogfiles.naver.net%2FMjAyNTA4MTNfMjMz%2FMDAxNzU1MDUxMTg5NTAz.x4NMJKwU4quI4gS46-dnVPnCDxDur5klNcBfzGvwBrUg.sLwVn1NLjvmflVZhieBEyex12-AjpD287jyqoD8IbMEg.JPEG%2FKakaoTalk%25A3%25DF20250731%25A3%25DF145309872%25A3%25DF04.jpeg&type=a340,True
1985,741,https://search.pstatic.net/common/?src=http%3A%2F%2Fblogfiles.naver.net%2FMjAyNTA5MDhfMjEw%2FMDAxNzU3MzE3NTY0MTIw.0ojBBN6MTsVaOdHtEm3IJAfGHGDGI5wln32pv0mIsTUg.9QqepEfb7HBiOAH2Ef0w4wRPhPlCscSJM850ovUsgkMg.JPEG%2FIMG%25A3%25DF4025.jpg&type=a340,True
1986,742,https://search.pstatic.net/common/?src=http%3A%2F%2Fimage.nmv.naver.net%2Fblog_2023_09_20_1869%2F73cf1b33-5765-11ee-8bd9-505dac8c3607_02.jpg&type=ofullfill340_600_png,True
1987,743,https://search.pstatic.net/common/?src=http%3A%2F%2Fblogfiles.naver.net%2FMjAyNTA1MTlfMjAx%2FMDAxNzQ3NjExMjMzNjI4.Ye6xmd54WVsL_8bGpUO_ju8npXwynCMDfAdr5oaUeX0g.x1HuyqeAQbeFAuUfEcJ2I6wEc4KxeasLWITLF3KFQIUg.JPEG%2FIMG_2099.JPG&type=a340,True
1988,744,https://search.pstatic.net/common/?src=http%3A%2F%2Fblogfiles.naver.net%2FMjAyNTAxMjFfMTAx%2FMDAxNzM3NDQ4MTk0NTYz.5Bcn_EY-4FmxVvrQQZcPk1-9Yg2uE6M8jWtiASTKYGgg.w1RMkWmUNpd_pp4CrIIJmnlpewdBiRAb4J0nj3tsWmYg.JPEG%2F900%25A3%25DFse%25A3%25DFone%25A3%25DF20250121%25A3%25DF141945%25A3%25DFa.jpg&type=a340,True
1989,745,https://search.pstatic.net/common/?src=https%3A%2F%2Fldb-phinf.pstatic.net%2F20230517_95%2F1684250312662shSN5_JPEG%2F1684250259966.jpg&type=a340,True
1990,746,https://search.pstatic.net/common/?src=http%3A%2F%2Fblogfiles.naver.net%2FMjAyNDA4MTZfNCAg%2FMDAxNzIzODE4Njg5NDIz.j5AIucPxulWx7I61VpdIgpTuoba32UY2rRDbguMLCZIg.pIuDHzriQP5dO3Flwci6jGdltN8UzZnBwA-jvC6dfI4g.PNG%2FIMG_0788.PNG&type=a340,True
1991,747,https://search.pstatic.net/common/?src=http%3A%2F%2Fblogfiles.naver.net%2FMjAyNDAzMzFfMjUx%2FMDAxNzExODY2MjQyMDY1.jN80YSVpPEtgf_baF3N5nCzS7jwZtWBlV3PwwZeuLWEg.t20AjpAZI0ou6YZMgTIFYIXNsWUAbwEQnbwcaaM5bNgg.JPEG%2FIMG_3376_%25BA%25B9%25BB%25E7%25BA%25BB.jpg&type=l340_165,True
1992,748,https://search.pstatic.net/common/?src=http%3A%2F%2Fblogfiles.naver.net%2FMjAyNDA1MTBfNzMg%2FMDAxNzE1MzA2NjY5NDE1.pkoNy029YidXxPSicmKYyFYiMByqjbVgO9zeYjLFWOwg.hivGLrt0pMy3Rh5uxjQKUOBND0DI4ws5SougehqAC0og.JPEG%2F1715297963675.jpg&type=f54_54,True
1993,749,https://search.pstatic.net/common/?src=http%3A%2F%2Fblogfiles.naver.net%2FMjAyMjA2MjNfMTI4%2FMDAxNjU1OTYwMzY2NTA3.X-bRpWHusX7tNNxOOUKLp0Atf5_0eBGml7N-xCnykx4g.uN1BjboZQW85vBL7RNjRZbL2nDOGU_CtgjJ-ALgfBTkg.JPEG.yuiop2654%2FIMG_6758.jpg&type=a340,True
1994,750,https://search.pstatic.net/common/?src=http%3A%2F%2Fblogfiles.naver.net%2FMjAyMTA5MDNfMTI2%2FMDAxNjMwNjQwMTM4MTU2.XdaGHzBEh2XivRMJ0tqx8UHI4p3Wctxd0m3FykMbStgg.gqm8tXgab-co5sMXNu5MtdmK-NZSkw1igLMkFpB68-gg.JPEG.volabit%2F531%25C0%25CC%25B9%25CC%25C1%25F613.jpg&type=a340,True
1995,751,https://search.pstatic.net/common/?src=http%3A%2F%2Fblogfiles.naver.net%2FMjAyMzA2MDhfMTg1%2FMDAxNjg2MjM0NTI0MjQ0.QwL9fkTMZ0nUtZS-KVSMmSIrQr-OAWtliBWfUMa701Eg._gDWbGv6LV5yHjxeBDL2u172NPxz1jLsMFXH-HoCd2Mg.JPEG.ljy048%2FIMG_9294.JPG&type=a340,True
1996,752,https://search.pstatic.net/common/?src=http%3A%2F%2Fblogfiles.naver.net%2FMjAyNTEyMThfMjk1%2FMDAxNzY2MDE5ODE5NTYy.3HBAF4TuHuegv8O1NSj2nyUtguDMgZz2JuOjoMVPSVgg.zkhNe2T1r4I92TxWCG0OnEnoDIMDRCm1JxYy4ft_aZIg.JPEG%2Fimage_0.jpg&type=a340,True
1997,753,https://search.pstatic.net/common/?src=http%3A%2F%2Fblogfiles.naver.net%2FMjAyMzAzMTdfMTg1%2FMDAxNjc5MDI1MjUxMzk5.7hPfAqg6kgJAlg4aPFUGVMuIICHwuIjd9tOsjjNaYdEg.t-jTCJEpPV9Bj6Zi-TGJxsk22OAAO8Jf2BeTKZB4vLsg.JPEG.eddddd7%2FA4D8700C-83E0-40D7-8E86-618C6F56ACDC.jpeg&type=a340,True
1998,754,https://search.pstatic.net/common/?src=http%3A%2F%2Fblogfiles.naver.net%2FMjAyNjA3MjhfMTY3%2FMDAxNzg1MjE2OTYxOTIz.ZjpGnujF13423YQ9aLvYKbLAMXFKsKF3VgG__Zot0BMg.qIvqSU6LFdE3NRY_MpUswlnV0iXGEUJnCG_1O2lnV1wg.PNG%2F%25BC%25AD%25BA%25EA_%25284%2529.png&type=a340,True
1999,755,https://search.pstatic.net/common/?src=http%3A%2F%2Fblogfiles.naver.net%2FMjAyNTA2MDhfNjYg%2FMDAxNzQ5MzgzMTY2NTgw.7_GNpW4zI6B0uCvpCeTxYlK4LuUD3MxarCaE31fusLog.xr7HRgmccCKTyy2kGN-r0RpusCL1aMNqfyjLRoJ6zv0g.JPEG%2F900%25A3%25DF20250604%25A3%25DF184112.jpg&type=a340,True
2000,756,https://search.pstatic.net/common/?src=http%3A%2F%2Fblogfiles.naver.net%2FMjAyNjA1MjFfMTQ3%2FMDAxNzc5MzcyNjYyNzQ4.K93DhYZ7epsMIVoDqSeORIW0XcTSb9t1-hwB2WarSjEg.wUS_ThQQcgX7AhtVaX4bwWSRYXSigwKMdMuDsRN9N08g.PNG%2F%25BA%25ED%25B7%25CE%25B1%25D7%25BF%25EB.png&type=a340,True
2001,757,https://search.pstatic.net/common/?src=http%3A%2F%2Fblogfiles.naver.net%2FMjAyMTEyMDVfMzEg%2FMDAxNjM4NzAyOTUzNTE4.vFWNwa4-WaKFpaVK_fbxIJa69HHIjdMcRqdfkEK8x5Ug.01L-Tf81uWxxoxkSk4AuhJ0YO1XFeXG0NJeUigABckYg.JPEG.leehs9410%2F%25BC%25F8%25BB%25EC%25C6%25C4%25B4%25DF.jpg&type=a340,True
2002,758,https://search.pstatic.net/common/?src=http%3A%2F%2Fblogfiles.naver.net%2FMjAyMzEwMThfMTQ0%2FMDAxNjk3NjI4NDYwMTcz.q3dBgA_gkfOfmSOemTD1TqFGVR9y7MN4vLZPce2eHEsg.bZxMGqhhNy45880F64eTOZYQdbrFy6UyEX67wDluJFwg.JPEG.carpediem022%2FIMG_4159.JPG&type=a340,True
2003,759,https://search.pstatic.net/common/?src=http%3A%2F%2Fblogfiles.naver.net%2FMjAyMzA0MDJfODUg%2FMDAxNjgwNDEwMTI1MDUz.tu-0FiU-F5QbjaoQB_-k5OZ6PEXtnrmVpnAfpQfWs-gg.ZihqwG2l57-QLfwYKNIndFyTFvGJM--4Ujb-2X57NdIg.JPEG.yj12200%2FIMG_0876.jpg&type=f54_54,True
2004,760,https://search.pstatic.net/common/?src=http%3A%2F%2Fblogfiles.naver.net%2F20130819_39%2Fhansuel1230_1376896474738xtoEC_JPEG%2F%25BB%25E7%25C1%25F8_682.jpg&type=a340,True
2005,761,https://search.pstatic.net/common/?src=http%3A%2F%2Fblogfiles.naver.net%2FMjAyNjA0MTdfMTkg%2FMDAxNzc2MzU1OTIzNTAx.ELy1HNAjArL3eGa3ptXBoji8J87BhDtNtEZeraWEFo0g.DPEl2txsmtm8B_gPoJsC7onJ0v_fNKYUeMHat8ET5Ecg.PNG%2F%25C1%25A6%25B8%25F1%25C0%25BB-%25C0%25D4%25B7%25C2%25C7%25D8%25C1%25D6%25BC%25BC%25BF%25E4_-001_-_2026-04-17T010609.436.png&type=a340,True
2006,762,https://search.pstatic.net/common/?src=http%3A%2F%2Fblogfiles.naver.net%2FMjAxODA3MTJfMTM0%2FMDAxNTMxMzU4Mjk2Mjgz.2PFS2rXIQ3vNFcLAYDlxZ6Iqj3MgasEnANNd-Pd2vvcg.7IgQj-awwepB0WaJkjyI640BxPScI0ueh4U8o3twonUg.JPEG.8656239%2F20180711_153611.jpg&type=a340,True
2007,763,https://search.pstatic.net/common/?src=http%3A%2F%2Fblogfiles.naver.net%2FMjAyMDA4MTdfNDUg%2FMDAxNTk3NjUyMjI4MjEy.OSG7J7ftstcfZVtDQXLYUVCFl_W9CGKFZishOhIIPCog.aKJ8EADg31rpPVJ10qwRdRzu8HYVwYpHG7RK-qK_O9sg.JPEG.tmd8gml8%2Foutput_3481501151.jpg&type=a340,True
2008,764,https://search.pstatic.net/common/?src=http%3A%2F%2Fblogfiles.naver.net%2FMjAyNTEwMjNfNzEg%2FMDAxNzYxMTY1MTg0NjM3.obZh7b5JKJXBxv5JpWDyAfJC8LY-w4qjlZSbfJPpWRUg.T-07tlnoXuqJpkVFmiYNzl8FW1u6tRdOIux8QoxdjA8g.JPEG%2F740%25A3%25DF20251020%25A3%25DF234215.jpg&type=a340,True
2009,765,https://search.pstatic.net/common/?src=http%3A%2F%2Fblogfiles.naver.net%2FMjAyNDA3MzBfMTMg%2FMDAxNzIyMjY2MTU5OTg1.UrZWLrTIsXAqVlSS1ntXaeRh5kW0IbxTyGpq70idSC0g.ZWiOzImrget8K6AsQBIwhcWb9pNYoYzzhrgFfMpMhJ8g.JPEG%2Foutput_3698337719.jpg&type=f54_54,True
2010,766,https://search.pstatic.net/common/?src=http%3A%2F%2Fblogfiles.naver.net%2FMjAyNDA4MjNfNDUg%2FMDAxNzI0NDE3NDE1NDAw.AMctaLPN1BdBampgPuAGRxpfIvwMpmELMIfefvi2L8Ig.ILvxrSHAAs3lR5ON9a5ehRXOccMvBusRn6mFiSZFaUsg.JPEG%2F1.jpg&type=f54_54,True
2011,767,https://search.pstatic.net/common/?src=http%3A%2F%2Fblogfiles.naver.net%2FMjAyNTAzMDZfMjEx%2FMDAxNzQxMjI3Nzg3NjY0.RiICoDBmphOLbIAEguiOc00KUeI6eQ7nXzAgP15SPfog.FVEAeZkC7BHkFpG_uvZA0gXdWslC_3OqQpIFLhpSB1Ig.JPEG%2FIMG_3894.JPG&type=a340,True
2012,768,https://search.pstatic.net/common/?src=http%3A%2F%2Fblogfiles.naver.net%2FMjAyNjAxMjJfMjgx%2FMDAxNzY5MDE0MjMwMTUw.kMd88b0MzUkVF6fhl0K7ehHHwup1kIiCo0N_KO1WgW4g.XRt0BRuixD0-5dqVmw8wKa6QppS09AzAMfz8aGp4HVcg.JPEG%2Foutput%25A3%25DF160344048.jpg&type=f54_54,True
2013,770,https://search.pstatic.net/common/?src=http%3A%2F%2Fblogfiles.naver.net%2FMjAyNTA1MTNfMjY4%2FMDAxNzQ3MTEzOTMxNTEz.SE0n6czwLAnl6hKWNjn2DbNDAlB6c-V92VG4ASKLWY8g.FvB4LPRlv0NQNDj5SrEVywP3xIosf3Nc_ZzyaA9-VOcg.JPEG%2F005.jpg&type=a340,True
2014,771,https://search.pstatic.net/sunny/?src=https%3A%2F%2Fthumbnail.10x10.co.kr%2Fwebimage%2Fimage%2Fbasic600%2F366%2FB003664569.jpg%3Fcmd%3Dthumb%26w%3D500%26h%3D500%26fit%3Dtrue%26ws%3Dfalse&type=a340,True
2015,772,https://search.pstatic.net/common/?src=http%3A%2F%2Fblogfiles.naver.net%2FMjAyNTAzMzFfMTc3%2FMDAxNzQzNDAwOTc2NjQ1.5lJx6CTAq_SXFNnltv6vrCL8L_00DxWPlam-xEWkyu8g.wSEBJJ95sga64SUQNschWWrxczCDi9JVWHrwQ01BG1Mg.JPEG%2F09.jpg&type=a340,True
2016,773,https://search.pstatic.net/common/?src=http%3A%2F%2Fimgnews.naver.net%2Fimage%2F5560%2F2026%2F07%2F21%2F0000154585_001_20260721153253796.jpg&type=a340,True
2017,774,https://search.pstatic.net/common/?src=http%3A%2F%2Fblogfiles.naver.net%2FMjAyNDAyMDdfMTIx%2FMDAxNzA3Mjc0MTg1MTc2.axagf3uC_LcKffGsRCALCtUeKbxKoeXY-voODc99qKkg.8sE8luYKc6Mkz0JddNGStNf0wccfPO-TlAPNgPrbfoUg.JPEG.realdoghea%2FIMG_6905.jpg&type=a340,True
2018,775,https://search.pstatic.net/common/?src=http%3A%2F%2Fimgnews.naver.net%2Fimage%2F5353%2F2021%2F02%2F23%2F0000740436_002_20210223112555238.jpg&type=a340,True
2019,776,https://search.pstatic.net/sunny/?src=https%3A%2F%2Fplay-lh.googleusercontent.com%2FkEgezJg6sQPKSAc5qyCQtRiqN1HyWv_y-ltxnNpBjBdZ_YPvYsoc59tTaQECSJstp7ciSGqjOt3WusH5mWN618A&type=a340,True
2020,777,https://search.pstatic.net/common/?src=http%3A%2F%2Fblogfiles.naver.net%2FMjAyNTA3MTNfNzQg%2FMDAxNzUyNDAxNTU0NTEx.zmuAJyNHfLVe_H6jnjQdU6IXJJmdcNfzUi7buvx4V5Qg.hRVJFipBStUIRuvCXhM13TtJUWUQ7G9jmflaSd2yLgIg.JPEG%2F20250713%25A3%25DF165228.jpg&type=a340,True
2021,778,https://search.pstatic.net/common/?src=http%3A%2F%2Fblogfiles.naver.net%2FMjAyNTA5MDRfNTIg%2FMDAxNzU2OTc4MDk3ODA5._ElHLVzzSACtmOpMCkxebCiqxVeR_l9RBdjlKwtOmEog.iBI-5HARx5fO2o2omAdQn0p5u_uDA7yReLQPTZndjXYg.JPEG%2FDSCF0521.jpg&type=a340,True
2022,779,https://search.pstatic.net/common/?src=http%3A%2F%2Fblogfiles.naver.net%2FMjAyMjA1MjlfMjkg%2FMDAxNjUzODI4MzMwNzY5.Wndg3aw3wxP8vcYo0J2gb4a7MHe1GV7HCZG904JbInwg.QueWR25OuAZtXM5ZJBYy5y9hbslMve-1Jmpnw5QBA24g.JPEG.jbokk21%2FIMG_4932.jpg&type=a340,True
2023,780,https://search.pstatic.net/common/?src=http%3A%2F%2Fblogfiles.naver.net%2FMjAyNDEwMDdfNTEg%2FMDAxNzI4MjY3NjYxNDI5.1UIStAjWHQGkl_2NMMGJWxT6JG1Eaj2k0qo09lvOziwg.MH_rJRzIGThllT0IHLJhRO28uW8sWL8SecFJCpmWqWYg.JPEG%2F20241007_111957.jpg&type=a340,True
2024,781,https://search.pstatic.net/common/?src=http%3A%2F%2Fblogfiles.naver.net%2FMjAxOTEwMzBfMjEz%2FMDAxNTcyMzk1NDMzMjQ3.keIQU46WzNVPqmi3RkvGQ0zUPDRmDyQlISI8_VbLL0Ug.ys0IncYhm6QweD59o7fPWfclSlbdRADwhYfuQiAE5l8g.JPEG.inch59%2F%25BC%25DB%25BF%25F8%25C0%25CF%25BD%25C4-14.jpg&type=f54_54,True
2025,782,https://search.pstatic.net/common/?src=http%3A%2F%2Fblogfiles.naver.net%2FMjAyNTA4MjlfMjMw%2FMDAxNzU2NDQ0Mjk2OTIy.O9ECO6YD_ERobxYtrXNpeyZ3qmTNgV149AvezunKm1Qg.eq5LJX7fQBkmPNciIIiXIEfzRvos1qYOxI2pwNek9eEg.JPEG%2F900%25A3%25DF20250829141128.jpg&type=a340,True
2026,783,https://search.pstatic.net/common/?src=http%3A%2F%2Fblogfiles.naver.net%2FMjAyMzA2MDJfOTUg%2FMDAxNjg1NjM3Mjc0NTkz.Vj5E4faO8-nafTQE1Bgg3EpkpjxN7ZiRsClJMeJlo_Ig.ZkhnkzQUwBCODi75F-SxlSPATDopPPVOhjy6rouR_jYg.JPEG.mentbule%2FIMG_2498.JPG&type=a340,True
2027,784,https://search.pstatic.net/common/?src=http%3A%2F%2Fblogfiles.naver.net%2FMjAyMjA3MTlfOTIg%2FMDAxNjU4MTk0MDgxNDYw.8JqkhhYtsu1ScwAejydCFF1cYrbsuqEWadeG0mPC7cog.fIZTq99gZaqb0V4LoXgMBuvDp4o0mAbw23E-a3Ylfacg.JPEG.ojh6823%2FKakaoTalk_20220711_145105719_20.jpg&type=f54_54,True
2028,785,https://search.pstatic.net/common/?src=http%3A%2F%2Fblogfiles.naver.net%2FMjAyNTA0MjNfMTIg%2FMDAxNzQ1MzgwMTcwNjIz.LAj-OWagUSonLZ9DgsqUDVeS1xev45Ts5iyHHOLFmAQg.0l96sy0whrjewIN9FvH47zqBbB8ql6qiZpfWkA8Xd9sg.JPEG%2FDSC07084.JPG&type=l340_165,True
2029,786,https://search.pstatic.net/common/?src=http%3A%2F%2Fblogfiles.naver.net%2FMjAyMzExMzBfMTkw%2FMDAxNzAxMzMxMTgxNTIz.iUj49Ucwp2y1KA4EYt02QbHozq2I5SQyxBccwUnIY9sg.1JWoS6GETWmA-vaJdlWulrV__HPZOIQD0SeaSDCbZZUg.JPEG.dudajd1234%2FKakaoTalk_20231130_164935171.jpg&type=a340,True
2030,787,https://search.pstatic.net/common/?src=http%3A%2F%2Fblogfiles.naver.net%2FMjAyNTAyMTFfMjAx%2FMDAxNzM5MjYwODE5ODQy.vYIWJey_pZUX6G8bDuhHTCJ7u-1yXBxgAAbKw8rVSVEg.RTJf536-VPDkDULv7twb7nLp31R66fBSNzICOVYBaDIg.JPEG%2FIMG_2857.jpg&type=a340,True
2031,788,https://search.pstatic.net/common/?src=http%3A%2F%2Fblogfiles.naver.net%2FMjAyMzA1MjBfMjcy%2FMDAxNjg0NTg5MDExOTM5.-8YOnaM6dwGZYI0eOd4y8VdY6QRyunBEA0kvicNJTNwg.OeIkn9r0J3z3-SnkTiuClewy5Bh3VPYd_ZVUWFWMSxsg.JPEG.kuj0909kuj%2Foutput_2167007935.jpg&type=a340,True
2032,789,https://search.pstatic.net/common/?src=http%3A%2F%2Fblogfiles.naver.net%2FMjAxOTEwMjVfMTQ0%2FMDAxNTcxOTM2NjI0MDMw.htAeGWA9Bj7lQ2sEAydg2NKQxIjDfWsVd3ySk4V6dYsg.Lz1o5L-2k5RdE94R6xh2zUrYQVQTRKQNZafKF9KWYqYg.JPEG.goose902%2F1571936623719.jpg&type=a340,True
2033,790,https://search.pstatic.net/common/?src=http%3A%2F%2Fblogfiles.naver.net%2FMjAyNTA1MDFfMTk2%2FMDAxNzQ2MDc5MjQ5NTU1.liHm1j_4wE0X0wWK9j-kR0zVPJ9e0Ev2yK75S_1VOMUg.Td2uHC25zjqfVPMXwb_MSUssB4kqPP-LLWi74F4orqsg.JPEG%2F900%25A3%25DF20250429%25A3%25DF171832.jpg&type=a340,True
2034,791,https://search.pstatic.net/common/?src=http%3A%2F%2Fblogfiles.naver.net%2FMjAyMDA5MjBfMjY5%2FMDAxNjAwNjAzOTQxNTU0.exRikynCxFABbQenL9XOhCKJEBeha_rDtEAQLWGrlxQg.aFbwaGECJ4XkpacGAHVW315qTW2QsiTEdH63TLa7mygg.JPEG.kjs5736%2F5W6A2785_%25C7%25D1%25B6%25F3%25BB%25FD%25C5%25C2%25BD%25A3_%25286%2529.JPG&type=f54_54,True
2035,792,https://search.pstatic.net/common/?src=http%3A%2F%2Fblogfiles.naver.net%2FMjAyMjAyMDRfNjcg%2FMDAxNjQzOTUwMjI2NzY1.Ko3zoUb-HyG7w999jO-J9u7IsjQJXt5uf5JMwURuIsQg.6NCs7d0ESEKwfjczsyOl3Ke8xuJdm4V4NCZdcDUuULQg.PNG.shuthoi%2Fimage.png&type=a340,True
2036,793,https://search.pstatic.net/common/?src=https%3A%2F%2Fldb-phinf.pstatic.net%2F20191010_98%2F15706674492583i4q1_JPEG%2F1HMpNIb9SDqgyOkI7sl0sepD.JPG.jpg&type=f54_54,True
2037,794,https://search.pstatic.net/common/?src=http%3A%2F%2Fimgnews.naver.net%2Fimage%2F5181%2F2019%2F11%2F21%2F0001654664_001_20191121113002525.jpg&type=a340,True
2038,795,https://search.pstatic.net/common/?src=http%3A%2F%2Fblogfiles.naver.net%2FMjAyNjAyMjBfMTk1%2FMDAxNzcxNTU1NTkxOTIy.y1xZJYHNC7hw6U7mf5-ZPAXCtiJjGwbk-ATuMn8OMKMg.yOOibxlRnKaJ5UFmvnyBrcwn1-RyK18JCB7uqm2VV1Ug.JPEG%2FIMG%25A3%25DF1555.jpg&type=f54_54,True
2039,796,https://search.pstatic.net/common/?src=http%3A%2F%2Fblogfiles.naver.net%2FMjAyNTEyMTNfMzAg%2FMDAxNzY1NTUyMTU5MTk1.wYsfocqNPEgzxe-d04y0GRZATTQ3ozTC21w8I1au_Ccg.2H-FzvDjHxWLjDYUmd5srvAFRFO8nb5Xpad4xak-HMkg.JPEG%2FIMG%25A3%25DF2935.JPG&type=a340,True
2040,797,https://search.pstatic.net/common/?src=http%3A%2F%2Fblogfiles.naver.net%2FMjAyNDA5MTlfMTAw%2FMDAxNzI2NzE1NjU3Mzcy.43Qzs3ApdeozT4-1rV4K_KEgsO_ItefVW8Ugttl1Xi8g.vcEh2t8ia-A0CGcAokWjR2WkvagIlzAjVi7sTHzbOC4g.JPEG%2FIMG_9328.jpg&type=a340,True
2041,798,https://search.pstatic.net/common/?src=http%3A%2F%2Fblogfiles.naver.net%2FMjAyNTExMDlfNzAg%2FMDAxNzYyNjk3NzYyNzE2.xeObQ7qsK_-i_CT6mzRfyLGdwkYgeTF1fNURCMlqrRwg.9pq38CpM9uJkq874wS3dnmI-qDsKyWZUxzMn_sBcjqog.JPEG%2F20251025_125248.jpg&type=a340,True
2042,799,https://search.pstatic.net/common/?src=http%3A%2F%2Fblogfiles.naver.net%2FMjAyMDAyMTlfMTQz%2FMDAxNTgyMTIwMDQxNDY0.ntD5X2N-QnqNxkrcNoIbwRxYa4CQnaK90HN14JwFrR0g.0AYE8OCzxTAYRljtlklrPS9PbMm3ZUsxMO6W5kFxFGIg.JPEG.xeunax%2F1582120039282.jpg&type=f54_54,True
2043,800,https://search.pstatic.net/common/?src=http%3A%2F%2Fblogfiles.naver.net%2FMjAyMjExMTdfMTIz%2FMDAxNjY4NjY1NjI1MTky.bX_8S3e0UvnHEaNA2_FX6RLJMtsA6dGnKZbNOWpboyAg.-Euh-fS--GCVPGlppcFQppk4oqfczTTR3qsvi62v7O8g.JPEG.saneone%2F687A5339-9A3C-4435-8B71-E99721D26433_1_105_c.jpeg&type=a340,True
2044,801,https://search.pstatic.net/common/?src=http%3A%2F%2Fblogfiles.naver.net%2FMjAyNjA1MDNfNjIg%2FMDAxNzc3NzkyNTUwMDE0.x69UtedX1rzi2fRB2OqKz3DWjKTFVfI9DKkNMDKUfFog.he5jEvSmQs_mOYrRLjajDu2R0XhceAN6eB9vHkzYvt0g.JPEG%2F%25C1%25A6%25B8%25F1%25C0%25BB%25A3%25AD%25C0%25D4%25B7%25C2%25C7%25D8%25C1%25D6%25BC%25BC%25BF%25E4%25A3%25DF%25A3%25AD001%25A3%25A8200%25A3%25A9.jpg&type=a340,True
2045,802,https://search.pstatic.net/common/?src=http%3A%2F%2Fblogfiles.naver.net%2FMjAyNTA1MTNfMzkg%2FMDAxNzQ3MTAxNTE2MzEy._DWmfSanM9wJmAVx02Dqj5mZK0Lf7sWfUPf4T2m0YIEg.rW-OI346L3IYlb4LHG_Gvin1HNdd7WqVoFe4OwN4vBAg.JPEG%2FIMG_4757.jpg&type=a340,True
2046,803,https://search.pstatic.net/common/?src=http%3A%2F%2Fblogfiles.naver.net%2FMjAyNTA1MjVfMTE5%2FMDAxNzQ4MTc0ODY3NTAw.0-FOh3vraWGi22NPJ5TTMKbklHiz7c6II_O2zb6rxgEg.rk52Hf3ZDV0dXd3QBgJsBW0pF8CtM2HjGR9Gz2n96DUg.JPEG%2F%25B4%25EB%25BF%25AC%25B5%25BF_%25BC%25FA%25C1%25FD_%25282%2529.jpg&type=a340,True
2047,804,https://search.pstatic.net/common/?src=http%3A%2F%2Fblogfiles.naver.net%2FMjAyNTA3MjlfMzQg%2FMDAxNzUzNzg0MzQ4NDU1.eNBEg8Ot_4-Zmi62L44gobkaQ0plW69WbObSKAYSWu4g.oWJFxgGqQYobJjhvsLq-PyX4eFbQ_2dg9Tr0BMNDInQg.JPEG%2FIMG%25A3%25DF0382.jpg&type=a340,True
2048,805,https://search.pstatic.net/common/?src=http%3A%2F%2Fblogfiles.naver.net%2FMjAyNTAyMDNfMjMw%2FMDAxNzM4NTcwNjM2NzE2.9fy2qmv-kHvSxg1LjEHZuNH0O_uTu9XXY9b0MX9_Jnwg.-xhpKZLc5lqqCNhTRcFHyLCirZtwAg2fZj4-cDjuqg0g.JPEG%2F900%25A3%25DF20250127%25A3%25DF144812.jpg&type=ofullfill340_600_png,True
2049,806,https://search.pstatic.net/common/?src=http%3A%2F%2Fblogfiles.naver.net%2F20150709_95%2Fpreguntana_1436428322445f80ex_PNG%2FC4.PNG&type=a340,True
2050,807,https://search.pstatic.net/common/?src=http%3A%2F%2Fblogfiles.naver.net%2FMjAyNTAxMjRfMjU4%2FMDAxNzM3NzI0MzgzNTc1.lioCb_LoAd9ELb7flnwGtPjzQF1m2F-n8Cn52raWJC0g.j9Ux32C68OqwOzVxZkhr1rqe4PaWzpG1LFI8iV3BCJMg.GIF%2F2266517358.gif&type=ofullfill340_600_png,True
2051,808,https://search.pstatic.net/common/?src=http%3A%2F%2Fblogfiles.naver.net%2FMjAyNDA1MTRfMjQz%2FMDAxNzE1NjE4OTkyNzM3.B3RhW0yvXbtGt4aiP_kNoi2ZV4cTteBlc-CFOL_-Jg4g.BgcwcXTVqNRMILwZbPCPKd81dp5DBGEiX22DWSAjDFkg.PNG%2F006.png&type=a340,True
2052,809,https://search.pstatic.net/common/?src=https%3A%2F%2Fldb-phinf.pstatic.net%2F20220207_177%2F1644160819818WN6Us_JPEG%2FC59DF903-2C2E-4A58-ADAE-30B127F6C1A1.jpeg&type=a340,True
2053,810,https://search.pstatic.net/common/?src=https%3A%2F%2Fldb-phinf.pstatic.net%2F20250530_2%2F1748607702645qLdBJ_JPEG%2F1000001962.jpg&type=a340,True
2054,811,https://search.pstatic.net/common/?src=http%3A%2F%2Fblogfiles.naver.net%2FMjAyNjAxMjFfMjc5%2FMDAxNzY4OTgwNDM1MjE0.5XsVsI_bvUuBwvs-K21OKtgjownDWaaTZlF_bk3xVi0g.Vi8iHbZUrj_q6eJ5Udx3fJtHJPnlG9jWw3P22wELcE4g.JPEG%2FIMG%25A3%25DF1727.jpg&type=a340,True
2055,812,https://search.pstatic.net/common/?src=http%3A%2F%2Fblogfiles.naver.net%2FMjAyMzEwMTRfMjU5%2FMDAxNjk3Mjg5MzYxMDIy.tWByeYEA5M0Tq4DuoF0_lsLQ0VV_EPwsB4hMyIIEbFog.AtHOKVmApAU8KhfOPjYBthqCwmYlThZIMORHnoSCm-Mg.JPEG.eddddd7%2FIMG_0986.JPG&type=a340,True
2056,813,https://search.pstatic.net/common/?src=http%3A%2F%2Fblogfiles.naver.net%2FMjAyNjAxMjlfMTIy%2FMDAxNzY5NjYyMjQyNTUw.PM7611HmGJks__onhQJln-YZj6pjadZ15PjABVZ_wlwg.1Um5Rr2wtHzcwgRSjNYg2LIHn8UKatfZdZvCd2gjL2wg.JPEG%2FKakaoTalk_20260125_195057147_10.jpg&type=a340,True
2057,814,https://search.pstatic.net/sunny/?src=https%3A%2F%2Fd12zq4w4guyljn.cloudfront.net%2F750_750_20230117070916_photo1_2c355236f0d9.webp&type=a340,True
2059,816,https://search.pstatic.net/common/?src=http%3A%2F%2Fblogfiles.naver.net%2FMjAyNTA2MjRfMjU1%2FMDAxNzUwNzMxODUyMjU1.kifBlHd_bGtfPBawhbAtPKFTxS1TmZpQKV4VtcYk9uAg.vDpXAhy84PXRaEowAcYFErRHqOUfmnV5HzTdY7eWNF8g.JPEG%2F900%25A3%25DF20250623%25A3%25DF193732.jpg&type=a340,True
2060,817,https://search.pstatic.net/common/?src=http%3A%2F%2Fblogfiles.naver.net%2FMjAyMjAzMjBfMTQw%2FMDAxNjQ3NzIyOTQ0MTc1.V1ASGctUE108xbhyBe4QeJBZYzftKDmAZTQ31cfmhbgg.dn4uMbtfCnUdHiGAyXBqE0arlvnpaq9tBP5-no4zQfcg.JPEG.angdu0813%2FFullSizeRender.jpg&type=f54_54,True
2061,818,https://search.pstatic.net/common/?src=http%3A%2F%2Fblogfiles.naver.net%2FMjAyMzA0MjZfNCAg%2FMDAxNjgyNTExOTY0MzA2.dG8nn0vPa4hSAHtE2oIOzbptvr3vCJ3QvTRAXTQ5vzgg.q_vJJr346rEdliSxuCctb-gKro8dNdlfqJFR7iVxkKQg.JPEG.dldkcjs%2F20220408%25A3%25DF111537.jpg&type=a340,True
2062,819,https://search.pstatic.net/common/?src=http%3A%2F%2Fblogfiles.naver.net%2FMjAyMzA2MDlfMjQ5%2FMDAxNjg2MjQxMzM0Mjkz.AjfhNxM5k4ZhYIP_3zto3-c4f7V3GVK9plpHPm1vF-wg.1yg6lJTh3B6Sqd1EfShV6e8l5TsaOaEBp_Tp4OsUIkog.JPEG.kummi12%2FScreenshot%25A3%25DF20230607%25A3%25DF105928.jpg&type=ofullfill340_600_png,True
2063,820,https://search.pstatic.net/common/?src=http%3A%2F%2Fblogfiles.naver.net%2FMjAyMjAyMDdfMjMz%2FMDAxNjQ0MjA5NDkyODE2.apeHGidZKCAzpeSRz6ZUa8kR4QX5FBQZQphRQu8Bspcg.CeOS24ZCKarlW0IF78MXGzjVzRprGX0KvZzlzjYXSYkg.JPEG.cjcj7878%2FIMG_8052.jpg&type=f54_54,True
2064,821,https://search.pstatic.net/common/?src=http%3A%2F%2Fblogfiles.naver.net%2FMjAyNDA4MDRfMjY0%2FMDAxNzIyNzU0NTA2Njc1.a4uZFdoQWYWP9d5WoM0VI30WGoSUkO8h3Xj-lPrUaWwg.DQwWQEQbg_L_M5sdQoqdpSbb2UgI-SXvvMGf_Hoqy-gg.PNG%2Fc_09145-2225370734-absurdres%252C_%2528girl%2529%252C_star_eye%252C_blush%252C_%2528realistic_1.5%2529%252C_%2528mas.png&type=a340,True
2065,822,https://search.pstatic.net/common/?src=http%3A%2F%2Fblogfiles.naver.net%2FMjAxNzA3MTRfMjAy%2FMDAxNTAwMDAyMTQ2NDUy.C2eoHdUC3rz8V4f7q4ngRYjAzJRJhUyrBCVKFSUuX_4g.PI5l4xrCZGYhxSIgIhYPbWnhOxbtrlu1SLfSARrplcAg.JPEG.minton_holic%2FBandPhoto_6447637071.jpg&type=l340_165,True
2066,823,https://search.pstatic.net/common/?src=http%3A%2F%2Fblogfiles.naver.net%2FMjAyNjAzMDhfMTc3%2FMDAxNzcyOTUyODYyMzM0.FRhrBC8Me3r9tqVEyEEGZqUvVEGIPgeUzOTXzUBsMrMg.VlDXP6b7DvkZf0isbU6reZD1LjwMKQ2Wcl4g5kUZjyYg.PNG%2FChatGPT_Image_2026%25B3%25E2_3%25BF%25F9_8%25C0%25CF_%25BF%25C0%25C8%25C4_03_54_07.png&type=a340,True
2067,824,https://search.pstatic.net/sunny/?src=https%3A%2F%2Ft1.daumcdn.net%2Fcafeattach%2FUzlo%2F3db8e816cf780b1f7c7b891bb686155e21ae3dda&type=l340_165,True
2068,825,https://search.pstatic.net/common/?src=http%3A%2F%2Fblogfiles.naver.net%2FMjAxODAxMjhfMzMg%2FMDAxNTE3MTE5ODM2ODMy.WOkLy94tMHs66BdluqQ8oUO9GLeBLw_an-l5qy_etYsg.tdlRZSSItBUhDxOQ_gmVNLdziWVJuXIaGgO-GJ6Hd1Ig.JPEG.pinkljn%2F20171213_144756.jpg&type=a340,True
2069,826,https://search.pstatic.net/common/?src=http%3A%2F%2Fblogfiles.naver.net%2FMjAyMjA4MjBfMTg3%2FMDAxNjYwOTc5NDU0MTQ4.PV4QY7MBojE7dQhETfATRfl2v84EMXoAJvrWsKZo0WMg.Y9-JtEFP5lc_p9tzKORGU1nCFBOKM4okpxpMcECtvPgg.JPEG.xxpinkpink25%2FIMG_7972.JPG&type=a340,True
2070,827,https://search.pstatic.net/common/?src=http%3A%2F%2Fblogfiles.naver.net%2FMjAyNjA1MzFfNzMg%2FMDAxNzgwMjM5NTUxMTQy.EijQdrKFk4haZyu5VFgcssnI2_XHUKvYCcFVIEK3v8cg.uUerArncqiRlyoD9XqmYAIAWah8BOufjwj2y96CXO9Eg.JPEG%2Foutput%25A3%25DF2663639010.jpg&type=a340,True
2071,828,https://search.pstatic.net/common/?src=http%3A%2F%2Fblogfiles.naver.net%2FMjAyNDExMTFfMTI3%2FMDAxNzMxMjk4MzcyOTMz.xwniibK5Z8broQdWQAmudoz95LnvOhYjlTGu_S7KBLIg.LOb0fRZOje61kFDoH_v4fwb8DCANB-ii1lZhEf6ikicg.JPEG%2FKakaoTalk_Photo_2024-11-07-11-37-19_021.jpeg&type=f54_54,True
2072,829,https://search.pstatic.net/common/?src=https%3A%2F%2Fldb-phinf.pstatic.net%2F20240308_75%2F1709847767527U6ub5_JPEG%2F1000004595.jpg&type=a340,True
2073,830,https://search.pstatic.net/common/?src=http%3A%2F%2Fblogfiles.naver.net%2FMjAyNDA3MDlfMjEw%2FMDAxNzIwNDgxNjY2NDU3.1NJZHHpMOMWle6OQpGnGKO6mldKZAe1xZgyJGXSALRwg.-yl4nj0C4yozIxf8xT9cK8wHurkn5PrBIp0MTDZFFHQg.JPEG%2FIMG_6192.JPG&type=f54_54,True
2074,831,https://search.pstatic.net/common/?src=http%3A%2F%2Fblogfiles.naver.net%2FMjAyNjA0MjFfMTA1%2FMDAxNzc2NzUzNjUyMDMz.wc69Yfez6Runy7K2xjkX7zKROFNwTlx3IltJKFkkxa8g.GCL7bTFq6FhWwg15cDN1fqjpaXB7Fip7SlBj0oi7CA8g.JPEG%2FIMG%25A3%25DF2951.jpg&type=a340,True
2075,832,https://search.pstatic.net/common/?src=http%3A%2F%2Fblogfiles.naver.net%2FMjAyNDA0MjlfNzkg%2FMDAxNzE0NDAxNzcyMDU4.WBd1RgF0JaZYGZGkBJHDav1piwTfwDy0ZTKVyJq51-8g.tZ_-AvIoQYmfq0O7zOv-kXvE4bKTUnrmaYW8-4dlNAcg.JPEG%2FIMG_9148.jpg&type=f54_54,True
2076,833,https://search.pstatic.net/common/?src=http%3A%2F%2Fblogfiles.naver.net%2FMjAxODExMzBfMzEg%2FMDAxNTQzNTQzMDc2MDM2.bx2cKSANTDUaaUBeDGfQf5iUA02SWtEyxr4PGlEenZYg.d6LH6MjucFCDxRtj-t74_Eo_aQJmVg-Z720usPdAOyMg.JPEG.bongxdoo%2F20181127_182229.jpg&type=a340,True
2077,834,https://search.pstatic.net/common/?src=http%3A%2F%2Fblogfiles.naver.net%2FMjAyNjAzMjNfMjEg%2FMDAxNzc0MjQwMjg2Njc4.frb6drMPI69dxHHi253fBziQgWrKMQxaYGOtr3BOVMsg.cZV5PIBMQ_IAnZxa_reLUJR1kyMtVvKNxgTUtabgHH0g.JPEG%2FIMG%25A3%25DF7916.JPG&type=a340,True
2078,835,https://search.pstatic.net/common/?src=http%3A%2F%2Fblogfiles.naver.net%2FMjAyMzA2MDdfMjY1%2FMDAxNjg2MTI1MDM4Nzg0.S9oe8UvkYmwIxXsy7qn81ClUR_-IX2Od4w2faGlxLf8g.WaL9ffC_gkg4ZlQvjsLYuWzaWy0cX99iS1wLJssvYmIg.JPEG.bee9393%2FIMG_1096.JPG&type=a340,True
2079,837,https://search.pstatic.net/common/?src=http%3A%2F%2Fblogfiles.naver.net%2FMjAyNDAxMDZfNDAg%2FMDAxNzA0NTUxNTc2ODI4._qWgEgw9zRIjvM5SE7OEr9hUE6b2wUYPCN1GQoSrsi8g.jl6I9kOBMwrigiqR6RuHoKDK_tIzMa5r8LgCiYPFbCcg.JPEG.rko7828%2FIMG_4981.jpg&type=a340,True
2080,838,https://search.pstatic.net/common/?src=http%3A%2F%2Fblogfiles.naver.net%2FMjAyMzAzMTdfMjQ4%2FMDAxNjc5MDI4NjU1OTY4.sPQr7TR_pZ4zdK_FeCey2SbeRBRH-xugr3q-TwUcT2Yg.tEIFr9PMTupzCM2Qviv7rcKrnEFanlYqPeHBRx3jcIMg.PNG.coo0422%2F5.png&type=f54_54,True
2081,839,https://search.pstatic.net/common/?src=http%3A%2F%2Fblogfiles.naver.net%2FMjAyNDAxMDJfMTY4%2FMDAxNzA0MTk1MTc4NDI3.AxWANdM9yZ4F94_3V0XB0QJQ7ZT5A3fLB9F1T_FZwOYg.pu34XzBUXLnby28bjOzs-G4eE1jgDmCF4zA-vGcbAmgg.JPEG.coco_fullsun%2F20231117%25A3%25DF173545.jpg&type=f54_54,True
2082,840,https://search.pstatic.net/common/?src=http%3A%2F%2Fblogfiles.naver.net%2FMjAyNjAxMTVfMzYg%2FMDAxNzY4NDM3MzcyNzcz.6GTT1vP6p6G_KrljaEWxKfDTe2MjYCFFYhjZIQAU8_og.V8wdFjHROFvCrFoMAuKf-4G4idrpFcTGCP_5KhIxklYg.JPEG%2F900%25A3%25DF20260112%25A3%25DF192011.jpg&type=a340,True
2083,841,https://search.pstatic.net/common/?src=http%3A%2F%2Fblogfiles.naver.net%2FMjAxOTEyMjZfMjg0%2FMDAxNTc3MzQzMzY0NzI0.2yEZ1894tKUnpeZv6FOom0VpGGBd4t0RQLuig0JJgacg.Q4bDcdceEqSm87Dc2AR3NChick8hKf6ShPIoPq9odasg.JPEG.pleasure_eating%2F1577343365336.jpg&type=a340,True
2084,842,https://search.pstatic.net/common/?src=http%3A%2F%2Fblogfiles.naver.net%2FMjAyMjAxMDlfMTIz%2FMDAxNjQxNzM1MjA1MTc4.tDJ8Nls1hArkhmNyUDUswtP9zDiQKjpmsMxvSdhfMhwg.IwG59P2Ub8yRfFpVc4KkYKY6frHnN-FjWFG5fRB--ygg.JPEG.hneyjam_%2FIMG_6638.jpg&type=a340,True
2085,843,https://search.pstatic.net/common/?src=http%3A%2F%2Fblogfiles.naver.net%2FMjAyMzA0MjZfNDEg%2FMDAxNjgyNDkwMjIzNDk4.dnV9xEMG8xT6A_7tX6UoND084Ee03o9LnSv_SkCl8x0g.QNVqHQ5mt_VURZUNVR-YnlkHQcW59Vuec7I_y-S_Hr4g.JPEG.mumvhbr%2Foutput_2191009868.jpg&type=a340,True
2086,844,https://search.pstatic.net/common/?src=http%3A%2F%2Fblogfiles.naver.net%2FMjAyMTEwMDFfMjg2%2FMDAxNjMzMDg2MTgyMzY1.kuiTXy_83jCqte5rHTYLjy_GA4y-N-YraM7KEGGGKZEg.JzIUVCarVd2KMwdKh5GY74splP6mma1ydqtfNdJoTfsg.JPEG.magicnmagic%2FSAM_6697.jpg&type=a340,True
2087,845,https://search.pstatic.net/common/?src=http%3A%2F%2Fblogfiles.naver.net%2FMjAyNDEwMjhfNTUg%2FMDAxNzMwMDc0ODAyOTY4.8Oxc60gz0ie1aPC8tj8uzvL1w8sfwTAcKsePUgf744wg.9PlBgeQJxl-1rxOTnnivCbUse8Ue4z5Mrm6paAB3GjEg.JPEG%2FKakaoTalk_20241028_090636940.jpg&type=a340,True
2088,846,https://search.pstatic.net/common/?src=http%3A%2F%2Fblogfiles.naver.net%2FMjAyNjA0MjBfOTYg%2FMDAxNzc2NjExMzAyMzI0.bRlTyq2tyTfvbVFrl4EyTFQPHOjzIy_i0-5Q4TfEQEAg.FCvuA-1tGLCzKD6rSuUmmHSxG_g_4nwMplWjfCgPv0kg.JPEG%2FIMG%25A3%25DF2219.jpg&type=a340,True
2089,847,https://search.pstatic.net/common/?src=http%3A%2F%2Fblogfiles.naver.net%2FMjAyNjA3MTdfMTc0%2FMDAxNzg0MjM5MDQxOTU5.rONNnBgIq0XWQ3DK5-mNL4fRPuDzNO5rKTbXFZM4M08g.-r7zaE8kZRbVoz3jjUcMVkW113LtpW2tLWJwM1POlR0g.JPEG%2FIMG%25A3%25DF9608.JPG&type=ofullfill340_600_png,True
2090,848,https://search.pstatic.net/common/?src=http%3A%2F%2Fblogfiles.naver.net%2FMjAyNDA3MTVfMjYw%2FMDAxNzIxMDMxODQ5Nzgx.-AkYAjlXv7at-tNUWVHuK_BMPbaQfwXzH8tzGdu2y00g.KE4stccXtyCfpcKF18M-vgtq0vtO3pcA1a7UNyzVPfAg.JPEG%2FIMG_4155.JPG&type=f54_54,True
2091,849,https://search.pstatic.net/common/?src=http%3A%2F%2Fblogfiles.naver.net%2FMjAyNTA0MDRfMjQ5%2FMDAxNzQzNzI4NDE5NjA1.VKaCuKvzd_zpkQ6HoAQHteY9WnFDU4hsXoEZQTWsmiAg.7C2eKOpVdgwEwkOggMuZsu7R4iupBwTX72NzuiyKaYsg.JPEG%2FIMG_1344.jpg&type=a340,True
2092,850,https://search.pstatic.net/common/?src=http%3A%2F%2Fblogfiles.naver.net%2FMjAyNjA2MDdfMjAw%2FMDAxNzgwODEzNTY4MjA2.60oXfa5VV9XnlMc8UILOLMkplsXHbGFRJ5nxYVm89z0g.K_YH6DKRIRzZ_ytSbISfv3zhJNIG9ywSs9pBvzrcXSMg.JPEG%2FIMG%25A3%25DF8004.jpg&type=a340,True
2093,851,https://search.pstatic.net/common/?src=http%3A%2F%2Fblogfiles.naver.net%2FMjAyNjA2MDhfMjEg%2FMDAxNzgwODk2NjU1MTEz.aT4vHO8JDR5MwG1O66NW5ehOWcNdltVnEnw-90B2cnEg.9ln3Yl0rekWfUUsIkIILDJ_ApPZdH9qI6CXCMXhRA4wg.PNG%2F%25C1%25A6%25B8%25F1%25C0%25BB%25A3%25DF%25C0%25D4%25B7%25C2%25C7%25D8%25C1%25D6%25BC%25BC%25BF%25E4.%25A3%25A8208%25A3%25A9.png&type=f54_54,True
2094,852,https://search.pstatic.net/common/?src=http%3A%2F%2Fblogfiles.naver.net%2FMjAyNjA1MjhfMTIy%2FMDAxNzc5OTQyMjgwOTg4.OLVj24Q-J4E5lGKsBE3RWt19_lxeUBlP60CtorkmOwcg.IxlNJZ9zR2yTvvLr_2IwdmS3iTw1uPYXrzYo7PAJtzEg.PNG%2F900_file_00000000bd80720b8455e9f2723fbfc2.png&type=a340,True
2095,853,https://search.pstatic.net/common/?src=http%3A%2F%2Fblogfiles.naver.net%2FMjAyNjAyMDNfNjYg%2FMDAxNzcwMDc2NjYzNjU2.rWVQnLAFdF-2e4-_FRaym1tn8Zdx1acfP6nv26ZVzfUg.Slw4gB27WuV2vrUVT-XIC5K7kJBX7dduytM7nwfeZUsg.JPEG%2FKakaoTalk_20260203_083935523_26.jpg&type=a340,True
2096,854,https://search.pstatic.net/common/?src=http%3A%2F%2Fblogfiles.naver.net%2FMjAyNTAxMTlfODIg%2FMDAxNzM3MjgxMTM0NzQ0.BVE-Wc6SJfijSrwuftv_Hl3YLYZ8hLRhbbdwTTbX--wg.VIwFY1Z4FMb-NsWDVq_LMcOoALQeAap_2xDHQpzhqmIg.JPEG%2Fimage_1.jpg&type=a340,True
2097,855,https://search.pstatic.net/common/?src=http%3A%2F%2Fblogfiles.naver.net%2FMjAyNjA0MjZfNDMg%2FMDAxNzc3MjA4MzA2OTMz.qpAWUTGgDH5gHg-uJ2TFHYi4_GUPr83LFJlIRbhUAzEg.diapU3HWOvdIH4kMR8QHv1LAsw5a7vpFGQIc3PM3C_sg.JPEG%2FIMG%25A3%25DF5821.jpg&type=f54_54,True
2098,856,https://search.pstatic.net/common/?src=http%3A%2F%2Fblogfiles.naver.net%2FMjAyNjAyMTZfODkg%2FMDAxNzcxMjAxNTI5MDk2.CA4-IWAONntx5kRuU1jbsYGASHVT5x1-gjk5haJxPq0g.mPBVdG1Q9T9ltOlb0sH8SotRqMW_bFvI2bn0JUaT0CEg.PNG%2Fimage.png&type=a340,True
2099,857,https://search.pstatic.net/common/?src=http%3A%2F%2Fblogfiles.naver.net%2FMjAyNjA0MjdfMTU1%2FMDAxNzc3MjUxNDg5NzA1.CA2r2wsLekrTH4MgBNLSLxXwv-v1gwWIRDyzbiekT8sg.a1Fh2GFfqcxqbEfSnnMfO_GJNEo2nSalIvsrL7HQStUg.JPEG%2F900_20260424_113921.jpg&type=a340,True
2100,858,https://search.pstatic.net/common/?src=http%3A%2F%2Fblogfiles.naver.net%2FMjAyNTAzMjFfMTk5%2FMDAxNzQyNTMwNTgzNDc0.jlpQLBqFGaehdoAFxkPzF696tIabEEJho-KNDB_1w3sg.ayp2txMtQ1-ud4Nj_EY9mN3Zl1OLPmzfxIJ5Zz3ktKYg.JPEG%2FIMG_0309.jpg&type=f54_54,True
2101,859,https://search.pstatic.net/common/?src=http%3A%2F%2Fblogfiles.naver.net%2FMjAyMTEyMjRfNTYg%2FMDAxNjQwMzI0MDA3NDU5.jjaWIR5nbC_jHuwVqPl-ig6F_3Cj823F2_EpytRXzdIg.upek8BbY2ftZw6CZd0SHhJOz8a2S-1JNgiLqvuHUT-Ag.JPEG.fredpizza_official%2F%25BA%25CE%25BB%25EA%25B4%25EB%25BF%25AC%25C1%25A11.jpg&type=a340,True
2102,860,https://search.pstatic.net/common/?src=http%3A%2F%2Fblogfiles.naver.net%2FMjAxODEyMTdfMjQw%2FMDAxNTQ1MDUyMDI1NTE0.qEYJADxwTC1eeSg8kEs3Rq-9G3C_CFtjeOvlgSc-vCsg.QLvIDDFhckyMkNVi4AQ6MCYP1PQIhAslDwblnG7T5fsg.JPEG.vovo314%2Foutput_1604593361.jpg&type=a340,True
2103,861,https://search.pstatic.net/common/?src=http%3A%2F%2Fblogfiles.naver.net%2FMjAyMTA2MDRfMTEz%2FMDAxNjIyNzkxNjg4MTU1.66xP_2ClBjKoVz8xZiObs4LRKEW-_e3CEd3NeXtPGzkg.9gDftFC0wDHyYBvZCamc6SOoQ8HB2krKJznFGGxqmMsg.JPEG.minzu0819%2FIMG_8579.JPG&type=l340_165,True
2104,862,https://search.pstatic.net/common/?src=http%3A%2F%2Fblogfiles.naver.net%2FMjAyMTAzMjZfMTQx%2FMDAxNjE2Njg3MTE2MDMw.Vl2vPE46YbLXQtDVggpemvigcQnaDNv33XoMwd2x9Aog.rdkV-ct8yl06ZlBeWyqq6Hcm1LT3nrEJJKNt9MneCB4g.JPEG.syj0510%2F20210325%25A3%25DF135246.jpg&type=a340,True
2105,863,https://search.pstatic.net/common/?src=https%3A%2F%2Fldb-phinf.pstatic.net%2F20250701_244%2F1751365846165JvyH5_JPEG%2F%25BC%25D2%25B1%25DD%25B9%25D9%25B0%25D4%25C6%25AE.jpg&type=a340,True
2106,864,https://search.pstatic.net/common/?src=http%3A%2F%2Fblogfiles.naver.net%2FMjAyMjA1MThfMTM3%2FMDAxNjUyODQ5NTc2NTA3.tlDbRMYLMEtDsaT7KDpTZDYYfsQsVvTBbF7kURzz6fIg.mLpWPvVI0fM035JoqxWU_uTFjuSd0hq1YVYMxmPyJwog.JPEG.unaul78%2FIMG_5231.jpeg&type=a340,True
2107,865,https://search.pstatic.net/sunny/?src=http%3A%2F%2Fwww.menupan.com%2Frestaurant%2Frestimg%2F003%2Fzzmenuimg%2Ft40065364_z.jpg&type=a340,True
2108,866,https://search.pstatic.net/common/?src=http%3A%2F%2Fblogfiles.naver.net%2FMjAyNTEyMDNfMjAy%2FMDAxNzY0NzI4OTQ4Mzc2.5DCyx9iNcYj1cSuQkJhYhbBOSvWD7_plnN5n21m-ZE0g.9ksg3WYAgMqLGM5izaexxCTG509fhUYA4Ws4eUMW2WEg.JPEG%2F900%25A3%25DF20251129%25A3%25DF201649.jpg&type=a340,True
2109,867,https://search.pstatic.net/sunny/?src=https%3A%2F%2Fd12zq4w4guyljn.cloudfront.net%2F750_750_20231018095245356_photo_f2440997b434.webp&type=a340,True
2110,868,https://search.pstatic.net/common/?src=http%3A%2F%2Fblogfiles.naver.net%2F20160821_209%2Fdonghee-_1471773117195R79mk_JPEG%2F%25B4%25EB%25B9%25AE.jpg&type=a340,True
2111,869,https://search.pstatic.net/common/?src=http%3A%2F%2Fblogfiles.naver.net%2FMjAyNDA3MTJfNTcg%2FMDAxNzIwNzg4Mzc5NjUw.ZMQ5prlh03PeH2AW-2w4jF_shcY1g_fgiQh0crQKkTog.NNowPEvwSBEN4CV15_sB5cwGpy7Vum2hCBH2poT1HGEg.JPEG%2F1720788379450.jpg&type=f54_54,True
2112,870,https://search.pstatic.net/common/?src=http%3A%2F%2Fblogfiles.naver.net%2FMjAyNjAyMjdfMTg4%2FMDAxNzcyMTY2MjQxOTAy.6-ACJImDOJE9m36Ihjt8ZdGc_hW7LqKrNIVOJOj1CR0g.bGKIhtAAAuWXx7CZYBT0pccL_FgOa3kKoM18ZFXBQ9Qg.JPEG%2FIMG%25A3%25DF0843.JPG&type=a340,True
2113,871,https://search.pstatic.net/sunny/?src=https%3A%2F%2Fthx.sfo2.cdn.digitaloceanspaces.com%2Fwr%2Fcoverimages%2Fm_11%2F%25EC%2597%25AC%25EB%258B%25B4_11.jpg&type=f54_54,True
2114,872,https://search.pstatic.net/common/?src=http%3A%2F%2Fblogfiles.naver.net%2FMjAyNDA1MThfNSAg%2FMDAxNzE2MDIwMDAwNTU3.g_tLQPqk5FciyrICymW1ryi_1Q7ZDIigSmYte8grOxQg.XCjVCb4eoQV9d_3J-NbHMQ6DhJnDAJZYZ7SBn-5bS8Yg.JPEG%2F20240510%25A3%25DF202132.jpg&type=a340,True
2115,873,https://search.pstatic.net/common/?src=http%3A%2F%2Fblogfiles.naver.net%2F20150109_53%2Fdonghuil_1420789531974o9H0d_JPEG%2F20141210_161422.jpg&type=f54_54,True
2116,874,https://search.pstatic.net/common/?src=http%3A%2F%2Fblogfiles.naver.net%2FMjAyNDA5MDZfMjc2%2FMDAxNzI1NjE3MjY5MTA2.32OVR12gSB9efnSiPginFvwWgxxqFhuGbPbPEXZkeOgg.UWMj2oxHIMXNoSVHEzNJbqgmhsZUDiqv00CS_3E-_fEg.JPEG%2FIMG_1595.jpg&type=a340,True
2117,875,https://search.pstatic.net/common/?src=http%3A%2F%2Fblogfiles.naver.net%2FMjAyNDAzMDJfMjM2%2FMDAxNzA5MzU5MDY2NTEy.PzYAi7EKC8CTdZPOw_M2WGHqYnKad43jwDFMjz6jm08g.KaQXNQ5ZvUTkyz89HwFmMK0Dv1sdy9YPHD4EbPW0nycg.JPEG%2Foutput_2112699782.jpg&type=a340,True
2118,876,https://search.pstatic.net/common/?src=http%3A%2F%2Fblogfiles.naver.net%2FMjAyNjA3MjdfODkg%2FMDAxNzg1MTM4MTIzMDA4.2FBzDxHCQGBdgUl7mfoEUHp5QGtv9Za8LrvqkiGJ_RYg.jY5PlCmCzHgGm2rh0lDkgHuNrJxhMCaK8hGsDnUr0mkg.JPEG%2FIMG%25A3%25DF6633.JPG&type=a340,True
2119,877,https://search.pstatic.net/common/?src=http%3A%2F%2Fblogfiles.naver.net%2F20140401_49%2Fhoegod6004_13963509383709iCwJ_JPEG%2F20140401_000304.jpg&type=f54_54,True
2120,878,https://search.pstatic.net/common/?src=http%3A%2F%2Fblogfiles.naver.net%2FMjAyNTA0MTVfMjgy%2FMDAxNzQ0NzIyODIzMDEz.Qapwi1Z-SI9KrVY-hKzG2a6ZG-PvYVvpxvS16CLn1SYg.BVTr_266ACzEAHAaYt7ASOhsC5-rJVvBX0MwdmERyNUg.JPEG%2FKakaoTalk_20250415_215737617.jpg&type=a340,True
2121,879,https://search.pstatic.net/common/?src=http%3A%2F%2Fblogfiles.naver.net%2FMjAyNTA4MTNfMTkx%2FMDAxNzU1MDkyNDUxMTgw.KJPY0IsxHm6mQgG0OrZqzgXoll4ioUk1l3RQkY9eAmkg.xSUn2o9aWaeyayxrXdTBVwTLEtKCQQl3jST-f3DaI9Qg.PNG%2Fc87cc304-6592-4bf0-ac82-f4b88c536958.png&type=a340,True
2122,880,https://search.pstatic.net/common/?src=http%3A%2F%2Fblogfiles.naver.net%2FMjAyNDA0MDFfMjEw%2FMDAxNzExOTc1NDYzOTEz.wprDrEF2W60zZazyRpdqh5UC50PLozQhCJY5RKC2VjMg.ymfo0uHOS8UtsVhcAWUMc2i8IFH3fjrMMt3x5b222UMg.JPEG%2F20240328%25A3%25DF183745.jpg&type=f54_54,True
2123,881,https://search.pstatic.net/common/?src=http%3A%2F%2Fblogfiles.naver.net%2FMjAyNTAzMjZfMTgg%2FMDAxNzQyOTQ3MDcxNzQw.5jYCQXV3xm1iS_2xVwKIxtuMrzFP7JgjJ4novVHh7h4g.cyi3DQbIUo1K6QmSy97VpG7qjv_Dgwugxldqws83Q_sg.JPEG%2Fimage_1742947068.jpg&type=a340,True
2124,882,https://search.pstatic.net/common/?src=http%3A%2F%2Fblogfiles.naver.net%2FMjAyNDAzMDJfMjM2%2FMDAxNzA5MzU5MDY2NTEy.PzYAi7EKC8CTdZPOw_M2WGHqYnKad43jwDFMjz6jm08g.KaQXNQ5ZvUTkyz89HwFmMK0Dv1sdy9YPHD4EbPW0nycg.JPEG%2Foutput_2112699782.jpg&type=a340,True
2125,883,https://search.pstatic.net/common/?src=http%3A%2F%2Fblogfiles.naver.net%2FMjAyNTEwMTJfNDcg%2FMDAxNzYwMjM2OTcyOTI3.f6ouRjLwaKzDWDpD9HyazAQtDn3uCyKVjHA3Yy-Si70g.ilBGincFM8ex99Mw2XnZZwkOg3LBnm-szHcLTaR1n40g.JPEG%2F900%25A3%25DF20251008%25A3%25DF113806.jpg&type=a340,True
2126,884,https://search.pstatic.net/common/?src=https%3A%2F%2Fldb-phinf.pstatic.net%2F20260622_74%2F1782067526225D54ov_JPEG%2F%25C7%25CF%25BF%25CD%25C0%25CC%25BE%25C8%25C5%25A9%25B1%25E2%25C1%25B6%25C0%25FD.jpg&type=a340,True
2127,885,https://search.pstatic.net/common/?src=http%3A%2F%2Fblogfiles.naver.net%2FMjAyNjAyMjBfMjE4%2FMDAxNzcxNTY2NTI3OTM1.vTvq58-4FVwtfpt2-1q4PrnSA_2ZA0HBOKeEg5-scR4g.AhJqrYg9351RvdFD-xUu9XQ_6V2eyeEX1YLO5FboRTMg.PNG%2F%25BA%25CE%25BB%25EA_%25B3%25B2%25B1%25B8_%25BF%25EB%25BC%25D2%25B7%25CE_6_1.png&type=a340,True
2128,886,https://search.pstatic.net/common/?src=http%3A%2F%2Fblogfiles.naver.net%2FMjAyNTA5MTNfMjYy%2FMDAxNzU3NzI5NTkyNDQ5.JLTLp1KbTb1lRUFPLXQgNYPAuORMVbgFx7maVNRl6_0g.DoqDIiLyixldOfWvBS1XGewwCcU2rniVYPwMQe4jnI4g.JPEG%2F900%25A3%25DF20250702%25A3%25DF211135.jpg&type=a340,True
2129,887,https://search.pstatic.net/common/?src=http%3A%2F%2Fblogfiles.naver.net%2FMjAyNjAyMjRfMTEg%2FMDAxNzcxOTM0MDI3NTE3.rIvxdVruSOtfR6jsVhBIAQgR3lwTmtR-evN45lBu8Jcg.QCl0PfahXMXfdOCHmDhCcsxiTcLo7y8LmPCn5QlQuNAg.JPEG%2FIMG%25A3%25DF1632.jpg&type=ofullfill340_600_png,True
2130,888,https://search.pstatic.net/common/?src=https%3A%2F%2Fldb-phinf.pstatic.net%2F20250928_62%2F17590662752519vjf8_JPEG%2FKakaoTalk_20250928_222526522_01.jpg&type=a340,True
2131,889,https://search.pstatic.net/common/?src=https%3A%2F%2Fldb-phinf.pstatic.net%2F20210820_227%2F1629450518459yVQCX_JPEG%2FIPEV4Ox04Vpu7bCTHXTvKOJ3.jpg&type=a340,True
2132,890,https://search.pstatic.net/common/?src=http%3A%2F%2Fblogfiles.naver.net%2FMjAyMTAzMTBfMzgg%2FMDAxNjE1MzgzNTY5NTAw.HYpfXQ83LT5vh3HQrPf_RGv0n9k_UPsrH_TsnaQnHssg.ZZeoyAxvZQJsId4o0fysK_GLusT9QuRQY9hmDVBIzi4g.JPEG.ju0_0park%2FIMG_4210.jpg&type=f54_54,True
2133,891,https://search.pstatic.net/common/?src=http%3A%2F%2Fimage.nmv.naver.net%2Fblog_2025_04_23_3025%2FfAbtqdK3nU_01.jpg&type=a340,True
2134,892,https://search.pstatic.net/common/?src=http%3A%2F%2Fblogfiles.naver.net%2FMjAyMjA1MDRfNzEg%2FMDAxNjUxNTkwMjc2OTIx.cPPz-IGIVSftABUkhTDqjgqQRG7pdpCUzJfHK0Yv3Pkg.6cTML9UbSxwD6VKStfVPlanHztm9g1TpZRfdv6RQxr0g.JPEG.caute99%2Foutput_1577221517.jpg&type=f54_54,True
2135,893,https://search.pstatic.net/common/?src=https%3A%2F%2Fldb-phinf.pstatic.net%2F20210714_44%2F1626189179240oM2bb_JPEG%2Fq6IezHMH3dpk65f22QTrVReF.jpg&type=a340,True
2136,894,https://search.pstatic.net/common/?src=http%3A%2F%2Fblogfiles.naver.net%2FMjAyNTA1MjFfMjkz%2FMDAxNzQ3ODA1ODE2NzY2.ccBvbE3smRPCf1-_5ve2mLp7ThXpQglW5Z2WK-Ka07wg.Pgi_3V3igTKHKsy_gExuTC3UYLvJWapecjpBSX0mOB0g.JPEG%2FIMG%25A3%25DF6574.JPG&type=a340,True
2137,895,https://search.pstatic.net/common/?src=http%3A%2F%2Fblogfiles.naver.net%2FMjAyNjAzMjJfMTY5%2FMDAxNzc0MTQwOTY3OTY0.9-AZCdekJGq38T3uB3v10IiB66OHFpR_aAj4JVxImgwg.tsi8eSxJs2N2tl1-7YjBqSTTUfz6fAFJln9hXRoCHUYg.JPEG%2FIMG_1541.jpg&type=a340,True
2138,896,https://search.pstatic.net/common/?src=http%3A%2F%2Fblogfiles.naver.net%2FMjAyNTA5MTNfMjI3%2FMDAxNzU3NzcyNTE3ODE4.kKdub-zWd-kQxLG39M1pYLEFi_7oHWhtIVm6tWGQCegg.4pP5Sbf-MIYhKGv5WJo_WsXXVsasZ0TCVM8CWeRX2vYg.PNG%2F%25B0%25F8%25BF%25F8%25C4%25AE%25B1%25B9%25BC%25F6.png&type=f54_54,True
2139,897,https://search.pstatic.net/common/?src=http%3A%2F%2Fblogfiles.naver.net%2FMjAyMzA5MTdfMTEz%2FMDAxNjk0OTU0Nzg3MjY0.vtnInM9xse9WplVhFef_D2pP20ipe4rMq1zKlNJnsFEg.36Z8--PpNYM6a9g-KyxxP_nNfxZGITml-Hc7AvqbQQEg.JPEG.hsunmi0214%2FIMG%25A3%25DF20230913%25A3%25DF231822%25A3%25DF352.jpg&type=a340,True
2140,898,https://search.pstatic.net/common/?src=http%3A%2F%2Fimgnews.naver.net%2Fimage%2F082%2F2017%2F04%2F12%2F0000696705_001_20170413104725048.jpg&type=a340,True
2141,899,https://search.pstatic.net/common/?src=http%3A%2F%2Fimage.nmv.naver.net%2Fblog_2025_11_07_1110%2FMjKvMfq3Hc_03.jpg&type=f54_54,True
2142,900,https://search.pstatic.net/common/?src=https%3A%2F%2Fpup-post-phinf.pstatic.net%2FMjAyNTEyMjdfMTkz%2FMDAxNzY2Nzg4MzA4MTM1.SW-UXLL3BIIKYfhMznzislNrkhGBxpvFABzRYpuGGLQg.mg4S23C1KOUNsGbZjiyxnHEyncm98thETJKwlR0NInQg.JPEG%2FPOST_IMAGE_ENCODING_20251227_073146_490.jpg&type=a340,True
2143,901,https://search.pstatic.net/common/?src=http%3A%2F%2Fblogfiles.naver.net%2FMjAyNjA2MTZfNTcg%2FMDAxNzgxNTkwMjIzMDg1.oXQogYnMOHRn7A5-R4RmKMOZ6Yae6lNdnw-yExTAYLIg.ufgwnPXTTwrrB5RzvU_E8_GsVfbWxWm8S3CHIQ6LqGUg.JPEG%2FIMG%25A3%25DF3305.JPG&type=a340,True
2144,902,https://search.pstatic.net/common/?src=http%3A%2F%2Fblogfiles.naver.net%2FMjAyMjEyMjhfMjQy%2FMDAxNjcyMjA5NDY5NDg4.QBy-EU_E5TG-x4SjeEJ7cLT6Ute9u7FfkTnlZdXDLTUg.fgDTTkwCztLffpV9AV_VzQxaic4D_XfUbrn8MTfcuH0g.JPEG.taeinfnbmin%2FKakaoTalk_20221228_153251807_01.jpg&type=a340,True
2145,903,https://search.pstatic.net/common/?src=http%3A%2F%2Fblogfiles.naver.net%2F20160321_276%2F0451two_1458541770860ShESM_JPEG%2F20160313_124214.jpg&type=l340_165,True
2146,904,https://search.pstatic.net/common/?src=http%3A%2F%2Fblogfiles.naver.net%2FMjAyMjA3MjlfMTQx%2FMDAxNjU5MDkxODc2NjIz.BN55WwiAOLNHQDGEXaAuBD7Awr5sS4hPnf0CKpdNvYgg.wDdRZSTD09p5GSewaXv7H2N8aywro2BGPoFtIfdkXnsg.JPEG.saeugang%2F20220729%25A3%25DF132429.jpg&type=f54_54,True
2147,905,https://search.pstatic.net/common/?src=http%3A%2F%2Fblogfiles.naver.net%2FMjAyNjAzMjVfMjEg%2FMDAxNzc0NDIzNDM2MTY3.1GAoxtkD5ZhAz6Ucb1ZeoUb84s1vHUaNAyoC6Tye7BAg.3b3DDdMIm8Vs5-exrrt8Y7jr27WAIby-_LHxTp7hPU0g.PNG%2F20260325_155511.png&type=f54_54,True
2148,906,https://search.pstatic.net/common/?src=http%3A%2F%2Fblogfiles.naver.net%2F20160715_27%2Flimej0810_14685592425413AUsj_JPEG%2F%25B8%25B8%25B5%25E9%25B1%25E2.jpg&type=f54_54,True
2149,907,https://search.pstatic.net/common/?src=http%3A%2F%2Fblogfiles.naver.net%2FMjAyNjAxMjBfNCAg%2FMDAxNzY4ODk5Njk1Nzg4.SBAcJU_VWZhSFzWWskjpZIdpacjnS1TnWm0dfY7SRbAg.Vk8NkYufYV8WIOjs8pw7hkVFXWKZV1eWau1lgn5Iabcg.JPEG%2FIMG%25A3%25DF1798.jpg&type=f54_54,True
2150,908,https://search.pstatic.net/common/?src=http%3A%2F%2Fblogfiles.naver.net%2FMjAyMjAzMjdfMTMw%2FMDAxNjQ4Mzc2NTY2MjQ3.1Qe45Ozx32Bz2BIOrMYFibmkpdQCzcZOC1WsI9f5XUUg.HndzUXnVHDxAcnt8AUJP6hPsc9OFEKmx2kFV94_QG1Ig.JPEG.lgo88980%2FIMG_6868.jpg&type=f54_54,True
2151,909,https://search.pstatic.net/common/?src=https%3A%2F%2Fldb-phinf.pstatic.net%2F20200406_107%2F1586138208508zVGwK_JPEG%2Fk9yU6Sm_v1P9e8KM_kipqM9p.jpg&type=a340,True
2152,910,https://search.pstatic.net/common/?src=http%3A%2F%2Fblogfiles.naver.net%2FMjAyNjA2MDJfNDgg%2FMDAxNzgwNDAyOTQ4NzI0.pMLOYq5M70YBz5BYI5TgPTaMrL3f2j29-vDRsH7NBvEg.WXtoIosmqF_Ik0rjDS45Q1LB3C_wrO3DCflObJs0e2Mg.JPEG%2Foutput%25A3%25DF505404173.jpg&type=f54_54,True
2153,911,https://search.pstatic.net/common/?src=http%3A%2F%2Fblogfiles.naver.net%2FMjAxODA4MjJfMTcy%2FMDAxNTM0OTM4MTExNTg0.IBb62r-NwSM3xchB2qHWhO7okrQCY-VPb854z8u6krog.tOlLRrDh3nJsCs0YX1URXD_uXrVb2RHjzSWBW25YEycg.JPEG.ppppp803%2F20180821_122525.jpg&type=f54_54,True
2154,912,https://search.pstatic.net/common/?src=http%3A%2F%2Fblogfiles.naver.net%2FMjAyNTAxMjNfMTcy%2FMDAxNzM3NjEwNDY4NDIz.wEbibAlvzri8K-PWUuYpaIdhD6Q0kF4W3h-GcU_76KYg.9UQS1f3TR0XnqW7DKNykniswrB6RdkV_rYvxKMIDIWwg.JPEG%2F900%25A3%25DF20250121%25A3%25DF170104.jpg&type=f54_54,True
2155,913,https://search.pstatic.net/common/?src=http%3A%2F%2Fblogfiles.naver.net%2FMjAyMjAyMTJfMTg5%2FMDAxNjQ0NjMyMTg5OTc0.TQt9LQLfkFeWiZKYd14FiaLK4t8lGgH4k8zmjiNmViMg.VpiJWWgT2t_NjJZ_qlJNtHUrwdWDSdkkUP18kcMq3kQg.JPEG.ansdud515%2F3224396340_B.jpg&type=a340,True
2156,914,https://search.pstatic.net/common/?src=http%3A%2F%2Fblogfiles.naver.net%2FMjAyNjA3MDFfMjU0%2FMDAxNzgyODU5OTY2MzUz.YafHjDY_3v-hy11zVMZ0TzSZ_n9owWTELl73OqD-2d0g.waRXfFQWUQJyklCcdB9QCgx8LEIsEoaOqO6Oj9hc-1og.JPEG%2Foutput%25A3%25DF390271385.jpg&type=a340,True
2157,915,https://search.pstatic.net/common/?src=http%3A%2F%2Fimgnews.naver.net%2Fimage%2F5770%2F2026%2F07%2F21%2F0000088039_001_20260721085414521.JPG&type=a340,True
2158,916,https://search.pstatic.net/common/?src=http%3A%2F%2Fimgnews.naver.net%2Fimage%2F082%2F2023%2F05%2F16%2F0001212440_001_20230516093204330.png&type=f54_54,True
2159,917,https://search.pstatic.net/common/?src=http%3A%2F%2Fblogfiles.naver.net%2FMjAyNDExMTNfNjAg%2FMDAxNzMxNDU3NjU2NjM1.nu95cAHDjMFrMbgmO-f7MduQrMubQ0BZXy0QiP76ZNMg.MzQ1m4EuRujkXxXB7U3tCuo0TvUuC6nTyqlLZ6hNu6Mg.JPEG%2FIMG_8948.JPG&type=a340,True
2160,918,https://search.pstatic.net/common/?src=http%3A%2F%2Fblogfiles.naver.net%2FMjAyNTExMDlfMjQ4%2FMDAxNzYyNjY2NDU5OTU4.GG5uVF2nwdvUbsg_sUiIUqLos_LT9XmF45ldGgJPu7Ug.QZgHPWoHF05ydfwz-FgW6d2y5ju8KT2IoiI6bnRu8u8g.JPEG%2F900%25A3%25DF1762665934470.jpg&type=a340,True
2161,919,https://search.pstatic.net/common/?src=https%3A%2F%2Fldb-phinf.pstatic.net%2F20260507_11%2F1778151677765eKtPv_JPEG%2FDSC06954.jpg&type=a340,True
2162,920,https://search.pstatic.net/common/?src=http%3A%2F%2Fblogfiles.naver.net%2FMjAyNDA4MTdfMjcy%2FMDAxNzIzODkzMTk4MTM0.eRHE4pq2u6Y83fNde6yKDm8sWK9y-OEzJNSwKlnBN4Ag.MrN_R58-CBRKp4T23U0jE8_Iri_qHUgsutA5NMzu_xkg.JPEG%2F2024%25A3%25AD08%25A3%25AD14%25A3%25AD19%25A3%25AD54%25A3%25AD49%25A3%25AD845.jpg&type=f54_54,True
2163,921,https://search.pstatic.net/common/?src=http%3A%2F%2Fblogfiles.naver.net%2FMjAyNDExMTBfMjIz%2FMDAxNzMxMTc1NDQzOTU2.RmoN2_1SlwE1qyGvOf4QHs6cS8CLs9Njouxzi9M9D6Ag.zbqUp27ArHDEppVjF6B1N3DGTlPifZGBRLvtsmg2sP0g.JPEG%2F5.jpg&type=f54_54,True
2164,922,https://search.pstatic.net/common/?src=http%3A%2F%2Fblogfiles.naver.net%2FMjAyMzA2MTZfNzQg%2FMDAxNjg2ODQxMjMxMzY3.hys6VDCs_DhhbEhUcmXLHwSly0jUnpFD6mOwefkDq6cg.2ZDdjl2d2LoFmubk4hBLkaKKdvVB8FF1ehT-Mp_gK6gg.JPEG.wkgysdk%2F20230609%25A3%25DF183401.jpg&type=f54_54,True
2165,923,https://search.pstatic.net/common/?src=http%3A%2F%2Fcafefiles.naver.net%2FMjAxODA3MjlfODgg%2FMDAxNTMyODIyMzI1MTgy.H_uSAfS5H3V3701EDJrVDrxclJQNyAWLPi6wAN5YbScg.eUg2wx5HLcfdw9xcs7gnyQfDdt2sKzsknp78dy42ycwg.PNG.dhfflqmdb55%2Fa5f0d9e109d306741f8bfaaa5fc4e6b7.png&type=f54_54,True
2166,924,https://search.pstatic.net/common/?src=http%3A%2F%2Fblogfiles.naver.net%2FMjAyNjAyMjFfMTc0%2FMDAxNzcxNjgzMjU3MTM1.B5Be6i8se_XCf0Zq1wo8LwzZMMwvtu0uZjVh0-CKlgsg.lVJQW8JrED-OU9u7rgGD6MEImbG5quxgKCiu6yA-cTMg.JPEG%2FIMG%25A3%25DF7367.jpg&type=a340,True
2167,925,https://search.pstatic.net/common/?src=http%3A%2F%2Fblogfiles.naver.net%2FMjAyNDAyMjRfMjIg%2FMDAxNzA4Nzc4OTA5ODU5._YXSsN0SWzKNkIALM7Vw1n7TmIFYgPqON_fcUerIiGIg.8KIrv3I4AS0WSUtWJdN0Ol68VZ9T8Y1ZXKkA7yX6UWUg.JPEG%2FIMG_8512.JPG&type=a340,True
2168,926,https://search.pstatic.net/common/?src=http%3A%2F%2Fblogfiles.naver.net%2FMjAxOTA0MjdfNCAg%2FMDAxNTU2MzE0MjQ3NTA3.K8fNeopCfEd52qKd-ecqsvQdHF0bqfry77_XyYTjpCog.uh5quSikVSnI2TtA9eyR88cbfk1gkmDaLAiFQmHXmFog.JPEG.sweetly117%2FIMG_9461.JPG&type=a340,True
2169,927,https://search.pstatic.net/sunny/?src=https%3A%2F%2Fyt3.googleusercontent.com%2FwLbp-8QiVRhIyTbehodbtIRcGWaYUORCB7n_SiXW-PKxT08nl-h2TA1iHTJvTmtbUciBj_3wgWQ%3Ds900-c-k-c0x00ffffff-no-rj&type=a340,True
2170,928,https://search.pstatic.net/common/?src=http%3A%2F%2Fblogfiles.naver.net%2FMjAyMTExMTZfMTg0%2FMDAxNjM3MDY0MDc1OTM3.VGnae0sgsQ7vtGS6WAgMrnBKXiRs8Z2XsO0VLpdhOqgg.3UDiLSO0VnQSU94Hcoi0_b_bzl08rqfBO2l_UBMb6jcg.JPEG.xpsmk06%2FKakaoTalk_20211115_003405970_02.jpg&type=f54_54,True
2171,929,https://search.pstatic.net/common/?src=http%3A%2F%2Fshop1.phinf.naver.net%2F20151026_117%2Fred8122_14458289261070MIoj_JPEG%2F52449961844574132_-772887926.jpg&type=a340,True
2172,930,https://search.pstatic.net/common/?src=http%3A%2F%2Fblogfiles.naver.net%2FMjAyNjA3MDZfMjA2%2FMDAxNzgzMjY0NDI1MjE0.SSTWd5hlBTl4oVq91I1cvKv_JH2IXe0d5yc2haKciPIg.HK49CTZvDQ5WFO9YvVfZJDgrwSikLeZlR9b3Vj-IBWgg.JPEG%2FIMG%25A3%25DF9753.JPG&type=a340,True
2173,931,https://search.pstatic.net/common/?src=http%3A%2F%2Fblogfiles.naver.net%2FMjAyMTExMDJfMTAg%2FMDAxNjM1ODUwMzI5MjQ1.km5790oylTLzAq-H1-iodX8_JmaBikNCpW02GJkkMucg.PDLNf8WZHlnLHPxHyBPUX6GwMxi-JMzxOCA7dqEidC0g.JPEG.ittravel%2FIMG_0582.jpg&type=a340,True
2174,932,https://search.pstatic.net/common/?src=https%3A%2F%2Fldb-phinf.pstatic.net%2F20260202_25%2F1770033313429qAwFG_JPEG%2F26%25B3%25E2_2%25BF%25F9_DID_%25BC%25BC%25B7%25CE_%25C0%25CF%25B9%25DD-2.jpg&type=ofullfill340_600_png,True
2175,933,https://search.pstatic.net/common/?src=http%3A%2F%2Fblogfiles.naver.net%2FMjAyNDAzMjhfMjU4%2FMDAxNzExNTg2NjMwOTY3.Ab3yq4JUzNJPPgPCW50XjoTpspKx-r-XuK5QqY10cYwg.1DNG1ErvDzgObG6e-x6sdGPwxYfRUt8H436xOCGag6kg.JPEG%2FIMG_5474.jpg&type=a340,True
2176,934,https://search.pstatic.net/common/?src=https%3A%2F%2Fldb-phinf.pstatic.net%2F20250821_20%2F175576899119201IAH_JPEG%2F%25B0%25A1%25B0%25D4_%25BF%25DC%25BA%25CE%25BB%25E7%25C1%25F8.jpg&type=a340,True
2177,935,https://search.pstatic.net/common/?src=http%3A%2F%2Fblogfiles.naver.net%2FMjAxODAxMjNfMzQg%2FMDAxNTE2NzE1MTM0NDQx.N8fjnaiabu3GhC29e1c3lS68BsqCBwH5TsH6N9WcY28g.bBlT9f4B50bS61B9jAWmb8xAbyuhsf0ts2UBS4qvWvIg.JPEG.kingsman30%2F20171124_200456.jpg&type=f54_54,True
2178,936,https://search.pstatic.net/sunny/?src=https%3A%2F%2Fd12zq4w4guyljn.cloudfront.net%2F750_750_20220405040959_photo1_41b1778b5b78.webp&type=a340,True
2179,937,https://search.pstatic.net/common/?src=http%3A%2F%2Fblogfiles.naver.net%2FMjAyNTAyMjJfNTUg%2FMDAxNzQwMTUyNDY4ODYy.s-Vzx7-AZdjWdGvdwoAUAvujtOJzAZ2QQEw4Y1co42og.UmRRureRIrnnBO8WmrGCBbwPBniOVwN8wmOKKAGyntEg.JPEG%2F%25B3%25EB%25B8%25B6%25C1%25F8%25B5%25CE%25B8%25B6%25B8%25AE%25C4%25A1%25C5%25B2%25B8%25DE%25C0%25CE.JPG&type=a340,True
2180,938,https://search.pstatic.net/common/?src=https%3A%2F%2Fldb-phinf.pstatic.net%2F20220410_197%2F1649517386682HbMad_JPEG%2FScreenshot_20220410-001555_Naver_Map.jpg&type=a340,True
2181,939,https://search.pstatic.net/common/?src=http%3A%2F%2Fblogfiles.naver.net%2FMjAyNTA1MTFfMjM3%2FMDAxNzQ2OTI3MzYwMzU0.7GzoPn1tFmDIwMJsXxBKavu6VtqYStewJZa1i3vzbtIg.ZmtCaobjaUf5wAnR_0EvlyRFUL7xiVE2KwuPnLowOJcg.JPEG%2F900%25A3%25DF20250510%25A3%25DF133137.jpg&type=f54_54,True
2182,940,https://search.pstatic.net/common/?src=http%3A%2F%2Fblogfiles.naver.net%2FMjAyMjA1MTdfNzEg%2FMDAxNjUyNzg4ODU5OTA5.oevN9aMw39CvcaKp7zuQXLQoosy-prZVmDhQUKi22d0g.Pqx4QO-sxKlkmcPMXUMM3UHn2RVCyZGz7mf1ZFzXBdwg.JPEG.djaakrk11%2FIMG_6674.jpg&type=a340,True
2183,941,https://search.pstatic.net/common/?src=http%3A%2F%2Fblogfiles.naver.net%2F20120505_254%2Fenviableb_13361581960177dQTl_JPEG%2FIMG_639200.jpg&type=a340,True
2184,942,https://search.pstatic.net/common/?src=http%3A%2F%2Fblogfiles.naver.net%2FMjAyNDEwMjVfMTMg%2FMDAxNzI5ODQ4MDY1OTM0.1-IyS73ir5ZXIyuhOP0EArrxmaOwCIAc9WFEKLR2DZgg.FfCrnyMSe2Wrk-5GNLVg9I-24z_kYF667IZgtDin3w8g.JPEG%2F20241024%25A3%25DF221933.jpg&type=a340,True
2185,943,https://search.pstatic.net/common/?src=http%3A%2F%2Fblogfiles.naver.net%2FMjAyMTAzMjlfMTQy%2FMDAxNjE3MDAzNzA2NjUw.iobcHaksltIk7ofiIFw5eW-YX0NqbxLigjXioPf2NIAg.pF2wGl7kP47QURhsd0xeQXbzRHqEfjHmnUPi1fLQi7Ig.JPEG.irene_hye%2FIMG_9738.jpg&type=a340,True
2186,944,https://search.pstatic.net/common/?src=http%3A%2F%2Fblogfiles.naver.net%2FMjAyNDAzMjJfMTgw%2FMDAxNzExMDg2NDQ3MzY1.NvudjuyAxqBroyIysrnlBGcoC3yMhZsVWMT6l9R1bgEg._6wwgOci1SvV9HoIKusRIdJX561RzTe3R1TPUnu7sfQg.JPEG%2F20240322%25A3%25DF075034.jpg&type=a340,True
2187,945,https://search.pstatic.net/sunny/?src=https%3A%2F%2Fi.pinimg.com%2Foriginals%2F55%2F1c%2Ffa%2F551cfa22f3bec22cdf8f5f417971e5cf.jpg&type=f54_54,True
2188,946,https://search.pstatic.net/common/?src=http%3A%2F%2Fblogfiles.naver.net%2FMjAyMTA1MTJfODcg%2FMDAxNjIwODI4MDcxMDk1.EmRZ1v1Ps8Mq-kyGzU9poamWF9HO8x7qaJ38iJM6-msg.C1zkaQ3_vXjDFSDzdv3DjAxxgfBy9h9mJmjeOtKHFuQg.JPEG.dydaldp1125%2F20210410%25A3%25DF192111.jpg&type=a340,True
2189,947,https://search.pstatic.net/common/?src=http%3A%2F%2Fblogfiles.naver.net%2FMjAyMjEyMjNfMzgg%2FMDAxNjcxNzcwNTk0ODUy.6aSQ2uBwiWdsIg71XkfxP7Snm3EFyL2X6nbDqw8_xDwg.yrQpZJ2Nv92EJlfBTHSpJ3bUVrO3A9iX5UAP4Dc8Uxog.JPEG.kkobugi00819%2FIMG_7031.jpg&type=a340,True
2190,948,https://search.pstatic.net/common/?src=http%3A%2F%2Fblogfiles.naver.net%2FMjAyNTA1MTJfMTA1%2FMDAxNzQ3MDA3ODI2ODgx.mCqCR8-eavACSQHTr86x0HmJUucOJUYuzLlI-qk2qzQg.GHkdUPfn7eilfmjSviSTl6IA1J9ufwtV8YiLR0m-wpog.JPEG%2FIMG_8050.jpg&type=a340,True
2191,949,https://search.pstatic.net/common/?src=http%3A%2F%2Fblogfiles.naver.net%2FMjAyNjA1MzFfMyAg%2FMDAxNzgwMTg5MDkxNjk4.ZZI3SaP-qQoSYSeTVrNuxrO16L02HyF8Xbl53JhpvzMg.yfnW3FOehOT1agyPylxyPIJOzdf6Y4zLMJq49tPCpsIg.JPEG%2FIMG%25A3%25DF8475.jpg&type=a340,True
2192,950,https://search.pstatic.net/common/?src=http%3A%2F%2Fblogfiles.naver.net%2FMjAyMDEwMjdfMjMy%2FMDAxNjAzNzcxMTUyOTM2.qptyDY720JvCZIb8eddMDFn4IXbCJGq7zL7wTPafZnQg.H6wtDR8jvVxeFuZKQku0qfUVcghdAjpCi9kYPNJDHMkg.JPEG.rbrmf%2FIMG_2351.jpg&type=f54_54,True
2193,951,https://search.pstatic.net/sunny/?src=https%3A%2F%2Fd12zq4w4guyljn.cloudfront.net%2F750_750_20211212124606_photo1_7cab7029cffe.webp&type=a340,True
