id,name,query,old_url,checked_at,status,new_url,candidate_name,score,candidate_lat,candidate_lon,error
272,1953형제돼지국밥 광안리점,부산 남구 대연동 1953형제돼지국밥 광안리점,https://place.map.kakao.com/2096890217,2026-08-13T14:11:54+09:00,URL_확인,https://m.place.naver.com/restaurant/1959901593/home,1953형제돼지국밥 광안리점,1.0,35.1496057,129.1126361,
273,마일로 남천점,부산 남구 대연동 마일로 남천점,http://place.map.kakao.com/868292192,2026-08-13T14:11:57+09:00,URL_확인,https://m.place.naver.com/restaurant/1197199521/home,카페마일로 남천점,0.93,35.1377248,129.1094454,
274,본죽&비빔밥cafe 부산부경대경성대점,부산 남구 대연동 본죽&비빔밥cafe 부산부경대경성대점,http://place.map.kakao.com/13025674,2026-08-13T14:11:59+09:00,요청오류,,,,,,403 Client Error: Forbidden for url: https://search.naver.com/search.naver?where=nexearch&query=%EB%B6%80%EC%82%B0+%EB%82%A8%EA%B5%AC+%EB%B3%B8%EC%A3%BD%26%EB%B9%84%EB%B9%94%EB%B0%A5cafe+%EB%B6%80%EC%82%B0%EB%B6%80%EA%B2%BD%EB%8C%80%EA%B2%BD%EC%84%B1%EB%8C%80%EC%A0%90
275,666버거 대연점,부산 남구 대연동 666버거 대연점,https://place.map.kakao.com/1886438095,2026-08-13T14:12:01+09:00,요청오류,,,,,,403 Client Error: Forbidden for url: https://search.naver.com/search.naver?where=nexearch&query=%EB%B6%80%EC%82%B0+%EB%82%A8%EA%B5%AC+666%EB%B2%84%EA%B1%B0+%EB%8C%80%EC%97%B0%EC%A0%90
276,호야 이자까야,부산 남구 대연동 호야 이자까야,https://place.map.kakao.com/16666344,2026-08-13T14:12:02+09:00,요청오류,,,,,,403 Client Error: Forbidden for url: https://search.naver.com/search.naver?where=nexearch&query=%EB%B6%80%EC%82%B0+%EB%82%A8%EA%B5%AC+%ED%98%B8%EC%95%BC+%EC%9D%B4%EC%9E%90%EA%B9%8C%EC%95%BC
277,부산오복당 이기대본점,부산 남구 대연동 부산오복당 이기대본점,https://place.map.kakao.com/825149149,2026-08-13T14:12:04+09:00,요청오류,,,,,,403 Client Error: Forbidden for url: https://search.naver.com/search.naver?where=nexearch&query=%EB%B6%80%EC%82%B0+%EB%82%A8%EA%B5%AC+%EB%B6%80%EC%82%B0%EC%98%A4%EB%B3%B5%EB%8B%B9+%EC%9D%B4%EA%B8%B0%EB%8C%80%EB%B3%B8%EC%A0%90
278,파니니숲,부산 남구 대연동 파니니숲,http://place.map.kakao.com/1441563297,2026-08-13T14:12:05+09:00,요청오류,,,,,,403 Client Error: Forbidden for url: https://search.naver.com/search.naver?where=nexearch&query=%EB%B6%80%EC%82%B0+%EB%82%A8%EA%B5%AC+%ED%8C%8C%EB%8B%88%EB%8B%88%EC%88%B2
279,푸주인 대연역점,부산 남구 대연동 푸주인 대연역점,https://place.map.kakao.com/841377400,2026-08-13T14:12:07+09:00,요청오류,,,,,,403 Client Error: Forbidden for url: https://search.naver.com/search.naver?where=nexearch&query=%EB%B6%80%EC%82%B0+%EB%82%A8%EA%B5%AC+%ED%91%B8%EC%A3%BC%EC%9D%B8+%EB%8C%80%EC%97%B0%EC%97%AD%EC%A0%90
281,갓생맥주 본점,부산 남구 대연동 갓생맥주 본점,http://place.map.kakao.com/375632043,2026-08-13T14:12:09+09:00,요청오류,,,,,,403 Client Error: Forbidden for url: https://search.naver.com/search.naver?where=nexearch&query=%EB%B6%80%EC%82%B0+%EB%82%A8%EA%B5%AC+%EA%B0%93%EC%83%9D%EB%A7%A5%EC%A3%BC+%EB%B3%B8%EC%A0%90
282,바당 전복죽,부산 남구 대연동 바당 전복죽,https://place.map.kakao.com/786997925,2026-08-13T14:12:10+09:00,요청오류,,,,,,403 Client Error: Forbidden for url: https://search.naver.com/search.naver?where=nexearch&query=%EB%B6%80%EC%82%B0+%EB%82%A8%EA%B5%AC+%EB%B0%94%EB%8B%B9+%EC%A0%84%EB%B3%B5%EC%A3%BD
283,모넬로키즈카페 대연점,부산 남구 대연동 모넬로키즈카페 대연점,http://place.map.kakao.com/1484070915,2026-08-13T14:12:12+09:00,요청오류,,,,,,403 Client Error: Forbidden for url: https://search.naver.com/search.naver?where=nexearch&query=%EB%B6%80%EC%82%B0+%EB%82%A8%EA%B5%AC+%EB%AA%A8%EB%84%AC%EB%A1%9C%ED%82%A4%EC%A6%88%EC%B9%B4%ED%8E%98+%EB%8C%80%EC%97%B0%EC%A0%90
284,육식사관학교 부산대연점,부산 남구 대연동 육식사관학교 부산대연점,https://place.map.kakao.com/56556471,2026-08-13T14:12:14+09:00,요청오류,,,,,,403 Client Error: Forbidden for url: https://search.naver.com/search.naver?where=nexearch&query=%EB%B6%80%EC%82%B0+%EB%82%A8%EA%B5%AC+%EC%9C%A1%EC%8B%9D%EC%82%AC%EA%B4%80%ED%95%99%EA%B5%90+%EB%B6%80%EC%82%B0%EB%8C%80%EC%97%B0%EC%A0%90
285,장수치킨맥주 경성대점,부산 남구 대연동 장수치킨맥주 경성대점,https://place.map.kakao.com/1193019330,2026-08-13T14:12:15+09:00,요청오류,,,,,,403 Client Error: Forbidden for url: https://search.naver.com/search.naver?where=nexearch&query=%EB%B6%80%EC%82%B0+%EB%82%A8%EA%B5%AC+%EC%9E%A5%EC%88%98%EC%B9%98%ED%82%A8%EB%A7%A5%EC%A3%BC+%EA%B2%BD%EC%84%B1%EB%8C%80%EC%A0%90
286,어가 가이텐스시 남천점,부산 남구 대연동 어가 가이텐스시 남천점,https://place.map.kakao.com/220219662,2026-08-13T14:12:17+09:00,요청오류,,,,,,403 Client Error: Forbidden for url: https://search.naver.com/search.naver?where=nexearch&query=%EB%B6%80%EC%82%B0+%EB%82%A8%EA%B5%AC+%EC%96%B4%EA%B0%80+%EA%B0%80%EC%9D%B4%ED%85%90%EC%8A%A4%EC%8B%9C+%EB%82%A8%EC%B2%9C%EC%A0%90
288,반대가리,부산 남구 대연동 반대가리,https://place.map.kakao.com/21504861,2026-08-13T14:12:19+09:00,요청오류,,,,,,403 Client Error: Forbidden for url: https://search.naver.com/search.naver?where=nexearch&query=%EB%B6%80%EC%82%B0+%EB%82%A8%EA%B5%AC+%EB%B0%98%EB%8C%80%EA%B0%80%EB%A6%AC
289,고려통닭 부산용당점,부산 남구 대연동 고려통닭 부산용당점,https://place.map.kakao.com/136845504,2026-08-13T14:12:20+09:00,요청오류,,,,,,403 Client Error: Forbidden for url: https://search.naver.com/search.naver?where=nexearch&query=%EB%B6%80%EC%82%B0+%EB%82%A8%EA%B5%AC+%EA%B3%A0%EB%A0%A4%ED%86%B5%EB%8B%AD+%EB%B6%80%EC%82%B0%EC%9A%A9%EB%8B%B9%EC%A0%90
290,김밥담다,부산 남구 대연동 김밥담다,https://place.map.kakao.com/341047549,2026-08-13T14:12:22+09:00,요청오류,,,,,,403 Client Error: Forbidden for url: https://search.naver.com/search.naver?where=nexearch&query=%EB%B6%80%EC%82%B0+%EB%82%A8%EA%B5%AC+%EA%B9%80%EB%B0%A5%EB%8B%B4%EB%8B%A4
291,골목전집,부산 남구 대연동 골목전집,http://place.map.kakao.com/240321499,2026-08-13T14:12:24+09:00,요청오류,,,,,,403 Client Error: Forbidden for url: https://search.naver.com/search.naver?where=nexearch&query=%EB%B6%80%EC%82%B0+%EB%82%A8%EA%B5%AC+%EA%B3%A8%EB%AA%A9%EC%A0%84%EC%A7%91
292,아일라케밥,부산 남구 대연동 아일라케밥,https://place.map.kakao.com/1784457777,2026-08-13T14:12:26+09:00,요청오류,,,,,,403 Client Error: Forbidden for url: https://search.naver.com/search.naver?where=nexearch&query=%EB%B6%80%EC%82%B0+%EB%82%A8%EA%B5%AC+%EC%95%84%EC%9D%BC%EB%9D%BC%EC%BC%80%EB%B0%A5
293,감삼집,부산 남구 대연동 감삼집,http://place.map.kakao.com/1222561480,2026-08-13T14:12:27+09:00,요청오류,,,,,,403 Client Error: Forbidden for url: https://search.naver.com/search.naver?where=nexearch&query=%EB%B6%80%EC%82%B0+%EB%82%A8%EA%B5%AC+%EA%B0%90%EC%82%BC%EC%A7%91
294,소소해담,부산 남구 대연동 소소해담,http://place.map.kakao.com/737594597,2026-08-13T14:12:29+09:00,요청오류,,,,,,403 Client Error: Forbidden for url: https://search.naver.com/search.naver?where=nexearch&query=%EB%B6%80%EC%82%B0+%EB%82%A8%EA%B5%AC+%EC%86%8C%EC%86%8C%ED%95%B4%EB%8B%B4
295,샤브로21 부경대,부산 남구 대연동 샤브로21 부경대,https://place.map.kakao.com/734854263,2026-08-13T14:12:31+09:00,요청오류,,,,,,403 Client Error: Forbidden for url: https://search.naver.com/search.naver?where=nexearch&query=%EB%B6%80%EC%82%B0+%EB%82%A8%EA%B5%AC+%EC%83%A4%EB%B8%8C%EB%A1%9C21+%EB%B6%80%EA%B2%BD%EB%8C%80
297,솔티라이엇 경성대부경대점,부산 남구 대연동 솔티라이엇 경성대부경대점,http://place.map.kakao.com/1650370270,2026-08-13T14:12:32+09:00,요청오류,,,,,,403 Client Error: Forbidden for url: https://search.naver.com/search.naver?where=nexearch&query=%EB%B6%80%EC%82%B0+%EB%82%A8%EA%B5%AC+%EC%86%94%ED%8B%B0%EB%9D%BC%EC%9D%B4%EC%97%87+%EA%B2%BD%EC%84%B1%EB%8C%80%EB%B6%80%EA%B2%BD%EB%8C%80%EC%A0%90
298,굽네치킨 용호메트로점,부산 남구 대연동 굽네치킨 용호메트로점,https://place.map.kakao.com/88555363,2026-08-13T14:12:34+09:00,요청오류,,,,,,403 Client Error: Forbidden for url: https://search.naver.com/search.naver?where=nexearch&query=%EB%B6%80%EC%82%B0+%EB%82%A8%EA%B5%AC+%EA%B5%BD%EB%84%A4%EC%B9%98%ED%82%A8+%EC%9A%A9%ED%98%B8%EB%A9%94%ED%8A%B8%EB%A1%9C%EC%A0%90
299,달곰하다,부산 남구 대연동 달곰하다,http://place.map.kakao.com/690916203,2026-08-13T14:12:35+09:00,요청오류,,,,,,403 Client Error: Forbidden for url: https://search.naver.com/search.naver?where=nexearch&query=%EB%B6%80%EC%82%B0+%EB%82%A8%EA%B5%AC+%EB%8B%AC%EA%B3%B0%ED%95%98%EB%8B%A4
300,신재떡볶이앤불오뎅,부산 남구 대연동 신재떡볶이앤불오뎅,https://place.map.kakao.com/417976152,2026-08-13T14:12:37+09:00,요청오류,,,,,,403 Client Error: Forbidden for url: https://search.naver.com/search.naver?where=nexearch&query=%EB%B6%80%EC%82%B0+%EB%82%A8%EA%B5%AC+%EC%8B%A0%EC%9E%AC%EB%96%A1%EB%B3%B6%EC%9D%B4%EC%95%A4%EB%B6%88%EC%98%A4%EB%8E%85
301,달달상점,부산 남구 대연동 달달상점,http://place.map.kakao.com/734892127,2026-08-13T14:12:39+09:00,요청오류,,,,,,403 Client Error: Forbidden for url: https://search.naver.com/search.naver?where=nexearch&query=%EB%B6%80%EC%82%B0+%EB%82%A8%EA%B5%AC+%EB%8B%AC%EB%8B%AC%EC%83%81%EC%A0%90
302,지코바치킨 남천1호점,부산 남구 대연동 지코바치킨 남천1호점,https://place.map.kakao.com/8096902,2026-08-13T14:12:41+09:00,요청오류,,,,,,403 Client Error: Forbidden for url: https://search.naver.com/search.naver?where=nexearch&query=%EB%B6%80%EC%82%B0+%EB%82%A8%EA%B5%AC+%EC%A7%80%EC%BD%94%EB%B0%94%EC%B9%98%ED%82%A8+%EB%82%A8%EC%B2%9C1%ED%98%B8%EC%A0%90
303,곁집,부산 남구 대연동 곁집,http://place.map.kakao.com/27366379,2026-08-13T14:12:43+09:00,요청오류,,,,,,403 Client Error: Forbidden for url: https://search.naver.com/search.naver?where=nexearch&query=%EB%B6%80%EC%82%B0+%EB%82%A8%EA%B5%AC+%EA%B3%81%EC%A7%91
304,우리엄마충무김밥,부산 남구 대연동 우리엄마충무김밥,https://place.map.kakao.com/15292507,2026-08-13T14:12:44+09:00,요청오류,,,,,,403 Client Error: Forbidden for url: https://search.naver.com/search.naver?where=nexearch&query=%EB%B6%80%EC%82%B0+%EB%82%A8%EA%B5%AC+%EC%9A%B0%EB%A6%AC%EC%97%84%EB%A7%88%EC%B6%A9%EB%AC%B4%EA%B9%80%EB%B0%A5
305,장수맛족발,부산 남구 대연동 장수맛족발,https://place.map.kakao.com/313449303,2026-08-13T14:12:46+09:00,요청오류,,,,,,403 Client Error: Forbidden for url: https://search.naver.com/search.naver?where=nexearch&query=%EB%B6%80%EC%82%B0+%EB%82%A8%EA%B5%AC+%EC%9E%A5%EC%88%98%EB%A7%9B%EC%A1%B1%EB%B0%9C
306,마지,부산 남구 대연동 마지,https://place.map.kakao.com/1156525063,2026-08-13T14:12:48+09:00,요청오류,,,,,,403 Client Error: Forbidden for url: https://search.naver.com/search.naver?where=nexearch&query=%EB%B6%80%EC%82%B0+%EB%82%A8%EA%B5%AC+%EB%A7%88%EC%A7%80
307,우리집,부산 남구 대연동 우리집,https://place.map.kakao.com/1478359652,2026-08-13T14:12:50+09:00,요청오류,,,,,,403 Client Error: Forbidden for url: https://search.naver.com/search.naver?where=nexearch&query=%EB%B6%80%EC%82%B0+%EB%82%A8%EA%B5%AC+%EC%9A%B0%EB%A6%AC%EC%A7%91
308,캠프어스,부산 남구 대연동 캠프어스,https://place.map.kakao.com/1509367992,2026-08-13T14:12:52+09:00,요청오류,,,,,,403 Client Error: Forbidden for url: https://search.naver.com/search.naver?where=nexearch&query=%EB%B6%80%EC%82%B0+%EB%82%A8%EA%B5%AC+%EC%BA%A0%ED%94%84%EC%96%B4%EC%8A%A4
309,커피로만,부산 남구 대연동 커피로만,http://place.map.kakao.com/1488710210,2026-08-13T14:12:53+09:00,요청오류,,,,,,403 Client Error: Forbidden for url: https://search.naver.com/search.naver?where=nexearch&query=%EB%B6%80%EC%82%B0+%EB%82%A8%EA%B5%AC+%EC%BB%A4%ED%94%BC%EB%A1%9C%EB%A7%8C
310,텐짱,부산 남구 대연동 텐짱,https://place.map.kakao.com/1623867467,2026-08-13T14:12:55+09:00,요청오류,,,,,,403 Client Error: Forbidden for url: https://search.naver.com/search.naver?where=nexearch&query=%EB%B6%80%EC%82%B0+%EB%82%A8%EA%B5%AC+%ED%85%90%EC%A7%B1
311,그릭하다 본점,부산 남구 대연동 그릭하다 본점,http://place.map.kakao.com/719631275,2026-08-13T14:12:56+09:00,요청오류,,,,,,403 Client Error: Forbidden for url: https://search.naver.com/search.naver?where=nexearch&query=%EB%B6%80%EC%82%B0+%EB%82%A8%EA%B5%AC+%EA%B7%B8%EB%A6%AD%ED%95%98%EB%8B%A4+%EB%B3%B8%EC%A0%90
312,홍소족발,부산 남구 대연동 홍소족발,https://place.map.kakao.com/184481481,2026-08-13T14:12:58+09:00,요청오류,,,,,,403 Client Error: Forbidden for url: https://search.naver.com/search.naver?where=nexearch&query=%EB%B6%80%EC%82%B0+%EB%82%A8%EA%B5%AC+%ED%99%8D%EC%86%8C%EC%A1%B1%EB%B0%9C
313,후발대 대연점,부산 남구 대연동 후발대 대연점,https://place.map.kakao.com/1129851777,2026-08-13T14:13:00+09:00,요청오류,,,,,,403 Client Error: Forbidden for url: https://search.naver.com/search.naver?where=nexearch&query=%EB%B6%80%EC%82%B0+%EB%82%A8%EA%B5%AC+%ED%9B%84%EB%B0%9C%EB%8C%80+%EB%8C%80%EC%97%B0%EC%A0%90
314,삼부자황제갈비살,부산 남구 대연동 삼부자황제갈비살,https://place.map.kakao.com/494063784,2026-08-13T14:13:02+09:00,요청오류,,,,,,403 Client Error: Forbidden for url: https://search.naver.com/search.naver?where=nexearch&query=%EB%B6%80%EC%82%B0+%EB%82%A8%EA%B5%AC+%EC%82%BC%EB%B6%80%EC%9E%90%ED%99%A9%EC%A0%9C%EA%B0%88%EB%B9%84%EC%82%B4
315,징기스 대연점,부산 남구 대연동 징기스 대연점,https://place.map.kakao.com/1035838227,2026-08-13T14:13:03+09:00,요청오류,,,,,,403 Client Error: Forbidden for url: https://search.naver.com/search.naver?where=nexearch&query=%EB%B6%80%EC%82%B0+%EB%82%A8%EA%B5%AC+%EC%A7%95%EA%B8%B0%EC%8A%A4+%EB%8C%80%EC%97%B0%EC%A0%90
316,궁중해물탕 조씨집 대연본점,부산 남구 대연동 궁중해물탕 조씨집 대연본점,https://place.map.kakao.com/11552847,2026-08-13T14:13:05+09:00,요청오류,,,,,,403 Client Error: Forbidden for url: https://search.naver.com/search.naver?where=nexearch&query=%EB%B6%80%EC%82%B0+%EB%82%A8%EA%B5%AC+%EA%B6%81%EC%A4%91%ED%95%B4%EB%AC%BC%ED%83%95+%EC%A1%B0%EC%94%A8%EC%A7%91+%EB%8C%80%EC%97%B0%EB%B3%B8%EC%A0%90
317,카츠미치,부산 남구 대연동 카츠미치,https://place.map.kakao.com/260469734,2026-08-13T14:13:07+09:00,요청오류,,,,,,403 Client Error: Forbidden for url: https://search.naver.com/search.naver?where=nexearch&query=%EB%B6%80%EC%82%B0+%EB%82%A8%EA%B5%AC+%EC%B9%B4%EC%B8%A0%EB%AF%B8%EC%B9%98
318,피자1번가 대연동성하이타운점,부산 남구 대연동 피자1번가 대연동성하이타운점,https://place.map.kakao.com/1781137628,2026-08-13T14:13:09+09:00,요청오류,,,,,,403 Client Error: Forbidden for url: https://search.naver.com/search.naver?where=nexearch&query=%EB%B6%80%EC%82%B0+%EB%82%A8%EA%B5%AC+%ED%94%BC%EC%9E%901%EB%B2%88%EA%B0%80+%EB%8C%80%EC%97%B0%EB%8F%99%EC%84%B1%ED%95%98%EC%9D%B4%ED%83%80%EC%9A%B4%EC%A0%90
320,직감,부산 남구 대연동 직감,http://place.map.kakao.com/500354975,2026-08-13T14:13:11+09:00,요청오류,,,,,,403 Client Error: Forbidden for url: https://search.naver.com/search.naver?where=nexearch&query=%EB%B6%80%EC%82%B0+%EB%82%A8%EA%B5%AC+%EC%A7%81%EA%B0%90
321,나지미,부산 남구 대연동 나지미,https://place.map.kakao.com/1428501368,2026-08-13T14:13:13+09:00,요청오류,,,,,,403 Client Error: Forbidden for url: https://search.naver.com/search.naver?where=nexearch&query=%EB%B6%80%EC%82%B0+%EB%82%A8%EA%B5%AC+%EB%82%98%EC%A7%80%EB%AF%B8
322,이자카야 우규 경성대점,부산 남구 대연동 이자카야 우규 경성대점,https://place.map.kakao.com/736821038,2026-08-13T14:13:14+09:00,요청오류,,,,,,403 Client Error: Forbidden for url: https://search.naver.com/search.naver?where=nexearch&query=%EB%B6%80%EC%82%B0+%EB%82%A8%EA%B5%AC+%EC%9D%B4%EC%9E%90%EC%B9%B4%EC%95%BC+%EC%9A%B0%EA%B7%9C+%EA%B2%BD%EC%84%B1%EB%8C%80%EC%A0%90
323,북경양꼬치 남천점,부산 남구 대연동 북경양꼬치 남천점,https://place.map.kakao.com/1494600521,2026-08-13T14:13:16+09:00,요청오류,,,,,,403 Client Error: Forbidden for url: https://search.naver.com/search.naver?where=nexearch&query=%EB%B6%80%EC%82%B0+%EB%82%A8%EA%B5%AC+%EB%B6%81%EA%B2%BD%EC%96%91%EA%BC%AC%EC%B9%98+%EB%82%A8%EC%B2%9C%EC%A0%90
324,카페인중독 대연점,부산 남구 대연동 카페인중독 대연점,https://place.map.kakao.com/948488943,2026-08-13T14:13:18+09:00,요청오류,,,,,,403 Client Error: Forbidden for url: https://search.naver.com/search.naver?where=nexearch&query=%EB%B6%80%EC%82%B0+%EB%82%A8%EA%B5%AC+%EC%B9%B4%ED%8E%98%EC%9D%B8%EC%A4%91%EB%8F%85+%EB%8C%80%EC%97%B0%EC%A0%90
325,고인돌족발,부산 남구 대연동 고인돌족발,https://place.map.kakao.com/937046062,2026-08-13T14:13:20+09:00,요청오류,,,,,,403 Client Error: Forbidden for url: https://search.naver.com/search.naver?where=nexearch&query=%EB%B6%80%EC%82%B0+%EB%82%A8%EA%B5%AC+%EA%B3%A0%EC%9D%B8%EB%8F%8C%EC%A1%B1%EB%B0%9C
327,음,부산 남구 대연동 음,http://place.map.kakao.com/206429644,2026-08-13T14:13:22+09:00,요청오류,,,,,,403 Client Error: Forbidden for url: https://search.naver.com/search.naver?where=nexearch&query=%EB%B6%80%EC%82%B0+%EB%82%A8%EA%B5%AC+%EC%9D%8C
328,케이찹사라다 경성부경대점,부산 남구 대연동 케이찹사라다 경성부경대점,https://place.map.kakao.com/1496701960,2026-08-13T14:13:23+09:00,요청오류,,,,,,403 Client Error: Forbidden for url: https://search.naver.com/search.naver?where=nexearch&query=%EB%B6%80%EC%82%B0+%EB%82%A8%EA%B5%AC+%EC%BC%80%EC%9D%B4%EC%B0%B9%EC%82%AC%EB%9D%BC%EB%8B%A4+%EA%B2%BD%EC%84%B1%EB%B6%80%EA%B2%BD%EB%8C%80%EC%A0%90
329,가마치통닭 부산용호점,부산 남구 대연동 가마치통닭 부산용호점,https://place.map.kakao.com/507243929,2026-08-13T14:13:25+09:00,요청오류,,,,,,403 Client Error: Forbidden for url: https://search.naver.com/search.naver?where=nexearch&query=%EB%B6%80%EC%82%B0+%EB%82%A8%EA%B5%AC+%EA%B0%80%EB%A7%88%EC%B9%98%ED%86%B5%EB%8B%AD+%EB%B6%80%EC%82%B0%EC%9A%A9%ED%98%B8%EC%A0%90
330,쑝쑝돈까스 부산대연점,부산 남구 대연동 쑝쑝돈까스 부산대연점,https://place.map.kakao.com/2016728139,2026-08-13T14:13:27+09:00,요청오류,,,,,,403 Client Error: Forbidden for url: https://search.naver.com/search.naver?where=nexearch&query=%EB%B6%80%EC%82%B0+%EB%82%A8%EA%B5%AC+%EC%91%9D%EC%91%9D%EB%8F%88%EA%B9%8C%EC%8A%A4+%EB%B6%80%EC%82%B0%EB%8C%80%EC%97%B0%EC%A0%90
331,라이옥 베트남 쌀국수 본점,부산 남구 대연동 라이옥 베트남 쌀국수 본점,https://place.map.kakao.com/1768551472,2026-08-13T14:13:29+09:00,요청오류,,,,,,403 Client Error: Forbidden for url: https://search.naver.com/search.naver?where=nexearch&query=%EB%B6%80%EC%82%B0+%EB%82%A8%EA%B5%AC+%EB%9D%BC%EC%9D%B4%EC%98%A5+%EB%B2%A0%ED%8A%B8%EB%82%A8+%EC%8C%80%EA%B5%AD%EC%88%98+%EB%B3%B8%EC%A0%90
333,DK 동키치킨 부산대연점,부산 남구 대연동 DK 동키치킨 부산대연점,https://place.map.kakao.com/1445367042,2026-08-13T14:13:31+09:00,요청오류,,,,,,403 Client Error: Forbidden for url: https://search.naver.com/search.naver?where=nexearch&query=%EB%B6%80%EC%82%B0+%EB%82%A8%EA%B5%AC+DK+%EB%8F%99%ED%82%A4%EC%B9%98%ED%82%A8+%EB%B6%80%EC%82%B0%EB%8C%80%EC%97%B0%EC%A0%90
334,사랑빵,부산 남구 대연동 사랑빵,https://place.map.kakao.com/2018181359,2026-08-13T14:13:32+09:00,요청오류,,,,,,403 Client Error: Forbidden for url: https://search.naver.com/search.naver?where=nexearch&query=%EB%B6%80%EC%82%B0+%EB%82%A8%EA%B5%AC+%EC%82%AC%EB%9E%91%EB%B9%B5
335,왈츠,부산 남구 대연동 왈츠,https://place.map.kakao.com/2033293377,2026-08-13T14:13:34+09:00,요청오류,,,,,,403 Client Error: Forbidden for url: https://search.naver.com/search.naver?where=nexearch&query=%EB%B6%80%EC%82%B0+%EB%82%A8%EA%B5%AC+%EC%99%88%EC%B8%A0
337,라미바,부산 남구 대연동 라미바,http://place.map.kakao.com/682272434,2026-08-13T14:13:36+09:00,요청오류,,,,,,403 Client Error: Forbidden for url: https://search.naver.com/search.naver?where=nexearch&query=%EB%B6%80%EC%82%B0+%EB%82%A8%EA%B5%AC+%EB%9D%BC%EB%AF%B8%EB%B0%94
338,오버베이글,부산 남구 대연동 오버베이글,http://place.map.kakao.com/1875490687,2026-08-13T14:13:38+09:00,요청오류,,,,,,403 Client Error: Forbidden for url: https://search.naver.com/search.naver?where=nexearch&query=%EB%B6%80%EC%82%B0+%EB%82%A8%EA%B5%AC+%EC%98%A4%EB%B2%84%EB%B2%A0%EC%9D%B4%EA%B8%80
339,곱창119 경성대부경대점,부산 남구 대연동 곱창119 경성대부경대점,https://place.map.kakao.com/600134002,2026-08-13T14:13:40+09:00,요청오류,,,,,,403 Client Error: Forbidden for url: https://search.naver.com/search.naver?where=nexearch&query=%EB%B6%80%EC%82%B0+%EB%82%A8%EA%B5%AC+%EA%B3%B1%EC%B0%BD119+%EA%B2%BD%EC%84%B1%EB%8C%80%EB%B6%80%EA%B2%BD%EB%8C%80%EC%A0%90
340,만복국수,부산 남구 대연동 만복국수,https://place.map.kakao.com/24545344,2026-08-13T14:13:42+09:00,요청오류,,,,,,403 Client Error: Forbidden for url: https://search.naver.com/search.naver?where=nexearch&query=%EB%B6%80%EC%82%B0+%EB%82%A8%EA%B5%AC+%EB%A7%8C%EB%B3%B5%EA%B5%AD%EC%88%98
341,케이찹사라다 용호점,부산 남구 대연동 케이찹사라다 용호점,https://place.map.kakao.com/1082695760,2026-08-13T14:13:44+09:00,요청오류,,,,,,403 Client Error: Forbidden for url: https://search.naver.com/search.naver?where=nexearch&query=%EB%B6%80%EC%82%B0+%EB%82%A8%EA%B5%AC+%EC%BC%80%EC%9D%B4%EC%B0%B9%EC%82%AC%EB%9D%BC%EB%8B%A4+%EC%9A%A9%ED%98%B8%EC%A0%90
342,커피볶는 시골커피 남천점,부산 남구 대연동 커피볶는 시골커피 남천점,http://place.map.kakao.com/559200632,2026-08-13T14:13:46+09:00,요청오류,,,,,,403 Client Error: Forbidden for url: https://search.naver.com/search.naver?where=nexearch&query=%EB%B6%80%EC%82%B0+%EB%82%A8%EA%B5%AC+%EC%BB%A4%ED%94%BC%EB%B3%B6%EB%8A%94+%EC%8B%9C%EA%B3%A8%EC%BB%A4%ED%94%BC+%EB%82%A8%EC%B2%9C%EC%A0%90
343,남썬 치킨 대연점,부산 남구 대연동 남썬 치킨 대연점,https://place.map.kakao.com/454966110,2026-08-13T14:13:47+09:00,요청오류,,,,,,403 Client Error: Forbidden for url: https://search.naver.com/search.naver?where=nexearch&query=%EB%B6%80%EC%82%B0+%EB%82%A8%EA%B5%AC+%EB%82%A8%EC%8D%AC+%EC%B9%98%ED%82%A8+%EB%8C%80%EC%97%B0%EC%A0%90
345,BBQ치킨 부산부경대점,부산 남구 대연동 BBQ치킨 부산부경대점,https://place.map.kakao.com/415114556,2026-08-13T14:13:49+09:00,요청오류,,,,,,403 Client Error: Forbidden for url: https://search.naver.com/search.naver?where=nexearch&query=%EB%B6%80%EC%82%B0+%EB%82%A8%EA%B5%AC+BBQ%EC%B9%98%ED%82%A8+%EB%B6%80%EC%82%B0%EB%B6%80%EA%B2%BD%EB%8C%80%EC%A0%90
347,꼬꼬네두마리치킨 부경대점,부산 남구 대연동 꼬꼬네두마리치킨 부경대점,http://place.map.kakao.com/16725944,2026-08-13T14:13:51+09:00,요청오류,,,,,,403 Client Error: Forbidden for url: https://search.naver.com/search.naver?where=nexearch&query=%EB%B6%80%EC%82%B0+%EB%82%A8%EA%B5%AC+%EA%BC%AC%EA%BC%AC%EB%84%A4%EB%91%90%EB%A7%88%EB%A6%AC%EC%B9%98%ED%82%A8+%EB%B6%80%EA%B2%BD%EB%8C%80%EC%A0%90
348,우동키노야 광안점,부산 남구 대연동 우동키노야 광안점,https://place.map.kakao.com/1363963598,2026-08-13T14:13:53+09:00,요청오류,,,,,,403 Client Error: Forbidden for url: https://search.naver.com/search.naver?where=nexearch&query=%EB%B6%80%EC%82%B0+%EB%82%A8%EA%B5%AC+%EC%9A%B0%EB%8F%99%ED%82%A4%EB%85%B8%EC%95%BC+%EA%B4%91%EC%95%88%EC%A0%90
349,당감댁 경성대&부경대점,부산 남구 대연동 당감댁 경성대&부경대점,https://place.map.kakao.com/180180610,2026-08-13T14:13:55+09:00,요청오류,,,,,,403 Client Error: Forbidden for url: https://search.naver.com/search.naver?where=nexearch&query=%EB%B6%80%EC%82%B0+%EB%82%A8%EA%B5%AC+%EB%8B%B9%EA%B0%90%EB%8C%81+%EA%B2%BD%EC%84%B1%EB%8C%80%26%EB%B6%80%EA%B2%BD%EB%8C%80%EC%A0%90
350,꽉꽉피자 대연점,부산 남구 대연동 꽉꽉피자 대연점,https://place.map.kakao.com/691364677,2026-08-13T14:13:57+09:00,요청오류,,,,,,403 Client Error: Forbidden for url: https://search.naver.com/search.naver?where=nexearch&query=%EB%B6%80%EC%82%B0+%EB%82%A8%EA%B5%AC+%EA%BD%89%EA%BD%89%ED%94%BC%EC%9E%90+%EB%8C%80%EC%97%B0%EC%A0%90
352,BBQ치킨 용호메트로점,부산 남구 대연동 BBQ치킨 용호메트로점,https://place.map.kakao.com/17379948,2026-08-13T14:13:58+09:00,요청오류,,,,,,403 Client Error: Forbidden for url: https://search.naver.com/search.naver?where=nexearch&query=%EB%B6%80%EC%82%B0+%EB%82%A8%EA%B5%AC+BBQ%EC%B9%98%ED%82%A8+%EC%9A%A9%ED%98%B8%EB%A9%94%ED%8A%B8%EB%A1%9C%EC%A0%90
353,허브앤솔 부산대연점,부산 남구 대연동 허브앤솔 부산대연점,http://place.map.kakao.com/16347004,2026-08-13T14:14:00+09:00,요청오류,,,,,,403 Client Error: Forbidden for url: https://search.naver.com/search.naver?where=nexearch&query=%EB%B6%80%EC%82%B0+%EB%82%A8%EA%B5%AC+%ED%97%88%EB%B8%8C%EC%95%A4%EC%86%94+%EB%B6%80%EC%82%B0%EB%8C%80%EC%97%B0%EC%A0%90
354,대연소담한 제주대패삼겹살,부산 남구 대연동 대연소담한 제주대패삼겹살,https://place.map.kakao.com/1536397523,2026-08-13T14:14:02+09:00,요청오류,,,,,,403 Client Error: Forbidden for url: https://search.naver.com/search.naver?where=nexearch&query=%EB%B6%80%EC%82%B0+%EB%82%A8%EA%B5%AC+%EB%8C%80%EC%97%B0%EC%86%8C%EB%8B%B4%ED%95%9C+%EC%A0%9C%EC%A3%BC%EB%8C%80%ED%8C%A8%EC%82%BC%EA%B2%B9%EC%82%B4
355,세이고우,부산 남구 대연동 세이고우,https://place.map.kakao.com/22483759,2026-08-13T14:14:04+09:00,요청오류,,,,,,403 Client Error: Forbidden for url: https://search.naver.com/search.naver?where=nexearch&query=%EB%B6%80%EC%82%B0+%EB%82%A8%EA%B5%AC+%EC%84%B8%EC%9D%B4%EA%B3%A0%EC%9A%B0
356,구르메,부산 남구 대연동 구르메,https://place.map.kakao.com/592728300,2026-08-13T14:14:05+09:00,요청오류,,,,,,403 Client Error: Forbidden for url: https://search.naver.com/search.naver?where=nexearch&query=%EB%B6%80%EC%82%B0+%EB%82%A8%EA%B5%AC+%EA%B5%AC%EB%A5%B4%EB%A9%94
357,남천정원식당,부산 남구 대연동 남천정원식당,https://place.map.kakao.com/16230238,2026-08-13T14:14:07+09:00,요청오류,,,,,,403 Client Error: Forbidden for url: https://search.naver.com/search.naver?where=nexearch&query=%EB%B6%80%EC%82%B0+%EB%82%A8%EA%B5%AC+%EB%82%A8%EC%B2%9C%EC%A0%95%EC%9B%90%EC%8B%9D%EB%8B%B9
358,금문초밥,부산 남구 대연동 금문초밥,https://place.map.kakao.com/731952781,2026-08-13T14:14:09+09:00,요청오류,,,,,,403 Client Error: Forbidden for url: https://search.naver.com/search.naver?where=nexearch&query=%EB%B6%80%EC%82%B0+%EB%82%A8%EA%B5%AC+%EA%B8%88%EB%AC%B8%EC%B4%88%EB%B0%A5
359,타코 사운즈 클럽,부산 남구 대연동 타코 사운즈 클럽,https://place.map.kakao.com/1332101343,2026-08-13T14:14:11+09:00,요청오류,,,,,,403 Client Error: Forbidden for url: https://search.naver.com/search.naver?where=nexearch&query=%EB%B6%80%EC%82%B0+%EB%82%A8%EA%B5%AC+%ED%83%80%EC%BD%94+%EC%82%AC%EC%9A%B4%EC%A6%88+%ED%81%B4%EB%9F%BD
360,모먼트케이크,부산 남구 대연동 모먼트케이크,http://place.map.kakao.com/1880638577,2026-08-13T14:14:12+09:00,요청오류,,,,,,403 Client Error: Forbidden for url: https://search.naver.com/search.naver?where=nexearch&query=%EB%B6%80%EC%82%B0+%EB%82%A8%EA%B5%AC+%EB%AA%A8%EB%A8%BC%ED%8A%B8%EC%BC%80%EC%9D%B4%ED%81%AC
361,메가혼밥 부산대연점,부산 남구 대연동 메가혼밥 부산대연점,https://place.map.kakao.com/1271976350,2026-08-13T14:14:14+09:00,요청오류,,,,,,403 Client Error: Forbidden for url: https://search.naver.com/search.naver?where=nexearch&query=%EB%B6%80%EC%82%B0+%EB%82%A8%EA%B5%AC+%EB%A9%94%EA%B0%80%ED%98%BC%EB%B0%A5+%EB%B6%80%EC%82%B0%EB%8C%80%EC%97%B0%EC%A0%90
362,부리부리브리또 부경대점,부산 남구 대연동 부리부리브리또 부경대점,http://place.map.kakao.com/1634366737,2026-08-13T14:14:15+09:00,요청오류,,,,,,403 Client Error: Forbidden for url: https://search.naver.com/search.naver?where=nexearch&query=%EB%B6%80%EC%82%B0+%EB%82%A8%EA%B5%AC+%EB%B6%80%EB%A6%AC%EB%B6%80%EB%A6%AC%EB%B8%8C%EB%A6%AC%EB%98%90+%EB%B6%80%EA%B2%BD%EB%8C%80%EC%A0%90
363,샤브20 부산광안리점,부산 남구 대연동 샤브20 부산광안리점,https://place.map.kakao.com/1547232726,2026-08-13T14:14:17+09:00,요청오류,,,,,,403 Client Error: Forbidden for url: https://search.naver.com/search.naver?where=nexearch&query=%EB%B6%80%EC%82%B0+%EB%82%A8%EA%B5%AC+%EC%83%A4%EB%B8%8C20+%EB%B6%80%EC%82%B0%EA%B4%91%EC%95%88%EB%A6%AC%EC%A0%90
365,겐야돈부리&스시,부산 남구 대연동 겐야돈부리&스시,http://place.map.kakao.com/66218476,2026-08-13T14:14:18+09:00,요청오류,,,,,,403 Client Error: Forbidden for url: https://search.naver.com/search.naver?where=nexearch&query=%EB%B6%80%EC%82%B0+%EB%82%A8%EA%B5%AC+%EA%B2%90%EC%95%BC%EB%8F%88%EB%B6%80%EB%A6%AC%26%EC%8A%A4%EC%8B%9C
366,대패파,부산 남구 대연동 대패파,https://place.map.kakao.com/784847856,2026-08-13T14:14:20+09:00,요청오류,,,,,,403 Client Error: Forbidden for url: https://search.naver.com/search.naver?where=nexearch&query=%EB%B6%80%EC%82%B0+%EB%82%A8%EA%B5%AC+%EB%8C%80%ED%8C%A8%ED%8C%8C
367,진깡사마,부산 남구 대연동 진깡사마,https://place.map.kakao.com/1784183450,2026-08-13T14:14:22+09:00,요청오류,,,,,,403 Client Error: Forbidden for url: https://search.naver.com/search.naver?where=nexearch&query=%EB%B6%80%EC%82%B0+%EB%82%A8%EA%B5%AC+%EC%A7%84%EA%B9%A1%EC%82%AC%EB%A7%88
368,부갈집,부산 남구 대연동 부갈집,https://place.map.kakao.com/1142207633,2026-08-13T14:14:24+09:00,요청오류,,,,,,403 Client Error: Forbidden for url: https://search.naver.com/search.naver?where=nexearch&query=%EB%B6%80%EC%82%B0+%EB%82%A8%EA%B5%AC+%EB%B6%80%EA%B0%88%EC%A7%91
370,미식가의구이&샤브 대연직영점,부산 남구 대연동 미식가의구이&샤브 대연직영점,https://place.map.kakao.com/1157026474,2026-08-13T14:14:26+09:00,요청오류,,,,,,403 Client Error: Forbidden for url: https://search.naver.com/search.naver?where=nexearch&query=%EB%B6%80%EC%82%B0+%EB%82%A8%EA%B5%AC+%EB%AF%B8%EC%8B%9D%EA%B0%80%EC%9D%98%EA%B5%AC%EC%9D%B4%26%EC%83%A4%EB%B8%8C+%EB%8C%80%EC%97%B0%EC%A7%81%EC%98%81%EC%A0%90
371,더벤티 경성대부경대점,부산 남구 대연동 더벤티 경성대부경대점,http://place.map.kakao.com/1090512849,2026-08-13T14:14:27+09:00,요청오류,,,,,,403 Client Error: Forbidden for url: https://search.naver.com/search.naver?where=nexearch&query=%EB%B6%80%EC%82%B0+%EB%82%A8%EA%B5%AC+%EB%8D%94%EB%B2%A4%ED%8B%B0+%EA%B2%BD%EC%84%B1%EB%8C%80%EB%B6%80%EA%B2%BD%EB%8C%80%EC%A0%90
373,울엄마 김치찜 갈비찜,부산 남구 대연동 울엄마 김치찜 갈비찜,https://place.map.kakao.com/1131669394,2026-08-13T14:14:29+09:00,요청오류,,,,,,403 Client Error: Forbidden for url: https://search.naver.com/search.naver?where=nexearch&query=%EB%B6%80%EC%82%B0+%EB%82%A8%EA%B5%AC+%EC%9A%B8%EC%97%84%EB%A7%88+%EA%B9%80%EC%B9%98%EC%B0%9C+%EA%B0%88%EB%B9%84%EC%B0%9C
374,아케스시,부산 남구 대연동 아케스시,https://place.map.kakao.com/1312694692,2026-08-13T14:14:31+09:00,요청오류,,,,,,403 Client Error: Forbidden for url: https://search.naver.com/search.naver?where=nexearch&query=%EB%B6%80%EC%82%B0+%EB%82%A8%EA%B5%AC+%EC%95%84%EC%BC%80%EC%8A%A4%EC%8B%9C
375,하단끝집 경성대부경대점,부산 남구 대연동 하단끝집 경성대부경대점,https://place.map.kakao.com/1606122139,2026-08-13T14:14:33+09:00,요청오류,,,,,,403 Client Error: Forbidden for url: https://search.naver.com/search.naver?where=nexearch&query=%EB%B6%80%EC%82%B0+%EB%82%A8%EA%B5%AC+%ED%95%98%EB%8B%A8%EB%81%9D%EC%A7%91+%EA%B2%BD%EC%84%B1%EB%8C%80%EB%B6%80%EA%B2%BD%EB%8C%80%EC%A0%90
376,널,부산 남구 대연동 널,http://place.map.kakao.com/1553676067,2026-08-13T14:14:34+09:00,요청오류,,,,,,403 Client Error: Forbidden for url: https://search.naver.com/search.naver?where=nexearch&query=%EB%B6%80%EC%82%B0+%EB%82%A8%EA%B5%AC+%EB%84%90
377,노가다,부산 남구 대연동 노가다,http://place.map.kakao.com/18822784,2026-08-13T14:14:36+09:00,요청오류,,,,,,403 Client Error: Forbidden for url: https://search.naver.com/search.naver?where=nexearch&query=%EB%B6%80%EC%82%B0+%EB%82%A8%EA%B5%AC+%EB%85%B8%EA%B0%80%EB%8B%A4
378,미야미야 회 포차,부산 남구 대연동 미야미야 회 포차,https://place.map.kakao.com/1911282731,2026-08-13T14:14:38+09:00,요청오류,,,,,,403 Client Error: Forbidden for url: https://search.naver.com/search.naver?where=nexearch&query=%EB%B6%80%EC%82%B0+%EB%82%A8%EA%B5%AC+%EB%AF%B8%EC%95%BC%EB%AF%B8%EC%95%BC+%ED%9A%8C+%ED%8F%AC%EC%B0%A8
379,꾸꾸삼겹 대연직영점,부산 남구 대연동 꾸꾸삼겹 대연직영점,https://place.map.kakao.com/954943325,2026-08-13T14:14:40+09:00,요청오류,,,,,,403 Client Error: Forbidden for url: https://search.naver.com/search.naver?where=nexearch&query=%EB%B6%80%EC%82%B0+%EB%82%A8%EA%B5%AC+%EA%BE%B8%EA%BE%B8%EC%82%BC%EA%B2%B9+%EB%8C%80%EC%97%B0%EC%A7%81%EC%98%81%EC%A0%90
380,우마이크레페,부산 남구 대연동 우마이크레페,https://place.map.kakao.com/1382590980,2026-08-13T14:14:42+09:00,요청오류,,,,,,403 Client Error: Forbidden for url: https://search.naver.com/search.naver?where=nexearch&query=%EB%B6%80%EC%82%B0+%EB%82%A8%EA%B5%AC+%EC%9A%B0%EB%A7%88%EC%9D%B4%ED%81%AC%EB%A0%88%ED%8E%98
381,바사케 본점,부산 남구 대연동 바사케 본점,https://place.map.kakao.com/158510901,2026-08-13T14:14:43+09:00,요청오류,,,,,,403 Client Error: Forbidden for url: https://search.naver.com/search.naver?where=nexearch&query=%EB%B6%80%EC%82%B0+%EB%82%A8%EA%B5%AC+%EB%B0%94%EC%82%AC%EC%BC%80+%EB%B3%B8%EC%A0%90
382,오지테이블 남천점,부산 남구 대연동 오지테이블 남천점,https://place.map.kakao.com/1351037437,2026-08-13T14:14:45+09:00,요청오류,,,,,,403 Client Error: Forbidden for url: https://search.naver.com/search.naver?where=nexearch&query=%EB%B6%80%EC%82%B0+%EB%82%A8%EA%B5%AC+%EC%98%A4%EC%A7%80%ED%85%8C%EC%9D%B4%EB%B8%94+%EB%82%A8%EC%B2%9C%EC%A0%90
383,왕초장,부산 남구 대연동 왕초장,https://place.map.kakao.com/170681575,2026-08-13T14:14:47+09:00,요청오류,,,,,,403 Client Error: Forbidden for url: https://search.naver.com/search.naver?where=nexearch&query=%EB%B6%80%EC%82%B0+%EB%82%A8%EA%B5%AC+%EC%99%95%EC%B4%88%EC%9E%A5
384,빙수당 부경대점 부경대점,부산 남구 대연동 빙수당 부경대점 부경대점,http://place.map.kakao.com/590490778,2026-08-13T14:14:49+09:00,요청오류,,,,,,403 Client Error: Forbidden for url: https://search.naver.com/search.naver?where=nexearch&query=%EB%B6%80%EC%82%B0+%EB%82%A8%EA%B5%AC+%EB%B9%99%EC%88%98%EB%8B%B9+%EB%B6%80%EA%B2%BD%EB%8C%80%EC%A0%90+%EB%B6%80%EA%B2%BD%EB%8C%80%EC%A0%90
385,고기달인,부산 남구 대연동 고기달인,https://place.map.kakao.com/24505716,2026-08-13T14:14:50+09:00,요청오류,,,,,,403 Client Error: Forbidden for url: https://search.naver.com/search.naver?where=nexearch&query=%EB%B6%80%EC%82%B0+%EB%82%A8%EA%B5%AC+%EA%B3%A0%EA%B8%B0%EB%8B%AC%EC%9D%B8
386,1953 형제돼지국밥,부산 남구 대연동 1953 형제돼지국밥,http://place.map.kakao.com/16894037,2026-08-13T14:14:52+09:00,요청오류,,,,,,403 Client Error: Forbidden for url: https://search.naver.com/search.naver?where=nexearch&query=%EB%B6%80%EC%82%B0+%EB%82%A8%EA%B5%AC+1953+%ED%98%95%EC%A0%9C%EB%8F%BC%EC%A7%80%EA%B5%AD%EB%B0%A5
387,삼환축산 대연점,부산 남구 대연동 삼환축산 대연점,https://place.map.kakao.com/187063418,2026-08-13T14:14:54+09:00,요청오류,,,,,,403 Client Error: Forbidden for url: https://search.naver.com/search.naver?where=nexearch&query=%EB%B6%80%EC%82%B0+%EB%82%A8%EA%B5%AC+%EC%82%BC%ED%99%98%EC%B6%95%EC%82%B0+%EB%8C%80%EC%97%B0%EC%A0%90
388,돈카츠 유마,부산 남구 대연동 돈카츠 유마,http://place.map.kakao.com/355834849,2026-08-13T14:14:55+09:00,요청오류,,,,,,403 Client Error: Forbidden for url: https://search.naver.com/search.naver?where=nexearch&query=%EB%B6%80%EC%82%B0+%EB%82%A8%EA%B5%AC+%EB%8F%88%EC%B9%B4%EC%B8%A0+%EC%9C%A0%EB%A7%88
389,텐퍼센트커피 경성대부경대점,부산 남구 대연동 텐퍼센트커피 경성대부경대점,http://place.map.kakao.com/420878691,2026-08-13T14:14:57+09:00,요청오류,,,,,,403 Client Error: Forbidden for url: https://search.naver.com/search.naver?where=nexearch&query=%EB%B6%80%EC%82%B0+%EB%82%A8%EA%B5%AC+%ED%85%90%ED%8D%BC%EC%84%BC%ED%8A%B8%EC%BB%A4%ED%94%BC+%EA%B2%BD%EC%84%B1%EB%8C%80%EB%B6%80%EA%B2%BD%EB%8C%80%EC%A0%90
390,냉정포차3 부경대점,부산 남구 대연동 냉정포차3 부경대점,http://place.map.kakao.com/1377329451,2026-08-13T14:14:59+09:00,요청오류,,,,,,403 Client Error: Forbidden for url: https://search.naver.com/search.naver?where=nexearch&query=%EB%B6%80%EC%82%B0+%EB%82%A8%EA%B5%AC+%EB%83%89%EC%A0%95%ED%8F%AC%EC%B0%A83+%EB%B6%80%EA%B2%BD%EB%8C%80%EC%A0%90
391,혼샤브 대연점,부산 남구 대연동 혼샤브 대연점,https://place.map.kakao.com/1063749186,2026-08-13T14:15:02+09:00,요청오류,,,,,,403 Client Error: Forbidden for url: https://search.naver.com/search.naver?where=nexearch&query=%EB%B6%80%EC%82%B0+%EB%82%A8%EA%B5%AC+%ED%98%BC%EC%83%A4%EB%B8%8C+%EB%8C%80%EC%97%B0%EC%A0%90
392,소수,부산 남구 대연동 소수,http://place.map.kakao.com/36254655,2026-08-13T14:15:03+09:00,요청오류,,,,,,403 Client Error: Forbidden for url: https://search.naver.com/search.naver?where=nexearch&query=%EB%B6%80%EC%82%B0+%EB%82%A8%EA%B5%AC+%EC%86%8C%EC%88%98
393,하늘소불고기 대연본점,부산 남구 대연동 하늘소불고기 대연본점,https://place.map.kakao.com/1834191142,2026-08-13T14:15:05+09:00,요청오류,,,,,,403 Client Error: Forbidden for url: https://search.naver.com/search.naver?where=nexearch&query=%EB%B6%80%EC%82%B0+%EB%82%A8%EA%B5%AC+%ED%95%98%EB%8A%98%EC%86%8C%EB%B6%88%EA%B3%A0%EA%B8%B0+%EB%8C%80%EC%97%B0%EB%B3%B8%EC%A0%90
395,또래오래 대연점,부산 남구 대연동 또래오래 대연점,http://place.map.kakao.com/1886438095,2026-08-13T14:15:07+09:00,요청오류,,,,,,403 Client Error: Forbidden for url: https://search.naver.com/search.naver?where=nexearch&query=%EB%B6%80%EC%82%B0+%EB%82%A8%EA%B5%AC+%EB%98%90%EB%9E%98%EC%98%A4%EB%9E%98+%EB%8C%80%EC%97%B0%EC%A0%90
396,거인통닭,부산 남구 대연동 거인통닭,https://place.map.kakao.com/1645584306,2026-08-13T14:15:09+09:00,요청오류,,,,,,403 Client Error: Forbidden for url: https://search.naver.com/search.naver?where=nexearch&query=%EB%B6%80%EC%82%B0+%EB%82%A8%EA%B5%AC+%EA%B1%B0%EC%9D%B8%ED%86%B5%EB%8B%AD
397,카츠안 경성대부경대점,부산 남구 대연동 카츠안 경성대부경대점,https://place.map.kakao.com/1203098528,2026-08-13T14:15:11+09:00,요청오류,,,,,,403 Client Error: Forbidden for url: https://search.naver.com/search.naver?where=nexearch&query=%EB%B6%80%EC%82%B0+%EB%82%A8%EA%B5%AC+%EC%B9%B4%EC%B8%A0%EC%95%88+%EA%B2%BD%EC%84%B1%EB%8C%80%EB%B6%80%EA%B2%BD%EB%8C%80%EC%A0%90
398,백양숯불갈비 대연사거리 직영점,부산 남구 대연동 백양숯불갈비 대연사거리 직영점,https://place.map.kakao.com/1354820257,2026-08-13T14:15:12+09:00,요청오류,,,,,,403 Client Error: Forbidden for url: https://search.naver.com/search.naver?where=nexearch&query=%EB%B6%80%EC%82%B0+%EB%82%A8%EA%B5%AC+%EB%B0%B1%EC%96%91%EC%88%AF%EB%B6%88%EA%B0%88%EB%B9%84+%EB%8C%80%EC%97%B0%EC%82%AC%EA%B1%B0%EB%A6%AC+%EC%A7%81%EC%98%81%EC%A0%90
399,육연탕,부산 남구 대연동 육연탕,http://place.map.kakao.com/61055215,2026-08-13T14:15:14+09:00,요청오류,,,,,,403 Client Error: Forbidden for url: https://search.naver.com/search.naver?where=nexearch&query=%EB%B6%80%EC%82%B0+%EB%82%A8%EA%B5%AC+%EC%9C%A1%EC%97%B0%ED%83%95
400,돈카츠정,부산 남구 대연동 돈카츠정,http://place.map.kakao.com/966200754,2026-08-13T14:15:16+09:00,요청오류,,,,,,403 Client Error: Forbidden for url: https://search.naver.com/search.naver?where=nexearch&query=%EB%B6%80%EC%82%B0+%EB%82%A8%EA%B5%AC+%EB%8F%88%EC%B9%B4%EC%B8%A0%EC%A0%95
401,달빛에구운고등어 부산대연점,부산 남구 대연동 달빛에구운고등어 부산대연점,https://place.map.kakao.com/1249644051,2026-08-13T14:15:17+09:00,요청오류,,,,,,403 Client Error: Forbidden for url: https://search.naver.com/search.naver?where=nexearch&query=%EB%B6%80%EC%82%B0+%EB%82%A8%EA%B5%AC+%EB%8B%AC%EB%B9%9B%EC%97%90%EA%B5%AC%EC%9A%B4%EA%B3%A0%EB%93%B1%EC%96%B4+%EB%B6%80%EC%82%B0%EB%8C%80%EC%97%B0%EC%A0%90
402,고덕사,부산 남구 대연동 고덕사,https://place.map.kakao.com/345732636,2026-08-13T14:15:19+09:00,요청오류,,,,,,403 Client Error: Forbidden for url: https://search.naver.com/search.naver?where=nexearch&query=%EB%B6%80%EC%82%B0+%EB%82%A8%EA%B5%AC+%EA%B3%A0%EB%8D%95%EC%82%AC
403,남원,부산 남구 대연동 남원,https://place.map.kakao.com/1953084899,2026-08-13T14:15:22+09:00,요청오류,,,,,,403 Client Error: Forbidden for url: https://search.naver.com/search.naver?where=nexearch&query=%EB%B6%80%EC%82%B0+%EB%82%A8%EA%B5%AC+%EB%82%A8%EC%9B%90
404,오복갈비,부산 남구 대연동 오복갈비,https://place.map.kakao.com/742826317,2026-08-13T14:15:23+09:00,요청오류,,,,,,403 Client Error: Forbidden for url: https://search.naver.com/search.naver?where=nexearch&query=%EB%B6%80%EC%82%B0+%EB%82%A8%EA%B5%AC+%EC%98%A4%EB%B3%B5%EA%B0%88%EB%B9%84
406,블루샥 부산부경대점,부산 남구 대연동 블루샥 부산부경대점,http://place.map.kakao.com/1762455366,2026-08-13T14:15:25+09:00,요청오류,,,,,,403 Client Error: Forbidden for url: https://search.naver.com/search.naver?where=nexearch&query=%EB%B6%80%EC%82%B0+%EB%82%A8%EA%B5%AC+%EB%B8%94%EB%A3%A8%EC%83%A5+%EB%B6%80%EC%82%B0%EB%B6%80%EA%B2%BD%EB%8C%80%EC%A0%90
407,4도C냉면 & 우동,부산 남구 대연동 4도C냉면 & 우동,https://place.map.kakao.com/10881794,2026-08-13T14:15:27+09:00,요청오류,,,,,,403 Client Error: Forbidden for url: https://search.naver.com/search.naver?where=nexearch&query=%EB%B6%80%EC%82%B0+%EB%82%A8%EA%B5%AC+4%EB%8F%84C%EB%83%89%EB%A9%B4+%26+%EC%9A%B0%EB%8F%99
408,도미노피자 용호남천점,부산 남구 대연동 도미노피자 용호남천점,https://place.map.kakao.com/12108612,2026-08-13T14:15:29+09:00,요청오류,,,,,,403 Client Error: Forbidden for url: https://search.naver.com/search.naver?where=nexearch&query=%EB%B6%80%EC%82%B0+%EB%82%A8%EA%B5%AC+%EB%8F%84%EB%AF%B8%EB%85%B8%ED%94%BC%EC%9E%90+%EC%9A%A9%ED%98%B8%EB%82%A8%EC%B2%9C%EC%A0%90
409,홍익돈까스 부산대연점,부산 남구 대연동 홍익돈까스 부산대연점,https://place.map.kakao.com/1823154592,2026-08-13T14:15:31+09:00,요청오류,,,,,,403 Client Error: Forbidden for url: https://search.naver.com/search.naver?where=nexearch&query=%EB%B6%80%EC%82%B0+%EB%82%A8%EA%B5%AC+%ED%99%8D%EC%9D%B5%EB%8F%88%EA%B9%8C%EC%8A%A4+%EB%B6%80%EC%82%B0%EB%8C%80%EC%97%B0%EC%A0%90
410,빙수당 부경대점,부산 남구 대연동 빙수당 부경대점,https://place.map.kakao.com/590490778,2026-08-13T14:15:32+09:00,요청오류,,,,,,403 Client Error: Forbidden for url: https://search.naver.com/search.naver?where=nexearch&query=%EB%B6%80%EC%82%B0+%EB%82%A8%EA%B5%AC+%EB%B9%99%EC%88%98%EB%8B%B9+%EB%B6%80%EA%B2%BD%EB%8C%80%EC%A0%90
412,또근이찜닭 남천점,부산 남구 대연동 또근이찜닭 남천점,https://place.map.kakao.com/1901228397,2026-08-13T14:15:34+09:00,요청오류,,,,,,403 Client Error: Forbidden for url: https://search.naver.com/search.naver?where=nexearch&query=%EB%B6%80%EC%82%B0+%EB%82%A8%EA%B5%AC+%EB%98%90%EA%B7%BC%EC%9D%B4%EC%B0%9C%EB%8B%AD+%EB%82%A8%EC%B2%9C%EC%A0%90
414,지금은 아구찜 대연점,부산 남구 대연동 지금은 아구찜 대연점,https://place.map.kakao.com/14499141,2026-08-13T14:15:36+09:00,요청오류,,,,,,403 Client Error: Forbidden for url: https://search.naver.com/search.naver?where=nexearch&query=%EB%B6%80%EC%82%B0+%EB%82%A8%EA%B5%AC+%EC%A7%80%EA%B8%88%EC%9D%80+%EC%95%84%EA%B5%AC%EC%B0%9C+%EB%8C%80%EC%97%B0%EC%A0%90
415,신센 본점,부산 남구 대연동 신센 본점,https://place.map.kakao.com/10529026,2026-08-13T14:15:37+09:00,요청오류,,,,,,403 Client Error: Forbidden for url: https://search.naver.com/search.naver?where=nexearch&query=%EB%B6%80%EC%82%B0+%EB%82%A8%EA%B5%AC+%EC%8B%A0%EC%84%BC+%EB%B3%B8%EC%A0%90
416,7곡제면소 경성대점,부산 남구 대연동 7곡제면소 경성대점,https://place.map.kakao.com/1543682570,2026-08-13T14:15:39+09:00,요청오류,,,,,,403 Client Error: Forbidden for url: https://search.naver.com/search.naver?where=nexearch&query=%EB%B6%80%EC%82%B0+%EB%82%A8%EA%B5%AC+7%EA%B3%A1%EC%A0%9C%EB%A9%B4%EC%86%8C+%EA%B2%BD%EC%84%B1%EB%8C%80%EC%A0%90
417,홀릭,부산 남구 대연동 홀릭,http://place.map.kakao.com/16014748,2026-08-13T14:15:41+09:00,요청오류,,,,,,403 Client Error: Forbidden for url: https://search.naver.com/search.naver?where=nexearch&query=%EB%B6%80%EC%82%B0+%EB%82%A8%EA%B5%AC+%ED%99%80%EB%A6%AD
418,청담족발앤국밥,부산 남구 대연동 청담족발앤국밥,https://place.map.kakao.com/739202708,2026-08-13T14:15:43+09:00,요청오류,,,,,,403 Client Error: Forbidden for url: https://search.naver.com/search.naver?where=nexearch&query=%EB%B6%80%EC%82%B0+%EB%82%A8%EA%B5%AC+%EC%B2%AD%EB%8B%B4%EC%A1%B1%EB%B0%9C%EC%95%A4%EA%B5%AD%EB%B0%A5
419,호호정,부산 남구 대연동 호호정,http://place.map.kakao.com/726464741,2026-08-13T14:15:45+09:00,요청오류,,,,,,403 Client Error: Forbidden for url: https://search.naver.com/search.naver?where=nexearch&query=%EB%B6%80%EC%82%B0+%EB%82%A8%EA%B5%AC+%ED%98%B8%ED%98%B8%EC%A0%95
420,OL55,부산 남구 대연동 OL55,http://place.map.kakao.com/545043871,2026-08-13T14:15:47+09:00,요청오류,,,,,,403 Client Error: Forbidden for url: https://search.naver.com/search.naver?where=nexearch&query=%EB%B6%80%EC%82%B0+%EB%82%A8%EA%B5%AC+OL55
421,치톡스,부산 남구 대연동 치톡스,http://place.map.kakao.com/27578110,2026-08-13T14:15:48+09:00,요청오류,,,,,,403 Client Error: Forbidden for url: https://search.naver.com/search.naver?where=nexearch&query=%EB%B6%80%EC%82%B0+%EB%82%A8%EA%B5%AC+%EC%B9%98%ED%86%A1%EC%8A%A4
422,홈스토리 카푸치노카페,부산 남구 대연동 홈스토리 카푸치노카페,http://place.map.kakao.com/8101206,2026-08-13T14:15:50+09:00,요청오류,,,,,,403 Client Error: Forbidden for url: https://search.naver.com/search.naver?where=nexearch&query=%EB%B6%80%EC%82%B0+%EB%82%A8%EA%B5%AC+%ED%99%88%EC%8A%A4%ED%86%A0%EB%A6%AC+%EC%B9%B4%ED%91%B8%EC%B9%98%EB%85%B8%EC%B9%B4%ED%8E%98
423,마노 경성대점,부산 남구 대연동 마노 경성대점,http://place.map.kakao.com/1731822858,2026-08-13T14:15:52+09:00,요청오류,,,,,,403 Client Error: Forbidden for url: https://search.naver.com/search.naver?where=nexearch&query=%EB%B6%80%EC%82%B0+%EB%82%A8%EA%B5%AC+%EB%A7%88%EB%85%B8+%EA%B2%BD%EC%84%B1%EB%8C%80%EC%A0%90
424,카돈카돈,부산 남구 대연동 카돈카돈,https://place.map.kakao.com/2089787788,2026-08-13T14:15:54+09:00,요청오류,,,,,,403 Client Error: Forbidden for url: https://search.naver.com/search.naver?where=nexearch&query=%EB%B6%80%EC%82%B0+%EB%82%A8%EA%B5%AC+%EC%B9%B4%EB%8F%88%EC%B9%B4%EB%8F%88
425,다락방,부산 남구 대연동 다락방,http://place.map.kakao.com/1815996067,2026-08-13T14:15:55+09:00,요청오류,,,,,,403 Client Error: Forbidden for url: https://search.naver.com/search.naver?where=nexearch&query=%EB%B6%80%EC%82%B0+%EB%82%A8%EA%B5%AC+%EB%8B%A4%EB%9D%BD%EB%B0%A9
426,풍년곱창,부산 남구 대연동 풍년곱창,https://place.map.kakao.com/15291956,2026-08-13T14:15:57+09:00,요청오류,,,,,,403 Client Error: Forbidden for url: https://search.naver.com/search.naver?where=nexearch&query=%EB%B6%80%EC%82%B0+%EB%82%A8%EA%B5%AC+%ED%92%8D%EB%85%84%EA%B3%B1%EC%B0%BD
428,라일락식당,부산 남구 대연동 라일락식당,http://place.map.kakao.com/901558105,2026-08-13T14:15:59+09:00,요청오류,,,,,,403 Client Error: Forbidden for url: https://search.naver.com/search.naver?where=nexearch&query=%EB%B6%80%EC%82%B0+%EB%82%A8%EA%B5%AC+%EB%9D%BC%EC%9D%BC%EB%9D%BD%EC%8B%9D%EB%8B%B9
429,더벤티 경성대건학기념관점,부산 남구 대연동 더벤티 경성대건학기념관점,https://place.map.kakao.com/1100680063,2026-08-13T14:16:00+09:00,요청오류,,,,,,403 Client Error: Forbidden for url: https://search.naver.com/search.naver?where=nexearch&query=%EB%B6%80%EC%82%B0+%EB%82%A8%EA%B5%AC+%EB%8D%94%EB%B2%A4%ED%8B%B0+%EA%B2%BD%EC%84%B1%EB%8C%80%EA%B1%B4%ED%95%99%EA%B8%B0%EB%85%90%EA%B4%80%EC%A0%90
431,스위시 대연써밋점,부산 남구 대연동 스위시 대연써밋점,https://place.map.kakao.com/1196543032,2026-08-13T14:16:03+09:00,요청오류,,,,,,403 Client Error: Forbidden for url: https://search.naver.com/search.naver?where=nexearch&query=%EB%B6%80%EC%82%B0+%EB%82%A8%EA%B5%AC+%EC%8A%A4%EC%9C%84%EC%8B%9C+%EB%8C%80%EC%97%B0%EC%8D%A8%EB%B0%8B%EC%A0%90
432,버거잇 Burgereat,부산 남구 대연동 버거잇 Burgereat,http://place.map.kakao.com/1042468419,2026-08-13T14:16:05+09:00,요청오류,,,,,,403 Client Error: Forbidden for url: https://search.naver.com/search.naver?where=nexearch&query=%EB%B6%80%EC%82%B0+%EB%82%A8%EA%B5%AC+%EB%B2%84%EA%B1%B0%EC%9E%87+Burgereat
433,한우소머리국밥,부산 남구 대연동 한우소머리국밥,https://place.map.kakao.com/1749888543,2026-08-13T14:16:07+09:00,요청오류,,,,,,403 Client Error: Forbidden for url: https://search.naver.com/search.naver?where=nexearch&query=%EB%B6%80%EC%82%B0+%EB%82%A8%EA%B5%AC+%ED%95%9C%EC%9A%B0%EC%86%8C%EB%A8%B8%EB%A6%AC%EA%B5%AD%EB%B0%A5
434,동네포차주민 경성대점,부산 남구 대연동 동네포차주민 경성대점,https://place.map.kakao.com/1088366892,2026-08-13T14:16:09+09:00,요청오류,,,,,,403 Client Error: Forbidden for url: https://search.naver.com/search.naver?where=nexearch&query=%EB%B6%80%EC%82%B0+%EB%82%A8%EA%B5%AC+%EB%8F%99%EB%84%A4%ED%8F%AC%EC%B0%A8%EC%A3%BC%EB%AF%BC+%EA%B2%BD%EC%84%B1%EB%8C%80%EC%A0%90
436,천탁 본점,부산 남구 대연동 천탁 본점,https://place.map.kakao.com/16218083,2026-08-13T14:16:10+09:00,요청오류,,,,,,403 Client Error: Forbidden for url: https://search.naver.com/search.naver?where=nexearch&query=%EB%B6%80%EC%82%B0+%EB%82%A8%EA%B5%AC+%EC%B2%9C%ED%83%81+%EB%B3%B8%EC%A0%90
437,믕,부산 남구 대연동 믕,http://place.map.kakao.com/439508385,2026-08-13T14:16:12+09:00,요청오류,,,,,,403 Client Error: Forbidden for url: https://search.naver.com/search.naver?where=nexearch&query=%EB%B6%80%EC%82%B0+%EB%82%A8%EA%B5%AC+%EB%AF%95
438,통통연어,부산 남구 대연동 통통연어,https://place.map.kakao.com/2089787788,2026-08-13T14:16:14+09:00,요청오류,,,,,,403 Client Error: Forbidden for url: https://search.naver.com/search.naver?where=nexearch&query=%EB%B6%80%EC%82%B0+%EB%82%A8%EA%B5%AC+%ED%86%B5%ED%86%B5%EC%97%B0%EC%96%B4
439,웨이드바,부산 남구 대연동 웨이드바,http://place.map.kakao.com/1701836909,2026-08-13T14:16:16+09:00,요청오류,,,,,,403 Client Error: Forbidden for url: https://search.naver.com/search.naver?where=nexearch&query=%EB%B6%80%EC%82%B0+%EB%82%A8%EA%B5%AC+%EC%9B%A8%EC%9D%B4%EB%93%9C%EB%B0%94
441,메가MGC커피 부산부경대쪽문점,부산 남구 대연동 메가MGC커피 부산부경대쪽문점,http://place.map.kakao.com/789222826,2026-08-13T14:16:17+09:00,요청오류,,,,,,403 Client Error: Forbidden for url: https://search.naver.com/search.naver?where=nexearch&query=%EB%B6%80%EC%82%B0+%EB%82%A8%EA%B5%AC+%EB%A9%94%EA%B0%80MGC%EC%BB%A4%ED%94%BC+%EB%B6%80%EC%82%B0%EB%B6%80%EA%B2%BD%EB%8C%80%EC%AA%BD%EB%AC%B8%EC%A0%90
442,떴다파닭 경성대점,부산 남구 대연동 떴다파닭 경성대점,https://place.map.kakao.com/1770671414,2026-08-13T14:16:19+09:00,요청오류,,,,,,403 Client Error: Forbidden for url: https://search.naver.com/search.naver?where=nexearch&query=%EB%B6%80%EC%82%B0+%EB%82%A8%EA%B5%AC+%EB%96%B4%EB%8B%A4%ED%8C%8C%EB%8B%AD+%EA%B2%BD%EC%84%B1%EB%8C%80%EC%A0%90
443,작품하나,부산 남구 대연동 작품하나,http://place.map.kakao.com/2058602977,2026-08-13T14:16:21+09:00,요청오류,,,,,,403 Client Error: Forbidden for url: https://search.naver.com/search.naver?where=nexearch&query=%EB%B6%80%EC%82%B0+%EB%82%A8%EA%B5%AC+%EC%9E%91%ED%92%88%ED%95%98%EB%82%98
444,이기대토스트,부산 남구 대연동 이기대토스트,https://place.map.kakao.com/1862713114,2026-08-13T14:16:22+09:00,요청오류,,,,,,403 Client Error: Forbidden for url: https://search.naver.com/search.naver?where=nexearch&query=%EB%B6%80%EC%82%B0+%EB%82%A8%EA%B5%AC+%EC%9D%B4%EA%B8%B0%EB%8C%80%ED%86%A0%EC%8A%A4%ED%8A%B8
446,박가부대 부산경성대점,부산 남구 대연동 박가부대 부산경성대점,https://place.map.kakao.com/26306836,2026-08-13T14:16:24+09:00,요청오류,,,,,,403 Client Error: Forbidden for url: https://search.naver.com/search.naver?where=nexearch&query=%EB%B6%80%EC%82%B0+%EB%82%A8%EA%B5%AC+%EB%B0%95%EA%B0%80%EB%B6%80%EB%8C%80+%EB%B6%80%EC%82%B0%EA%B2%BD%EC%84%B1%EB%8C%80%EC%A0%90
447,뎅기피버,부산 남구 대연동 뎅기피버,http://place.map.kakao.com/758953827,2026-08-13T14:16:26+09:00,요청오류,,,,,,403 Client Error: Forbidden for url: https://search.naver.com/search.naver?where=nexearch&query=%EB%B6%80%EC%82%B0+%EB%82%A8%EA%B5%AC+%EB%8E%85%EA%B8%B0%ED%94%BC%EB%B2%84
448,굽네치킨 대연2호점,부산 남구 대연동 굽네치킨 대연2호점,https://place.map.kakao.com/210300244,2026-08-13T14:16:27+09:00,요청오류,,,,,,403 Client Error: Forbidden for url: https://search.naver.com/search.naver?where=nexearch&query=%EB%B6%80%EC%82%B0+%EB%82%A8%EA%B5%AC+%EA%B5%BD%EB%84%A4%EC%B9%98%ED%82%A8+%EB%8C%80%EC%97%B02%ED%98%B8%EC%A0%90
449,꽃돼지,부산 남구 대연동 꽃돼지,https://place.map.kakao.com/1432906595,2026-08-13T14:16:29+09:00,요청오류,,,,,,403 Client Error: Forbidden for url: https://search.naver.com/search.naver?where=nexearch&query=%EB%B6%80%EC%82%B0+%EB%82%A8%EA%B5%AC+%EA%BD%83%EB%8F%BC%EC%A7%80
451,설빙 부산경성대점,부산 남구 대연동 설빙 부산경성대점,http://place.map.kakao.com/21089245,2026-08-13T14:16:31+09:00,요청오류,,,,,,403 Client Error: Forbidden for url: https://search.naver.com/search.naver?where=nexearch&query=%EB%B6%80%EC%82%B0+%EB%82%A8%EA%B5%AC+%EC%84%A4%EB%B9%99+%EB%B6%80%EC%82%B0%EA%B2%BD%EC%84%B1%EB%8C%80%EC%A0%90
452,온기한잔,부산 남구 대연동 온기한잔,https://place.map.kakao.com/700939318,2026-08-13T14:16:33+09:00,요청오류,,,,,,403 Client Error: Forbidden for url: https://search.naver.com/search.naver?where=nexearch&query=%EB%B6%80%EC%82%B0+%EB%82%A8%EA%B5%AC+%EC%98%A8%EA%B8%B0%ED%95%9C%EC%9E%94
453,해운대논골집,부산 남구 대연동 해운대논골집,https://place.map.kakao.com/928495274,2026-08-13T14:16:35+09:00,요청오류,,,,,,403 Client Error: Forbidden for url: https://search.naver.com/search.naver?where=nexearch&query=%EB%B6%80%EC%82%B0+%EB%82%A8%EA%B5%AC+%ED%95%B4%EC%9A%B4%EB%8C%80%EB%85%BC%EA%B3%A8%EC%A7%91
454,족스토리,부산 남구 대연동 족스토리,https://place.map.kakao.com/26757233,2026-08-13T14:16:36+09:00,요청오류,,,,,,403 Client Error: Forbidden for url: https://search.naver.com/search.naver?where=nexearch&query=%EB%B6%80%EC%82%B0+%EB%82%A8%EA%B5%AC+%EC%A1%B1%EC%8A%A4%ED%86%A0%EB%A6%AC
455,버거킹 부산경성대점,부산 남구 대연동 버거킹 부산경성대점,https://place.map.kakao.com/1014999142,2026-08-13T14:16:38+09:00,요청오류,,,,,,403 Client Error: Forbidden for url: https://search.naver.com/search.naver?where=nexearch&query=%EB%B6%80%EC%82%B0+%EB%82%A8%EA%B5%AC+%EB%B2%84%EA%B1%B0%ED%82%B9+%EB%B6%80%EC%82%B0%EA%B2%BD%EC%84%B1%EB%8C%80%EC%A0%90
456,오크피자,부산 남구 대연동 오크피자,https://place.map.kakao.com/1609666370,2026-08-13T14:16:40+09:00,요청오류,,,,,,403 Client Error: Forbidden for url: https://search.naver.com/search.naver?where=nexearch&query=%EB%B6%80%EC%82%B0+%EB%82%A8%EA%B5%AC+%EC%98%A4%ED%81%AC%ED%94%BC%EC%9E%90
457,거창맷돌순두부,부산 남구 대연동 거창맷돌순두부,http://place.map.kakao.com/1640766071,2026-08-13T14:16:42+09:00,요청오류,,,,,,403 Client Error: Forbidden for url: https://search.naver.com/search.naver?where=nexearch&query=%EB%B6%80%EC%82%B0+%EB%82%A8%EA%B5%AC+%EA%B1%B0%EC%B0%BD%EB%A7%B7%EB%8F%8C%EC%88%9C%EB%91%90%EB%B6%80
458,가마치통닭 남천점,부산 남구 대연동 가마치통닭 남천점,https://place.map.kakao.com/99079610,2026-08-13T14:16:44+09:00,요청오류,,,,,,403 Client Error: Forbidden for url: https://search.naver.com/search.naver?where=nexearch&query=%EB%B6%80%EC%82%B0+%EB%82%A8%EA%B5%AC+%EA%B0%80%EB%A7%88%EC%B9%98%ED%86%B5%EB%8B%AD+%EB%82%A8%EC%B2%9C%EC%A0%90
459,올바로갈비 경성대부경대점,부산 남구 대연동 올바로갈비 경성대부경대점,https://place.map.kakao.com/1428179358,2026-08-13T14:16:46+09:00,요청오류,,,,,,403 Client Error: Forbidden for url: https://search.naver.com/search.naver?where=nexearch&query=%EB%B6%80%EC%82%B0+%EB%82%A8%EA%B5%AC+%EC%98%AC%EB%B0%94%EB%A1%9C%EA%B0%88%EB%B9%84+%EA%B2%BD%EC%84%B1%EB%8C%80%EB%B6%80%EA%B2%BD%EB%8C%80%EC%A0%90
460,호르몬치치 부산대연점,부산 남구 대연동 호르몬치치 부산대연점,https://place.map.kakao.com/26262758,2026-08-13T14:16:47+09:00,요청오류,,,,,,403 Client Error: Forbidden for url: https://search.naver.com/search.naver?where=nexearch&query=%EB%B6%80%EC%82%B0+%EB%82%A8%EA%B5%AC+%ED%98%B8%EB%A5%B4%EB%AA%AC%EC%B9%98%EC%B9%98+%EB%B6%80%EC%82%B0%EB%8C%80%EC%97%B0%EC%A0%90
463,가온카츠,부산 남구 대연동 가온카츠,https://place.map.kakao.com/602537646,2026-08-13T14:16:49+09:00,요청오류,,,,,,403 Client Error: Forbidden for url: https://search.naver.com/search.naver?where=nexearch&query=%EB%B6%80%EC%82%B0+%EB%82%A8%EA%B5%AC+%EA%B0%80%EC%98%A8%EC%B9%B4%EC%B8%A0
464,김소남연탄쪽갈비,부산 남구 대연동 김소남연탄쪽갈비,https://place.map.kakao.com/928191999,2026-08-13T14:16:51+09:00,요청오류,,,,,,403 Client Error: Forbidden for url: https://search.naver.com/search.naver?where=nexearch&query=%EB%B6%80%EC%82%B0+%EB%82%A8%EA%B5%AC+%EA%B9%80%EC%86%8C%EB%82%A8%EC%97%B0%ED%83%84%EC%AA%BD%EA%B0%88%EB%B9%84
465,진곰탕진해장,부산 남구 대연동 진곰탕진해장,https://place.map.kakao.com/1732038098,2026-08-13T14:16:53+09:00,요청오류,,,,,,403 Client Error: Forbidden for url: https://search.naver.com/search.naver?where=nexearch&query=%EB%B6%80%EC%82%B0+%EB%82%A8%EA%B5%AC+%EC%A7%84%EA%B3%B0%ED%83%95%EC%A7%84%ED%95%B4%EC%9E%A5
467,메츠과자점 본점,부산 남구 대연동 메츠과자점 본점,https://place.map.kakao.com/1719097739,2026-08-13T14:16:55+09:00,요청오류,,,,,,403 Client Error: Forbidden for url: https://search.naver.com/search.naver?where=nexearch&query=%EB%B6%80%EC%82%B0+%EB%82%A8%EA%B5%AC+%EB%A9%94%EC%B8%A0%EA%B3%BC%EC%9E%90%EC%A0%90+%EB%B3%B8%EC%A0%90
468,라미랑드,부산 남구 대연동 라미랑드,http://place.map.kakao.com/2095503369,2026-08-13T14:16:56+09:00,요청오류,,,,,,403 Client Error: Forbidden for url: https://search.naver.com/search.naver?where=nexearch&query=%EB%B6%80%EC%82%B0+%EB%82%A8%EA%B5%AC+%EB%9D%BC%EB%AF%B8%EB%9E%91%EB%93%9C
469,댄싱컵 경성대점,부산 남구 대연동 댄싱컵 경성대점,http://place.map.kakao.com/2051600097,2026-08-13T14:16:58+09:00,요청오류,,,,,,403 Client Error: Forbidden for url: https://search.naver.com/search.naver?where=nexearch&query=%EB%B6%80%EC%82%B0+%EB%82%A8%EA%B5%AC+%EB%8C%84%EC%8B%B1%EC%BB%B5+%EA%B2%BD%EC%84%B1%EB%8C%80%EC%A0%90
470,피자알볼로 부산대연점,부산 남구 대연동 피자알볼로 부산대연점,https://place.map.kakao.com/25133561,2026-08-13T14:17:00+09:00,요청오류,,,,,,403 Client Error: Forbidden for url: https://search.naver.com/search.naver?where=nexearch&query=%EB%B6%80%EC%82%B0+%EB%82%A8%EA%B5%AC+%ED%94%BC%EC%9E%90%EC%95%8C%EB%B3%BC%EB%A1%9C+%EB%B6%80%EC%82%B0%EB%8C%80%EC%97%B0%EC%A0%90
472,맘스터치 남천점,부산 남구 대연동 맘스터치 남천점,https://place.map.kakao.com/21358074,2026-08-13T14:17:02+09:00,요청오류,,,,,,403 Client Error: Forbidden for url: https://search.naver.com/search.naver?where=nexearch&query=%EB%B6%80%EC%82%B0+%EB%82%A8%EA%B5%AC+%EB%A7%98%EC%8A%A4%ED%84%B0%EC%B9%98+%EB%82%A8%EC%B2%9C%EC%A0%90
473,못골브레드,부산 남구 대연동 못골브레드,https://place.map.kakao.com/512251650,2026-08-13T14:17:04+09:00,요청오류,,,,,,403 Client Error: Forbidden for url: https://search.naver.com/search.naver?where=nexearch&query=%EB%B6%80%EC%82%B0+%EB%82%A8%EA%B5%AC+%EB%AA%BB%EA%B3%A8%EB%B8%8C%EB%A0%88%EB%93%9C
474,대남 포장집,부산 남구 대연동 대남 포장집,https://place.map.kakao.com/1100680063,2026-08-13T14:17:05+09:00,요청오류,,,,,,403 Client Error: Forbidden for url: https://search.naver.com/search.naver?where=nexearch&query=%EB%B6%80%EC%82%B0+%EB%82%A8%EA%B5%AC+%EB%8C%80%EB%82%A8+%ED%8F%AC%EC%9E%A5%EC%A7%91
475,치한당 경성대부경대점,부산 남구 대연동 치한당 경성대부경대점,https://place.map.kakao.com/253513035,2026-08-13T14:17:07+09:00,요청오류,,,,,,403 Client Error: Forbidden for url: https://search.naver.com/search.naver?where=nexearch&query=%EB%B6%80%EC%82%B0+%EB%82%A8%EA%B5%AC+%EC%B9%98%ED%95%9C%EB%8B%B9+%EA%B2%BD%EC%84%B1%EB%8C%80%EB%B6%80%EA%B2%BD%EB%8C%80%EC%A0%90
476,옥돈까츠,부산 남구 대연동 옥돈까츠,https://place.map.kakao.com/169920889,2026-08-13T14:17:09+09:00,요청오류,,,,,,403 Client Error: Forbidden for url: https://search.naver.com/search.naver?where=nexearch&query=%EB%B6%80%EC%82%B0+%EB%82%A8%EA%B5%AC+%EC%98%A5%EB%8F%88%EA%B9%8C%EC%B8%A0
478,프랭크버거 부산부경대점,부산 남구 대연동 프랭크버거 부산부경대점,https://place.map.kakao.com/2101289204,2026-08-13T14:17:11+09:00,요청오류,,,,,,403 Client Error: Forbidden for url: https://search.naver.com/search.naver?where=nexearch&query=%EB%B6%80%EC%82%B0+%EB%82%A8%EA%B5%AC+%ED%94%84%EB%9E%AD%ED%81%AC%EB%B2%84%EA%B1%B0+%EB%B6%80%EC%82%B0%EB%B6%80%EA%B2%BD%EB%8C%80%EC%A0%90
480,제대로한끼,부산 남구 대연동 제대로한끼,https://place.map.kakao.com/1553676067,2026-08-13T14:17:13+09:00,요청오류,,,,,,403 Client Error: Forbidden for url: https://search.naver.com/search.naver?where=nexearch&query=%EB%B6%80%EC%82%B0+%EB%82%A8%EA%B5%AC+%EC%A0%9C%EB%8C%80%EB%A1%9C%ED%95%9C%EB%81%BC
482,원조서면소갈비살 경성대부경대점,부산 남구 대연동 원조서면소갈비살 경성대부경대점,https://place.map.kakao.com/428337049,2026-08-13T14:17:14+09:00,요청오류,,,,,,403 Client Error: Forbidden for url: https://search.naver.com/search.naver?where=nexearch&query=%EB%B6%80%EC%82%B0+%EB%82%A8%EA%B5%AC+%EC%9B%90%EC%A1%B0%EC%84%9C%EB%A9%B4%EC%86%8C%EA%B0%88%EB%B9%84%EC%82%B4+%EA%B2%BD%EC%84%B1%EB%8C%80%EB%B6%80%EA%B2%BD%EB%8C%80%EC%A0%90
483,장생포고래등,부산 남구 대연동 장생포고래등,https://place.map.kakao.com/25037082,2026-08-13T14:17:16+09:00,요청오류,,,,,,403 Client Error: Forbidden for url: https://search.naver.com/search.naver?where=nexearch&query=%EB%B6%80%EC%82%B0+%EB%82%A8%EA%B5%AC+%EC%9E%A5%EC%83%9D%ED%8F%AC%EA%B3%A0%EB%9E%98%EB%93%B1
484,오이시,부산 남구 대연동 오이시,http://place.map.kakao.com/17639854,2026-08-13T14:17:18+09:00,요청오류,,,,,,403 Client Error: Forbidden for url: https://search.naver.com/search.naver?where=nexearch&query=%EB%B6%80%EC%82%B0+%EB%82%A8%EA%B5%AC+%EC%98%A4%EC%9D%B4%EC%8B%9C
485,다이도코로 광안리본점,부산 남구 대연동 다이도코로 광안리본점,https://place.map.kakao.com/27220570,2026-08-13T14:17:20+09:00,요청오류,,,,,,403 Client Error: Forbidden for url: https://search.naver.com/search.naver?where=nexearch&query=%EB%B6%80%EC%82%B0+%EB%82%A8%EA%B5%AC+%EB%8B%A4%EC%9D%B4%EB%8F%84%EC%BD%94%EB%A1%9C+%EA%B4%91%EC%95%88%EB%A6%AC%EB%B3%B8%EC%A0%90
487,메이드어맛,부산 남구 대연동 메이드어맛,https://place.map.kakao.com/1754584114,2026-08-13T14:17:21+09:00,요청오류,,,,,,403 Client Error: Forbidden for url: https://search.naver.com/search.naver?where=nexearch&query=%EB%B6%80%EC%82%B0+%EB%82%A8%EA%B5%AC+%EB%A9%94%EC%9D%B4%EB%93%9C%EC%96%B4%EB%A7%9B
488,오니쿠,부산 남구 대연동 오니쿠,https://place.map.kakao.com/1537510207,2026-08-13T14:17:23+09:00,요청오류,,,,,,403 Client Error: Forbidden for url: https://search.naver.com/search.naver?where=nexearch&query=%EB%B6%80%EC%82%B0+%EB%82%A8%EA%B5%AC+%EC%98%A4%EB%8B%88%EC%BF%A0
489,아빠횟집,부산 남구 대연동 아빠횟집,https://place.map.kakao.com/966617490,2026-08-13T14:17:25+09:00,요청오류,,,,,,403 Client Error: Forbidden for url: https://search.naver.com/search.naver?where=nexearch&query=%EB%B6%80%EC%82%B0+%EB%82%A8%EA%B5%AC+%EC%95%84%EB%B9%A0%ED%9A%9F%EC%A7%91
490,그린클라우드 대연점,부산 남구 대연동 그린클라우드 대연점,https://place.map.kakao.com/1269488982,2026-08-13T14:17:27+09:00,요청오류,,,,,,403 Client Error: Forbidden for url: https://search.naver.com/search.naver?where=nexearch&query=%EB%B6%80%EC%82%B0+%EB%82%A8%EA%B5%AC+%EA%B7%B8%EB%A6%B0%ED%81%B4%EB%9D%BC%EC%9A%B0%EB%93%9C+%EB%8C%80%EC%97%B0%EC%A0%90
491,쉘박스 대연점,부산 남구 대연동 쉘박스 대연점,https://place.map.kakao.com/244126565,2026-08-13T14:17:28+09:00,요청오류,,,,,,403 Client Error: Forbidden for url: https://search.naver.com/search.naver?where=nexearch&query=%EB%B6%80%EC%82%B0+%EB%82%A8%EA%B5%AC+%EC%89%98%EB%B0%95%EC%8A%A4+%EB%8C%80%EC%97%B0%EC%A0%90
492,탕슈탕슈,부산 남구 대연동 탕슈탕슈,https://place.map.kakao.com/16347004,2026-08-13T14:17:30+09:00,요청오류,,,,,,403 Client Error: Forbidden for url: https://search.naver.com/search.naver?where=nexearch&query=%EB%B6%80%EC%82%B0+%EB%82%A8%EA%B5%AC+%ED%83%95%EC%8A%88%ED%83%95%EC%8A%88
493,스윗앤샷 부경대점,부산 남구 대연동 스윗앤샷 부경대점,http://place.map.kakao.com/804707103,2026-08-13T14:17:32+09:00,요청오류,,,,,,403 Client Error: Forbidden for url: https://search.naver.com/search.naver?where=nexearch&query=%EB%B6%80%EC%82%B0+%EB%82%A8%EA%B5%AC+%EC%8A%A4%EC%9C%97%EC%95%A4%EC%83%B7+%EB%B6%80%EA%B2%BD%EB%8C%80%EC%A0%90
494,던킨 경성대부경대역사점,부산 남구 대연동 던킨 경성대부경대역사점,https://place.map.kakao.com/1331764615,2026-08-13T14:17:34+09:00,요청오류,,,,,,403 Client Error: Forbidden for url: https://search.naver.com/search.naver?where=nexearch&query=%EB%B6%80%EC%82%B0+%EB%82%A8%EA%B5%AC+%EB%8D%98%ED%82%A8+%EA%B2%BD%EC%84%B1%EB%8C%80%EB%B6%80%EA%B2%BD%EB%8C%80%EC%97%AD%EC%82%AC%EC%A0%90
496,큰집뼈다귀해장국 돼지국밥,부산 남구 대연동 큰집뼈다귀해장국 돼지국밥,http://place.map.kakao.com/16433673,2026-08-13T14:17:35+09:00,요청오류,,,,,,403 Client Error: Forbidden for url: https://search.naver.com/search.naver?where=nexearch&query=%EB%B6%80%EC%82%B0+%EB%82%A8%EA%B5%AC+%ED%81%B0%EC%A7%91%EB%BC%88%EB%8B%A4%EA%B7%80%ED%95%B4%EC%9E%A5%EA%B5%AD+%EB%8F%BC%EC%A7%80%EA%B5%AD%EB%B0%A5
497,킨키,부산 남구 대연동 킨키,https://place.map.kakao.com/922792232,2026-08-13T14:17:37+09:00,요청오류,,,,,,403 Client Error: Forbidden for url: https://search.naver.com/search.naver?where=nexearch&query=%EB%B6%80%EC%82%B0+%EB%82%A8%EA%B5%AC+%ED%82%A8%ED%82%A4
498,윌로버케이크,부산 남구 대연동 윌로버케이크,http://place.map.kakao.com/767886341,2026-08-13T14:17:39+09:00,요청오류,,,,,,403 Client Error: Forbidden for url: https://search.naver.com/search.naver?where=nexearch&query=%EB%B6%80%EC%82%B0+%EB%82%A8%EA%B5%AC+%EC%9C%8C%EB%A1%9C%EB%B2%84%EC%BC%80%EC%9D%B4%ED%81%AC
499,고궁삼계탕,부산 남구 대연동 고궁삼계탕,https://place.map.kakao.com/16840037,2026-08-13T14:17:41+09:00,요청오류,,,,,,403 Client Error: Forbidden for url: https://search.naver.com/search.naver?where=nexearch&query=%EB%B6%80%EC%82%B0+%EB%82%A8%EA%B5%AC+%EA%B3%A0%EA%B6%81%EC%82%BC%EA%B3%84%ED%83%95
500,맘스터치 용호자이점,부산 남구 대연동 맘스터치 용호자이점,https://place.map.kakao.com/27303644,2026-08-13T14:17:43+09:00,요청오류,,,,,,403 Client Error: Forbidden for url: https://search.naver.com/search.naver?where=nexearch&query=%EB%B6%80%EC%82%B0+%EB%82%A8%EA%B5%AC+%EB%A7%98%EC%8A%A4%ED%84%B0%EC%B9%98+%EC%9A%A9%ED%98%B8%EC%9E%90%EC%9D%B4%EC%A0%90
501,남천할매집,부산 남구 대연동 남천할매집,https://place.map.kakao.com/229860753,2026-08-13T14:17:45+09:00,요청오류,,,,,,403 Client Error: Forbidden for url: https://search.naver.com/search.naver?where=nexearch&query=%EB%B6%80%EC%82%B0+%EB%82%A8%EA%B5%AC+%EB%82%A8%EC%B2%9C%ED%95%A0%EB%A7%A4%EC%A7%91
502,떴다파닭,부산 남구 대연동 떴다파닭,http://place.map.kakao.com/1770671414,2026-08-13T14:17:47+09:00,요청오류,,,,,,403 Client Error: Forbidden for url: https://search.naver.com/search.naver?where=nexearch&query=%EB%B6%80%EC%82%B0+%EB%82%A8%EA%B5%AC+%EB%96%B4%EB%8B%A4%ED%8C%8C%EB%8B%AD
503,안동찜닭,부산 남구 대연동 안동찜닭,https://place.map.kakao.com/218483932,2026-08-13T14:17:49+09:00,요청오류,,,,,,403 Client Error: Forbidden for url: https://search.naver.com/search.naver?where=nexearch&query=%EB%B6%80%EC%82%B0+%EB%82%A8%EA%B5%AC+%EC%95%88%EB%8F%99%EC%B0%9C%EB%8B%AD
504,채선당 샤브보트 부경대점,부산 남구 대연동 채선당 샤브보트 부경대점,https://place.map.kakao.com/713843470,2026-08-13T14:17:50+09:00,요청오류,,,,,,403 Client Error: Forbidden for url: https://search.naver.com/search.naver?where=nexearch&query=%EB%B6%80%EC%82%B0+%EB%82%A8%EA%B5%AC+%EC%B1%84%EC%84%A0%EB%8B%B9+%EC%83%A4%EB%B8%8C%EB%B3%B4%ED%8A%B8+%EB%B6%80%EA%B2%BD%EB%8C%80%EC%A0%90
505,부산곰탕 대연점,부산 남구 대연동 부산곰탕 대연점,http://place.map.kakao.com/1075174553,2026-08-13T14:17:52+09:00,요청오류,,,,,,403 Client Error: Forbidden for url: https://search.naver.com/search.naver?where=nexearch&query=%EB%B6%80%EC%82%B0+%EB%82%A8%EA%B5%AC+%EB%B6%80%EC%82%B0%EA%B3%B0%ED%83%95+%EB%8C%80%EC%97%B0%EC%A0%90
506,중남해,부산 남구 대연동 중남해,http://place.map.kakao.com/16752350,2026-08-13T14:17:54+09:00,요청오류,,,,,,403 Client Error: Forbidden for url: https://search.naver.com/search.naver?where=nexearch&query=%EB%B6%80%EC%82%B0+%EB%82%A8%EA%B5%AC+%EC%A4%91%EB%82%A8%ED%95%B4
507,시락국밥 시골집,부산 남구 대연동 시락국밥 시골집,https://place.map.kakao.com/16215681,2026-08-13T14:17:55+09:00,요청오류,,,,,,403 Client Error: Forbidden for url: https://search.naver.com/search.naver?where=nexearch&query=%EB%B6%80%EC%82%B0+%EB%82%A8%EA%B5%AC+%EC%8B%9C%EB%9D%BD%EA%B5%AD%EB%B0%A5+%EC%8B%9C%EA%B3%A8%EC%A7%91
508,전남친순대 용호점,부산 남구 대연동 전남친순대 용호점,https://place.map.kakao.com/365551357,2026-08-13T14:17:57+09:00,요청오류,,,,,,403 Client Error: Forbidden for url: https://search.naver.com/search.naver?where=nexearch&query=%EB%B6%80%EC%82%B0+%EB%82%A8%EA%B5%AC+%EC%A0%84%EB%82%A8%EC%B9%9C%EC%88%9C%EB%8C%80+%EC%9A%A9%ED%98%B8%EC%A0%90
509,슈퍼크리스피 부산대연점,부산 남구 대연동 슈퍼크리스피 부산대연점,http://place.map.kakao.com/1433802477,2026-08-13T14:17:58+09:00,요청오류,,,,,,403 Client Error: Forbidden for url: https://search.naver.com/search.naver?where=nexearch&query=%EB%B6%80%EC%82%B0+%EB%82%A8%EA%B5%AC+%EC%8A%88%ED%8D%BC%ED%81%AC%EB%A6%AC%EC%8A%A4%ED%94%BC+%EB%B6%80%EC%82%B0%EB%8C%80%EC%97%B0%EC%A0%90
510,라화공방 부산대연점,부산 남구 대연동 라화공방 부산대연점,https://place.map.kakao.com/294645704,2026-08-13T14:18:00+09:00,요청오류,,,,,,403 Client Error: Forbidden for url: https://search.naver.com/search.naver?where=nexearch&query=%EB%B6%80%EC%82%B0+%EB%82%A8%EA%B5%AC+%EB%9D%BC%ED%99%94%EA%B3%B5%EB%B0%A9+%EB%B6%80%EC%82%B0%EB%8C%80%EC%97%B0%EC%A0%90
511,부산남양토담오리,부산 남구 대연동 부산남양토담오리,https://place.map.kakao.com/807441130,2026-08-13T14:18:02+09:00,요청오류,,,,,,403 Client Error: Forbidden for url: https://search.naver.com/search.naver?where=nexearch&query=%EB%B6%80%EC%82%B0+%EB%82%A8%EA%B5%AC+%EB%B6%80%EC%82%B0%EB%82%A8%EC%96%91%ED%86%A0%EB%8B%B4%EC%98%A4%EB%A6%AC
513,농부꼬마김밥 본점,부산 남구 대연동 농부꼬마김밥 본점,https://place.map.kakao.com/1322358115,2026-08-13T14:18:04+09:00,요청오류,,,,,,403 Client Error: Forbidden for url: https://search.naver.com/search.naver?where=nexearch&query=%EB%B6%80%EC%82%B0+%EB%82%A8%EA%B5%AC+%EB%86%8D%EB%B6%80%EA%BC%AC%EB%A7%88%EA%B9%80%EB%B0%A5+%EB%B3%B8%EC%A0%90
518,비긴에스프레소,부산 남구 대연동 비긴에스프레소,http://place.map.kakao.com/1915537274,2026-08-13T14:18:06+09:00,요청오류,,,,,,403 Client Error: Forbidden for url: https://search.naver.com/search.naver?where=nexearch&query=%EB%B6%80%EC%82%B0+%EB%82%A8%EA%B5%AC+%EB%B9%84%EA%B8%B4%EC%97%90%EC%8A%A4%ED%94%84%EB%A0%88%EC%86%8C
520,빌라드키친,부산 남구 대연동 빌라드키친,https://place.map.kakao.com/1325404883,2026-08-13T14:18:08+09:00,요청오류,,,,,,403 Client Error: Forbidden for url: https://search.naver.com/search.naver?where=nexearch&query=%EB%B6%80%EC%82%B0+%EB%82%A8%EA%B5%AC+%EB%B9%8C%EB%9D%BC%EB%93%9C%ED%82%A4%EC%B9%9C
523,롯데리아 부산대연점,부산 남구 대연동 롯데리아 부산대연점,https://place.map.kakao.com/11737176,2026-08-13T14:18:09+09:00,요청오류,,,,,,403 Client Error: Forbidden for url: https://search.naver.com/search.naver?where=nexearch&query=%EB%B6%80%EC%82%B0+%EB%82%A8%EA%B5%AC+%EB%A1%AF%EB%8D%B0%EB%A6%AC%EC%95%84+%EB%B6%80%EC%82%B0%EB%8C%80%EC%97%B0%EC%A0%90
524,가연장미역국 정찬광안점,부산 남구 대연동 가연장미역국 정찬광안점,https://place.map.kakao.com/1120096072,2026-08-13T14:18:11+09:00,요청오류,,,,,,403 Client Error: Forbidden for url: https://search.naver.com/search.naver?where=nexearch&query=%EB%B6%80%EC%82%B0+%EB%82%A8%EA%B5%AC+%EA%B0%80%EC%97%B0%EC%9E%A5%EB%AF%B8%EC%97%AD%EA%B5%AD+%EC%A0%95%EC%B0%AC%EA%B4%91%EC%95%88%EC%A0%90
526,마마도마,부산 남구 대연동 마마도마,https://place.map.kakao.com/276273820,2026-08-13T14:18:13+09:00,요청오류,,,,,,403 Client Error: Forbidden for url: https://search.naver.com/search.naver?where=nexearch&query=%EB%B6%80%EC%82%B0+%EB%82%A8%EA%B5%AC+%EB%A7%88%EB%A7%88%EB%8F%84%EB%A7%88
528,진주돼지국밥,부산 남구 대연동 진주돼지국밥,https://place.map.kakao.com/222236672,2026-08-13T14:18:15+09:00,요청오류,,,,,,403 Client Error: Forbidden for url: https://search.naver.com/search.naver?where=nexearch&query=%EB%B6%80%EC%82%B0+%EB%82%A8%EA%B5%AC+%EC%A7%84%EC%A3%BC%EB%8F%BC%EC%A7%80%EA%B5%AD%EB%B0%A5
529,소머리곰탕선지국밥,부산 남구 대연동 소머리곰탕선지국밥,https://place.map.kakao.com/618859699,2026-08-13T14:18:16+09:00,요청오류,,,,,,403 Client Error: Forbidden for url: https://search.naver.com/search.naver?where=nexearch&query=%EB%B6%80%EC%82%B0+%EB%82%A8%EA%B5%AC+%EC%86%8C%EB%A8%B8%EB%A6%AC%EA%B3%B0%ED%83%95%EC%84%A0%EC%A7%80%EA%B5%AD%EB%B0%A5
531,잭슨피자 광안리점,부산 남구 대연동 잭슨피자 광안리점,https://place.map.kakao.com/651170164,2026-08-13T14:18:18+09:00,요청오류,,,,,,403 Client Error: Forbidden for url: https://search.naver.com/search.naver?where=nexearch&query=%EB%B6%80%EC%82%B0+%EB%82%A8%EA%B5%AC+%EC%9E%AD%EC%8A%A8%ED%94%BC%EC%9E%90+%EA%B4%91%EC%95%88%EB%A6%AC%EC%A0%90
532,이학수 한옥집김치찜 본점,부산 남구 대연동 이학수 한옥집김치찜 본점,https://place.map.kakao.com/16667117,2026-08-13T14:18:20+09:00,요청오류,,,,,,403 Client Error: Forbidden for url: https://search.naver.com/search.naver?where=nexearch&query=%EB%B6%80%EC%82%B0+%EB%82%A8%EA%B5%AC+%EC%9D%B4%ED%95%99%EC%88%98+%ED%95%9C%EC%98%A5%EC%A7%91%EA%B9%80%EC%B9%98%EC%B0%9C+%EB%B3%B8%EC%A0%90
533,로피,부산 남구 대연동 로피,https://place.map.kakao.com/701353447,2026-08-13T14:18:21+09:00,요청오류,,,,,,403 Client Error: Forbidden for url: https://search.naver.com/search.naver?where=nexearch&query=%EB%B6%80%EC%82%B0+%EB%82%A8%EA%B5%AC+%EB%A1%9C%ED%94%BC
535,거래처,부산 남구 대연동 거래처,https://place.map.kakao.com/1304116579,2026-08-13T14:18:23+09:00,요청오류,,,,,,403 Client Error: Forbidden for url: https://search.naver.com/search.naver?where=nexearch&query=%EB%B6%80%EC%82%B0+%EB%82%A8%EA%B5%AC+%EA%B1%B0%EB%9E%98%EC%B2%98
536,맥도날드 부산황령DT점,부산 남구 대연동 맥도날드 부산황령DT점,https://place.map.kakao.com/21603901,2026-08-13T14:18:25+09:00,요청오류,,,,,,403 Client Error: Forbidden for url: https://search.naver.com/search.naver?where=nexearch&query=%EB%B6%80%EC%82%B0+%EB%82%A8%EA%B5%AC+%EB%A7%A5%EB%8F%84%EB%82%A0%EB%93%9C+%EB%B6%80%EC%82%B0%ED%99%A9%EB%A0%B9DT%EC%A0%90
537,카페051 부경대학교점,부산 남구 대연동 카페051 부경대학교점,http://place.map.kakao.com/1185691927,2026-08-13T14:18:27+09:00,요청오류,,,,,,403 Client Error: Forbidden for url: https://search.naver.com/search.naver?where=nexearch&query=%EB%B6%80%EC%82%B0+%EB%82%A8%EA%B5%AC+%EC%B9%B4%ED%8E%98051+%EB%B6%80%EA%B2%BD%EB%8C%80%ED%95%99%EA%B5%90%EC%A0%90
538,낙원조개오리,부산 남구 대연동 낙원조개오리,https://place.map.kakao.com/18514077,2026-08-13T14:18:29+09:00,요청오류,,,,,,403 Client Error: Forbidden for url: https://search.naver.com/search.naver?where=nexearch&query=%EB%B6%80%EC%82%B0+%EB%82%A8%EA%B5%AC+%EB%82%99%EC%9B%90%EC%A1%B0%EA%B0%9C%EC%98%A4%EB%A6%AC
539,포포스탠드,부산 남구 대연동 포포스탠드,https://place.map.kakao.com/1413718130,2026-08-13T14:18:31+09:00,요청오류,,,,,,403 Client Error: Forbidden for url: https://search.naver.com/search.naver?where=nexearch&query=%EB%B6%80%EC%82%B0+%EB%82%A8%EA%B5%AC+%ED%8F%AC%ED%8F%AC%EC%8A%A4%ED%83%A0%EB%93%9C
540,블랑드블랑,부산 남구 대연동 블랑드블랑,https://place.map.kakao.com/1890104149,2026-08-13T14:18:32+09:00,요청오류,,,,,,403 Client Error: Forbidden for url: https://search.naver.com/search.naver?where=nexearch&query=%EB%B6%80%EC%82%B0+%EB%82%A8%EA%B5%AC+%EB%B8%94%EB%9E%91%EB%93%9C%EB%B8%94%EB%9E%91
541,로더,부산 남구 대연동 로더,http://place.map.kakao.com/1379750637,2026-08-13T14:18:34+09:00,요청오류,,,,,,403 Client Error: Forbidden for url: https://search.naver.com/search.naver?where=nexearch&query=%EB%B6%80%EC%82%B0+%EB%82%A8%EA%B5%AC+%EB%A1%9C%EB%8D%94
542,오디오디,부산 남구 대연동 오디오디,http://place.map.kakao.com/543697639,2026-08-13T14:18:35+09:00,요청오류,,,,,,403 Client Error: Forbidden for url: https://search.naver.com/search.naver?where=nexearch&query=%EB%B6%80%EC%82%B0+%EB%82%A8%EA%B5%AC+%EC%98%A4%EB%94%94%EC%98%A4%EB%94%94
543,대봉찜닭,부산 남구 대연동 대봉찜닭,https://place.map.kakao.com/1922844255,2026-08-13T14:18:37+09:00,요청오류,,,,,,403 Client Error: Forbidden for url: https://search.naver.com/search.naver?where=nexearch&query=%EB%B6%80%EC%82%B0+%EB%82%A8%EA%B5%AC+%EB%8C%80%EB%B4%89%EC%B0%9C%EB%8B%AD
544,플러스84 부산대연점,부산 남구 대연동 플러스84 부산대연점,https://place.map.kakao.com/1645330588,2026-08-13T14:18:39+09:00,요청오류,,,,,,403 Client Error: Forbidden for url: https://search.naver.com/search.naver?where=nexearch&query=%EB%B6%80%EC%82%B0+%EB%82%A8%EA%B5%AC+%ED%94%8C%EB%9F%AC%EC%8A%A484+%EB%B6%80%EC%82%B0%EB%8C%80%EC%97%B0%EC%A0%90
545,다다키친,부산 남구 대연동 다다키친,http://place.map.kakao.com/1475867244,2026-08-13T14:18:40+09:00,요청오류,,,,,,403 Client Error: Forbidden for url: https://search.naver.com/search.naver?where=nexearch&query=%EB%B6%80%EC%82%B0+%EB%82%A8%EA%B5%AC+%EB%8B%A4%EB%8B%A4%ED%82%A4%EC%B9%9C
546,지니프레쉬 대연점,부산 남구 대연동 지니프레쉬 대연점,https://place.map.kakao.com/2070350188,2026-08-13T14:18:42+09:00,요청오류,,,,,,403 Client Error: Forbidden for url: https://search.naver.com/search.naver?where=nexearch&query=%EB%B6%80%EC%82%B0+%EB%82%A8%EA%B5%AC+%EC%A7%80%EB%8B%88%ED%94%84%EB%A0%88%EC%89%AC+%EB%8C%80%EC%97%B0%EC%A0%90
547,발해,부산 남구 대연동 발해,https://place.map.kakao.com/1245383421,2026-08-13T14:18:44+09:00,요청오류,,,,,,403 Client Error: Forbidden for url: https://search.naver.com/search.naver?where=nexearch&query=%EB%B6%80%EC%82%B0+%EB%82%A8%EA%B5%AC+%EB%B0%9C%ED%95%B4
548,북카페 반월 부경대경성대점,부산 남구 대연동 북카페 반월 부경대경성대점,https://place.map.kakao.com/1981479254,2026-08-13T14:18:46+09:00,요청오류,,,,,,403 Client Error: Forbidden for url: https://search.naver.com/search.naver?where=nexearch&query=%EB%B6%80%EC%82%B0+%EB%82%A8%EA%B5%AC+%EB%B6%81%EC%B9%B4%ED%8E%98+%EB%B0%98%EC%9B%94+%EB%B6%80%EA%B2%BD%EB%8C%80%EA%B2%BD%EC%84%B1%EB%8C%80%EC%A0%90
549,전남친순대 남천점,부산 남구 대연동 전남친순대 남천점,https://place.map.kakao.com/185262344,2026-08-13T14:18:47+09:00,요청오류,,,,,,403 Client Error: Forbidden for url: https://search.naver.com/search.naver?where=nexearch&query=%EB%B6%80%EC%82%B0+%EB%82%A8%EA%B5%AC+%EC%A0%84%EB%82%A8%EC%B9%9C%EC%88%9C%EB%8C%80+%EB%82%A8%EC%B2%9C%EC%A0%90
550,텐달러 스테이크 앤 파스타,부산 남구 대연동 텐달러 스테이크 앤 파스타,https://place.map.kakao.com/1543763754,2026-08-13T14:18:49+09:00,요청오류,,,,,,403 Client Error: Forbidden for url: https://search.naver.com/search.naver?where=nexearch&query=%EB%B6%80%EC%82%B0+%EB%82%A8%EA%B5%AC+%ED%85%90%EB%8B%AC%EB%9F%AC+%EC%8A%A4%ED%85%8C%EC%9D%B4%ED%81%AC+%EC%95%A4+%ED%8C%8C%EC%8A%A4%ED%83%80
551,블루샥 더비치푸르지오점,부산 남구 대연동 블루샥 더비치푸르지오점,http://place.map.kakao.com/61198415,2026-08-13T14:18:51+09:00,요청오류,,,,,,403 Client Error: Forbidden for url: https://search.naver.com/search.naver?where=nexearch&query=%EB%B6%80%EC%82%B0+%EB%82%A8%EA%B5%AC+%EB%B8%94%EB%A3%A8%EC%83%A5+%EB%8D%94%EB%B9%84%EC%B9%98%ED%91%B8%EB%A5%B4%EC%A7%80%EC%98%A4%EC%A0%90
552,일미분식,부산 남구 대연동 일미분식,https://place.map.kakao.com/177521026,2026-08-13T14:18:52+09:00,요청오류,,,,,,403 Client Error: Forbidden for url: https://search.naver.com/search.naver?where=nexearch&query=%EB%B6%80%EC%82%B0+%EB%82%A8%EA%B5%AC+%EC%9D%BC%EB%AF%B8%EB%B6%84%EC%8B%9D
553,동동국밥 경성대점,부산 남구 대연동 동동국밥 경성대점,https://place.map.kakao.com/871596632,2026-08-13T14:18:54+09:00,요청오류,,,,,,403 Client Error: Forbidden for url: https://search.naver.com/search.naver?where=nexearch&query=%EB%B6%80%EC%82%B0+%EB%82%A8%EA%B5%AC+%EB%8F%99%EB%8F%99%EA%B5%AD%EB%B0%A5+%EA%B2%BD%EC%84%B1%EB%8C%80%EC%A0%90
554,코이요스시,부산 남구 대연동 코이요스시,https://place.map.kakao.com/129131265,2026-08-13T14:18:56+09:00,요청오류,,,,,,403 Client Error: Forbidden for url: https://search.naver.com/search.naver?where=nexearch&query=%EB%B6%80%EC%82%B0+%EB%82%A8%EA%B5%AC+%EC%BD%94%EC%9D%B4%EC%9A%94%EC%8A%A4%EC%8B%9C
555,엄마손 닭도리탕,부산 남구 대연동 엄마손 닭도리탕,https://place.map.kakao.com/18539490,2026-08-13T14:18:58+09:00,요청오류,,,,,,403 Client Error: Forbidden for url: https://search.naver.com/search.naver?where=nexearch&query=%EB%B6%80%EC%82%B0+%EB%82%A8%EA%B5%AC+%EC%97%84%EB%A7%88%EC%86%90+%EB%8B%AD%EB%8F%84%EB%A6%AC%ED%83%95
556,경성고기,부산 남구 대연동 경성고기,https://place.map.kakao.com/27485979,2026-08-13T14:18:59+09:00,요청오류,,,,,,403 Client Error: Forbidden for url: https://search.naver.com/search.naver?where=nexearch&query=%EB%B6%80%EC%82%B0+%EB%82%A8%EA%B5%AC+%EA%B2%BD%EC%84%B1%EA%B3%A0%EA%B8%B0
558,젊은이의양지 경성대점,부산 남구 대연동 젊은이의양지 경성대점,http://place.map.kakao.com/1253338666,2026-08-13T14:19:01+09:00,요청오류,,,,,,403 Client Error: Forbidden for url: https://search.naver.com/search.naver?where=nexearch&query=%EB%B6%80%EC%82%B0+%EB%82%A8%EA%B5%AC+%EC%A0%8A%EC%9D%80%EC%9D%B4%EC%9D%98%EC%96%91%EC%A7%80+%EA%B2%BD%EC%84%B1%EB%8C%80%EC%A0%90
559,화락짬뽕,부산 남구 대연동 화락짬뽕,https://place.map.kakao.com/268807173,2026-08-13T14:19:02+09:00,요청오류,,,,,,403 Client Error: Forbidden for url: https://search.naver.com/search.naver?where=nexearch&query=%EB%B6%80%EC%82%B0+%EB%82%A8%EA%B5%AC+%ED%99%94%EB%9D%BD%EC%A7%AC%EB%BD%95
561,611WoodFire,부산 남구 대연동 611WoodFire,https://place.map.kakao.com/1415027729,2026-08-13T14:19:04+09:00,요청오류,,,,,,403 Client Error: Forbidden for url: https://search.naver.com/search.naver?where=nexearch&query=%EB%B6%80%EC%82%B0+%EB%82%A8%EA%B5%AC+611WoodFire
562,쌈마이닭쌈밥 대연점,부산 남구 대연동 쌈마이닭쌈밥 대연점,http://place.map.kakao.com/1226128884,2026-08-13T14:19:06+09:00,요청오류,,,,,,403 Client Error: Forbidden for url: https://search.naver.com/search.naver?where=nexearch&query=%EB%B6%80%EC%82%B0+%EB%82%A8%EA%B5%AC+%EC%8C%88%EB%A7%88%EC%9D%B4%EB%8B%AD%EC%8C%88%EB%B0%A5+%EB%8C%80%EC%97%B0%EC%A0%90
563,안동한우갈비,부산 남구 대연동 안동한우갈비,https://place.map.kakao.com/1348637429,2026-08-13T14:19:07+09:00,요청오류,,,,,,403 Client Error: Forbidden for url: https://search.naver.com/search.naver?where=nexearch&query=%EB%B6%80%EC%82%B0+%EB%82%A8%EA%B5%AC+%EC%95%88%EB%8F%99%ED%95%9C%EC%9A%B0%EA%B0%88%EB%B9%84
564,우삼면,부산 남구 대연동 우삼면,http://place.map.kakao.com/1508563080,2026-08-13T14:19:09+09:00,요청오류,,,,,,403 Client Error: Forbidden for url: https://search.naver.com/search.naver?where=nexearch&query=%EB%B6%80%EC%82%B0+%EB%82%A8%EA%B5%AC+%EC%9A%B0%EC%82%BC%EB%A9%B4
565,공감,부산 남구 대연동 공감,https://place.map.kakao.com/416454204,2026-08-13T14:19:11+09:00,요청오류,,,,,,403 Client Error: Forbidden for url: https://search.naver.com/search.naver?where=nexearch&query=%EB%B6%80%EC%82%B0+%EB%82%A8%EA%B5%AC+%EA%B3%B5%EA%B0%90
566,OL'55,부산 남구 대연동 OL'55,https://place.map.kakao.com/545043871,2026-08-13T14:19:12+09:00,요청오류,,,,,,403 Client Error: Forbidden for url: https://search.naver.com/search.naver?where=nexearch&query=%EB%B6%80%EC%82%B0+%EB%82%A8%EA%B5%AC+OL%2755
567,통큰한우,부산 남구 대연동 통큰한우,https://place.map.kakao.com/1192468082,2026-08-13T14:19:14+09:00,요청오류,,,,,,403 Client Error: Forbidden for url: https://search.naver.com/search.naver?where=nexearch&query=%EB%B6%80%EC%82%B0+%EB%82%A8%EA%B5%AC+%ED%86%B5%ED%81%B0%ED%95%9C%EC%9A%B0
568,삼굽살 경성대점,부산 남구 대연동 삼굽살 경성대점,http://place.map.kakao.com/1293756381,2026-08-13T14:19:16+09:00,요청오류,,,,,,403 Client Error: Forbidden for url: https://search.naver.com/search.naver?where=nexearch&query=%EB%B6%80%EC%82%B0+%EB%82%A8%EA%B5%AC+%EC%82%BC%EA%B5%BD%EC%82%B4+%EA%B2%BD%EC%84%B1%EB%8C%80%EC%A0%90
570,하우스커피,부산 남구 대연동 하우스커피,http://place.map.kakao.com/2103096390,2026-08-13T14:19:17+09:00,요청오류,,,,,,403 Client Error: Forbidden for url: https://search.naver.com/search.naver?where=nexearch&query=%EB%B6%80%EC%82%B0+%EB%82%A8%EA%B5%AC+%ED%95%98%EC%9A%B0%EC%8A%A4%EC%BB%A4%ED%94%BC
571,빈스다이닝,부산 남구 대연동 빈스다이닝,https://place.map.kakao.com/566835995,2026-08-13T14:19:19+09:00,요청오류,,,,,,403 Client Error: Forbidden for url: https://search.naver.com/search.naver?where=nexearch&query=%EB%B6%80%EC%82%B0+%EB%82%A8%EA%B5%AC+%EB%B9%88%EC%8A%A4%EB%8B%A4%EC%9D%B4%EB%8B%9D
572,닭발먹은새우 직영본점,부산 남구 대연동 닭발먹은새우 직영본점,https://place.map.kakao.com/1444982286,2026-08-13T14:19:21+09:00,요청오류,,,,,,403 Client Error: Forbidden for url: https://search.naver.com/search.naver?where=nexearch&query=%EB%B6%80%EC%82%B0+%EB%82%A8%EA%B5%AC+%EB%8B%AD%EB%B0%9C%EB%A8%B9%EC%9D%80%EC%83%88%EC%9A%B0+%EC%A7%81%EC%98%81%EB%B3%B8%EC%A0%90
574,꼬망무인키즈카페,부산 남구 대연동 꼬망무인키즈카페,http://place.map.kakao.com/155314596,2026-08-13T14:19:22+09:00,요청오류,,,,,,403 Client Error: Forbidden for url: https://search.naver.com/search.naver?where=nexearch&query=%EB%B6%80%EC%82%B0+%EB%82%A8%EA%B5%AC+%EA%BC%AC%EB%A7%9D%EB%AC%B4%EC%9D%B8%ED%82%A4%EC%A6%88%EC%B9%B4%ED%8E%98
577,오오키니,부산 남구 대연동 오오키니,https://place.map.kakao.com/17736033,2026-08-13T14:19:24+09:00,요청오류,,,,,,403 Client Error: Forbidden for url: https://search.naver.com/search.naver?where=nexearch&query=%EB%B6%80%EC%82%B0+%EB%82%A8%EA%B5%AC+%EC%98%A4%EC%98%A4%ED%82%A4%EB%8B%88
578,백양숯불갈비 본점,부산 남구 대연동 백양숯불갈비 본점,https://place.map.kakao.com/2086757942,2026-08-13T14:19:26+09:00,요청오류,,,,,,403 Client Error: Forbidden for url: https://search.naver.com/search.naver?where=nexearch&query=%EB%B6%80%EC%82%B0+%EB%82%A8%EA%B5%AC+%EB%B0%B1%EC%96%91%EC%88%AF%EB%B6%88%EA%B0%88%EB%B9%84+%EB%B3%B8%EC%A0%90
579,더크로와상,부산 남구 대연동 더크로와상,http://place.map.kakao.com/1562779929,2026-08-13T14:19:28+09:00,요청오류,,,,,,403 Client Error: Forbidden for url: https://search.naver.com/search.naver?where=nexearch&query=%EB%B6%80%EC%82%B0+%EB%82%A8%EA%B5%AC+%EB%8D%94%ED%81%AC%EB%A1%9C%EC%99%80%EC%83%81
580,노랑통닭 대연성당점,부산 남구 대연동 노랑통닭 대연성당점,https://place.map.kakao.com/1926657965,2026-08-13T14:19:29+09:00,요청오류,,,,,,403 Client Error: Forbidden for url: https://search.naver.com/search.naver?where=nexearch&query=%EB%B6%80%EC%82%B0+%EB%82%A8%EA%B5%AC+%EB%85%B8%EB%9E%91%ED%86%B5%EB%8B%AD+%EB%8C%80%EC%97%B0%EC%84%B1%EB%8B%B9%EC%A0%90
581,구백냥곱창,부산 남구 대연동 구백냥곱창,https://place.map.kakao.com/2089787788,2026-08-13T14:19:31+09:00,요청오류,,,,,,403 Client Error: Forbidden for url: https://search.naver.com/search.naver?where=nexearch&query=%EB%B6%80%EC%82%B0+%EB%82%A8%EA%B5%AC+%EA%B5%AC%EB%B0%B1%EB%83%A5%EA%B3%B1%EC%B0%BD
582,용한우 남천점,부산 남구 대연동 용한우 남천점,https://place.map.kakao.com/1241086781,2026-08-13T14:19:33+09:00,요청오류,,,,,,403 Client Error: Forbidden for url: https://search.naver.com/search.naver?where=nexearch&query=%EB%B6%80%EC%82%B0+%EB%82%A8%EA%B5%AC+%EC%9A%A9%ED%95%9C%EC%9A%B0+%EB%82%A8%EC%B2%9C%EC%A0%90
583,숯불애,부산 남구 대연동 숯불애,https://place.map.kakao.com/1830394399,2026-08-13T14:19:34+09:00,요청오류,,,,,,403 Client Error: Forbidden for url: https://search.naver.com/search.naver?where=nexearch&query=%EB%B6%80%EC%82%B0+%EB%82%A8%EA%B5%AC+%EC%88%AF%EB%B6%88%EC%95%A0
584,강인아구찜,부산 남구 대연동 강인아구찜,https://place.map.kakao.com/648477206,2026-08-13T14:19:36+09:00,요청오류,,,,,,403 Client Error: Forbidden for url: https://search.naver.com/search.naver?where=nexearch&query=%EB%B6%80%EC%82%B0+%EB%82%A8%EA%B5%AC+%EA%B0%95%EC%9D%B8%EC%95%84%EA%B5%AC%EC%B0%9C
585,가마치통닭 부산메트로자이점,부산 남구 대연동 가마치통닭 부산메트로자이점,https://place.map.kakao.com/928169264,2026-08-13T14:19:38+09:00,요청오류,,,,,,403 Client Error: Forbidden for url: https://search.naver.com/search.naver?where=nexearch&query=%EB%B6%80%EC%82%B0+%EB%82%A8%EA%B5%AC+%EA%B0%80%EB%A7%88%EC%B9%98%ED%86%B5%EB%8B%AD+%EB%B6%80%EC%82%B0%EB%A9%94%ED%8A%B8%EB%A1%9C%EC%9E%90%EC%9D%B4%EC%A0%90
586,박성환돈까스 남천점,부산 남구 대연동 박성환돈까스 남천점,https://place.map.kakao.com/1795613273,2026-08-13T14:19:39+09:00,요청오류,,,,,,403 Client Error: Forbidden for url: https://search.naver.com/search.naver?where=nexearch&query=%EB%B6%80%EC%82%B0+%EB%82%A8%EA%B5%AC+%EB%B0%95%EC%84%B1%ED%99%98%EB%8F%88%EA%B9%8C%EC%8A%A4+%EB%82%A8%EC%B2%9C%EC%A0%90
587,막창홀릭,부산 남구 대연동 막창홀릭,https://place.map.kakao.com/776154142,2026-08-13T14:19:41+09:00,요청오류,,,,,,403 Client Error: Forbidden for url: https://search.naver.com/search.naver?where=nexearch&query=%EB%B6%80%EC%82%B0+%EB%82%A8%EA%B5%AC+%EB%A7%89%EC%B0%BD%ED%99%80%EB%A6%AD
588,모란주방,부산 남구 대연동 모란주방,http://place.map.kakao.com/2076216065,2026-08-13T14:19:43+09:00,요청오류,,,,,,403 Client Error: Forbidden for url: https://search.naver.com/search.naver?where=nexearch&query=%EB%B6%80%EC%82%B0+%EB%82%A8%EA%B5%AC+%EB%AA%A8%EB%9E%80%EC%A3%BC%EB%B0%A9
589,푸주인 경성대점,부산 남구 대연동 푸주인 경성대점,https://place.map.kakao.com/1594015717,2026-08-13T14:19:46+09:00,요청오류,,,,,,403 Client Error: Forbidden for url: https://search.naver.com/search.naver?where=nexearch&query=%EB%B6%80%EC%82%B0+%EB%82%A8%EA%B5%AC+%ED%91%B8%EC%A3%BC%EC%9D%B8+%EA%B2%BD%EC%84%B1%EB%8C%80%EC%A0%90
590,우리영양탕삼계탕,부산 남구 대연동 우리영양탕삼계탕,https://place.map.kakao.com/1990217856,2026-08-13T14:19:47+09:00,요청오류,,,,,,403 Client Error: Forbidden for url: https://search.naver.com/search.naver?where=nexearch&query=%EB%B6%80%EC%82%B0+%EB%82%A8%EA%B5%AC+%EC%9A%B0%EB%A6%AC%EC%98%81%EC%96%91%ED%83%95%EC%82%BC%EA%B3%84%ED%83%95
591,고기굽는남자 광안리점,부산 남구 대연동 고기굽는남자 광안리점,https://place.map.kakao.com/310644459,2026-08-13T14:19:49+09:00,요청오류,,,,,,403 Client Error: Forbidden for url: https://search.naver.com/search.naver?where=nexearch&query=%EB%B6%80%EC%82%B0+%EB%82%A8%EA%B5%AC+%EA%B3%A0%EA%B8%B0%EA%B5%BD%EB%8A%94%EB%82%A8%EC%9E%90+%EA%B4%91%EC%95%88%EB%A6%AC%EC%A0%90
592,진상 W스퀘어점,부산 남구 대연동 진상 W스퀘어점,https://place.map.kakao.com/917967645,2026-08-13T14:19:50+09:00,요청오류,,,,,,403 Client Error: Forbidden for url: https://search.naver.com/search.naver?where=nexearch&query=%EB%B6%80%EC%82%B0+%EB%82%A8%EA%B5%AC+%EC%A7%84%EC%83%81+W%EC%8A%A4%ED%80%98%EC%96%B4%EC%A0%90
593,김씨화덕 W스퀘어점,부산 남구 대연동 김씨화덕 W스퀘어점,https://place.map.kakao.com/212887824,2026-08-13T14:19:52+09:00,요청오류,,,,,,403 Client Error: Forbidden for url: https://search.naver.com/search.naver?where=nexearch&query=%EB%B6%80%EC%82%B0+%EB%82%A8%EA%B5%AC+%EA%B9%80%EC%94%A8%ED%99%94%EB%8D%95+W%EC%8A%A4%ED%80%98%EC%96%B4%EC%A0%90
594,요달의찜닭&내가닭도리탕이다 용호점,부산 남구 대연동 요달의찜닭&내가닭도리탕이다 용호점,https://place.map.kakao.com/1975428944,2026-08-13T14:19:54+09:00,요청오류,,,,,,403 Client Error: Forbidden for url: https://search.naver.com/search.naver?where=nexearch&query=%EB%B6%80%EC%82%B0+%EB%82%A8%EA%B5%AC+%EC%9A%94%EB%8B%AC%EC%9D%98%EC%B0%9C%EB%8B%AD%26%EB%82%B4%EA%B0%80%EB%8B%AD%EB%8F%84%EB%A6%AC%ED%83%95%EC%9D%B4%EB%8B%A4+%EC%9A%A9%ED%98%B8%EC%A0%90
595,부산곰탕,부산 남구 대연동 부산곰탕,http://place.map.kakao.com/1870859919,2026-08-13T14:19:55+09:00,요청오류,,,,,,403 Client Error: Forbidden for url: https://search.naver.com/search.naver?where=nexearch&query=%EB%B6%80%EC%82%B0+%EB%82%A8%EA%B5%AC+%EB%B6%80%EC%82%B0%EA%B3%B0%ED%83%95
597,다이닝센 부산본점,부산 남구 대연동 다이닝센 부산본점,https://place.map.kakao.com/24937817,2026-08-13T14:19:57+09:00,요청오류,,,,,,403 Client Error: Forbidden for url: https://search.naver.com/search.naver?where=nexearch&query=%EB%B6%80%EC%82%B0+%EB%82%A8%EA%B5%AC+%EB%8B%A4%EC%9D%B4%EB%8B%9D%EC%84%BC+%EB%B6%80%EC%82%B0%EB%B3%B8%EC%A0%90
598,필롱,부산 남구 대연동 필롱,http://place.map.kakao.com/1611933580,2026-08-13T14:19:59+09:00,요청오류,,,,,,403 Client Error: Forbidden for url: https://search.naver.com/search.naver?where=nexearch&query=%EB%B6%80%EC%82%B0+%EB%82%A8%EA%B5%AC+%ED%95%84%EB%A1%B1
599,해시 대연점,부산 남구 대연동 해시 대연점,https://place.map.kakao.com/1696166572,2026-08-13T14:20:01+09:00,요청오류,,,,,,403 Client Error: Forbidden for url: https://search.naver.com/search.naver?where=nexearch&query=%EB%B6%80%EC%82%B0+%EB%82%A8%EA%B5%AC+%ED%95%B4%EC%8B%9C+%EB%8C%80%EC%97%B0%EC%A0%90
600,수심,부산 남구 대연동 수심,http://place.map.kakao.com/253513035,2026-08-13T14:20:02+09:00,요청오류,,,,,,403 Client Error: Forbidden for url: https://search.naver.com/search.naver?where=nexearch&query=%EB%B6%80%EC%82%B0+%EB%82%A8%EA%B5%AC+%EC%88%98%EC%8B%AC
601,이조갈비,부산 남구 대연동 이조갈비,https://place.map.kakao.com/977002363,2026-08-13T14:20:04+09:00,요청오류,,,,,,403 Client Error: Forbidden for url: https://search.naver.com/search.naver?where=nexearch&query=%EB%B6%80%EC%82%B0+%EB%82%A8%EA%B5%AC+%EC%9D%B4%EC%A1%B0%EA%B0%88%EB%B9%84
602,고봉민김밥인 부산남천점,부산 남구 대연동 고봉민김밥인 부산남천점,https://place.map.kakao.com/1233492047,2026-08-13T14:20:06+09:00,요청오류,,,,,,403 Client Error: Forbidden for url: https://search.naver.com/search.naver?where=nexearch&query=%EB%B6%80%EC%82%B0+%EB%82%A8%EA%B5%AC+%EA%B3%A0%EB%B4%89%EB%AF%BC%EA%B9%80%EB%B0%A5%EC%9D%B8+%EB%B6%80%EC%82%B0%EB%82%A8%EC%B2%9C%EC%A0%90
603,구디,부산 남구 대연동 구디,https://place.map.kakao.com/1777192272,2026-08-13T14:20:08+09:00,요청오류,,,,,,403 Client Error: Forbidden for url: https://search.naver.com/search.naver?where=nexearch&query=%EB%B6%80%EC%82%B0+%EB%82%A8%EA%B5%AC+%EA%B5%AC%EB%94%94
604,잘돼지참숯갈비 남천점,부산 남구 대연동 잘돼지참숯갈비 남천점,https://place.map.kakao.com/1952012432,2026-08-13T14:20:09+09:00,요청오류,,,,,,403 Client Error: Forbidden for url: https://search.naver.com/search.naver?where=nexearch&query=%EB%B6%80%EC%82%B0+%EB%82%A8%EA%B5%AC+%EC%9E%98%EB%8F%BC%EC%A7%80%EC%B0%B8%EC%88%AF%EA%B0%88%EB%B9%84+%EB%82%A8%EC%B2%9C%EC%A0%90
605,60계치킨 부산광안점,부산 남구 대연동 60계치킨 부산광안점,https://place.map.kakao.com/300294126,2026-08-13T14:20:11+09:00,요청오류,,,,,,403 Client Error: Forbidden for url: https://search.naver.com/search.naver?where=nexearch&query=%EB%B6%80%EC%82%B0+%EB%82%A8%EA%B5%AC+60%EA%B3%84%EC%B9%98%ED%82%A8+%EB%B6%80%EC%82%B0%EA%B4%91%EC%95%88%EC%A0%90
606,쾩 경성대점,부산 남구 대연동 쾩 경성대점,https://place.map.kakao.com/2122745559,2026-08-13T14:20:13+09:00,요청오류,,,,,,403 Client Error: Forbidden for url: https://search.naver.com/search.naver?where=nexearch&query=%EB%B6%80%EC%82%B0+%EB%82%A8%EA%B5%AC+%EC%BE%A9+%EA%B2%BD%EC%84%B1%EB%8C%80%EC%A0%90
607,대연 참숯불구이,부산 남구 대연동 대연 참숯불구이,https://place.map.kakao.com/1306102224,2026-08-13T14:20:15+09:00,요청오류,,,,,,403 Client Error: Forbidden for url: https://search.naver.com/search.naver?where=nexearch&query=%EB%B6%80%EC%82%B0+%EB%82%A8%EA%B5%AC+%EB%8C%80%EC%97%B0+%EC%B0%B8%EC%88%AF%EB%B6%88%EA%B5%AC%EC%9D%B4
608,아홉달,부산 남구 대연동 아홉달,http://place.map.kakao.com/148336192,2026-08-13T14:20:16+09:00,요청오류,,,,,,403 Client Error: Forbidden for url: https://search.naver.com/search.naver?where=nexearch&query=%EB%B6%80%EC%82%B0+%EB%82%A8%EA%B5%AC+%EC%95%84%ED%99%89%EB%8B%AC
609,네오피자 남구점,부산 남구 대연동 네오피자 남구점,https://place.map.kakao.com/13173408,2026-08-13T14:20:18+09:00,요청오류,,,,,,403 Client Error: Forbidden for url: https://search.naver.com/search.naver?where=nexearch&query=%EB%B6%80%EC%82%B0+%EB%82%A8%EA%B5%AC+%EB%84%A4%EC%98%A4%ED%94%BC%EC%9E%90+%EB%82%A8%EA%B5%AC%EC%A0%90
610,금강반점,부산 남구 대연동 금강반점,http://place.map.kakao.com/8215556,2026-08-13T14:20:20+09:00,요청오류,,,,,,403 Client Error: Forbidden for url: https://search.naver.com/search.naver?where=nexearch&query=%EB%B6%80%EC%82%B0+%EB%82%A8%EA%B5%AC+%EA%B8%88%EA%B0%95%EB%B0%98%EC%A0%90
611,밀라노베이커리,부산 남구 대연동 밀라노베이커리,https://place.map.kakao.com/940202044,2026-08-13T14:20:22+09:00,요청오류,,,,,,403 Client Error: Forbidden for url: https://search.naver.com/search.naver?where=nexearch&query=%EB%B6%80%EC%82%B0+%EB%82%A8%EA%B5%AC+%EB%B0%80%EB%9D%BC%EB%85%B8%EB%B2%A0%EC%9D%B4%EC%BB%A4%EB%A6%AC
612,갱갱덮밥 경성대부경대점,부산 남구 대연동 갱갱덮밥 경성대부경대점,http://place.map.kakao.com/525223340,2026-08-13T14:20:23+09:00,요청오류,,,,,,403 Client Error: Forbidden for url: https://search.naver.com/search.naver?where=nexearch&query=%EB%B6%80%EC%82%B0+%EB%82%A8%EA%B5%AC+%EA%B0%B1%EA%B0%B1%EB%8D%AE%EB%B0%A5+%EA%B2%BD%EC%84%B1%EB%8C%80%EB%B6%80%EA%B2%BD%EB%8C%80%EC%A0%90
613,연어바치,부산 남구 대연동 연어바치,https://place.map.kakao.com/713843470,2026-08-13T14:20:26+09:00,요청오류,,,,,,403 Client Error: Forbidden for url: https://search.naver.com/search.naver?where=nexearch&query=%EB%B6%80%EC%82%B0+%EB%82%A8%EA%B5%AC+%EC%97%B0%EC%96%B4%EB%B0%94%EC%B9%98
615,노는바다,부산 남구 대연동 노는바다,https://place.map.kakao.com/20494577,2026-08-13T14:20:28+09:00,요청오류,,,,,,403 Client Error: Forbidden for url: https://search.naver.com/search.naver?where=nexearch&query=%EB%B6%80%EC%82%B0+%EB%82%A8%EA%B5%AC+%EB%85%B8%EB%8A%94%EB%B0%94%EB%8B%A4
616,타보로,부산 남구 대연동 타보로,http://place.map.kakao.com/1584060565,2026-08-13T14:20:29+09:00,요청오류,,,,,,403 Client Error: Forbidden for url: https://search.naver.com/search.naver?where=nexearch&query=%EB%B6%80%EC%82%B0+%EB%82%A8%EA%B5%AC+%ED%83%80%EB%B3%B4%EB%A1%9C
617,기영이 숯불두마리치킨 부산대연점,부산 남구 대연동 기영이 숯불두마리치킨 부산대연점,https://place.map.kakao.com/664904156,2026-08-13T14:20:31+09:00,요청오류,,,,,,403 Client Error: Forbidden for url: https://search.naver.com/search.naver?where=nexearch&query=%EB%B6%80%EC%82%B0+%EB%82%A8%EA%B5%AC+%EA%B8%B0%EC%98%81%EC%9D%B4+%EC%88%AF%EB%B6%88%EB%91%90%EB%A7%88%EB%A6%AC%EC%B9%98%ED%82%A8+%EB%B6%80%EC%82%B0%EB%8C%80%EC%97%B0%EC%A0%90
618,다케다야,부산 남구 대연동 다케다야,https://place.map.kakao.com/11966356,2026-08-13T14:20:33+09:00,요청오류,,,,,,403 Client Error: Forbidden for url: https://search.naver.com/search.naver?where=nexearch&query=%EB%B6%80%EC%82%B0+%EB%82%A8%EA%B5%AC+%EB%8B%A4%EC%BC%80%EB%8B%A4%EC%95%BC
620,스윗파이,부산 남구 대연동 스윗파이,https://place.map.kakao.com/1877521197,2026-08-13T14:20:35+09:00,요청오류,,,,,,403 Client Error: Forbidden for url: https://search.naver.com/search.naver?where=nexearch&query=%EB%B6%80%EC%82%B0+%EB%82%A8%EA%B5%AC+%EC%8A%A4%EC%9C%97%ED%8C%8C%EC%9D%B4
621,알로하오노,부산 남구 대연동 알로하오노,https://place.map.kakao.com/381155912,2026-08-13T14:20:36+09:00,요청오류,,,,,,403 Client Error: Forbidden for url: https://search.naver.com/search.naver?where=nexearch&query=%EB%B6%80%EC%82%B0+%EB%82%A8%EA%B5%AC+%EC%95%8C%EB%A1%9C%ED%95%98%EC%98%A4%EB%85%B8
622,맘스피자 부산경성대점,부산 남구 대연동 맘스피자 부산경성대점,https://place.map.kakao.com/24199802,2026-08-13T14:20:38+09:00,요청오류,,,,,,403 Client Error: Forbidden for url: https://search.naver.com/search.naver?where=nexearch&query=%EB%B6%80%EC%82%B0+%EB%82%A8%EA%B5%AC+%EB%A7%98%EC%8A%A4%ED%94%BC%EC%9E%90+%EB%B6%80%EC%82%B0%EA%B2%BD%EC%84%B1%EB%8C%80%EC%A0%90
624,처갓집양념치킨 경성부경대점,부산 남구 대연동 처갓집양념치킨 경성부경대점,http://place.map.kakao.com/1533998584,2026-08-13T14:20:40+09:00,요청오류,,,,,,403 Client Error: Forbidden for url: https://search.naver.com/search.naver?where=nexearch&query=%EB%B6%80%EC%82%B0+%EB%82%A8%EA%B5%AC+%EC%B2%98%EA%B0%93%EC%A7%91%EC%96%91%EB%85%90%EC%B9%98%ED%82%A8+%EA%B2%BD%EC%84%B1%EB%B6%80%EA%B2%BD%EB%8C%80%EC%A0%90
625,픽미픽미아이스 경성대점,부산 남구 대연동 픽미픽미아이스 경성대점,http://place.map.kakao.com/318794108,2026-08-13T14:20:42+09:00,요청오류,,,,,,403 Client Error: Forbidden for url: https://search.naver.com/search.naver?where=nexearch&query=%EB%B6%80%EC%82%B0+%EB%82%A8%EA%B5%AC+%ED%94%BD%EB%AF%B8%ED%94%BD%EB%AF%B8%EC%95%84%EC%9D%B4%EC%8A%A4+%EA%B2%BD%EC%84%B1%EB%8C%80%EC%A0%90
627,호세야오리바베큐 남구점,부산 남구 대연동 호세야오리바베큐 남구점,https://place.map.kakao.com/1680579032,2026-08-13T14:20:44+09:00,요청오류,,,,,,403 Client Error: Forbidden for url: https://search.naver.com/search.naver?where=nexearch&query=%EB%B6%80%EC%82%B0+%EB%82%A8%EA%B5%AC+%ED%98%B8%EC%84%B8%EC%95%BC%EC%98%A4%EB%A6%AC%EB%B0%94%EB%B2%A0%ED%81%90+%EB%82%A8%EA%B5%AC%EC%A0%90
628,미친피자 부산남구점,부산 남구 대연동 미친피자 부산남구점,http://place.map.kakao.com/2025813639,2026-08-13T14:20:46+09:00,요청오류,,,,,,403 Client Error: Forbidden for url: https://search.naver.com/search.naver?where=nexearch&query=%EB%B6%80%EC%82%B0+%EB%82%A8%EA%B5%AC+%EB%AF%B8%EC%B9%9C%ED%94%BC%EC%9E%90+%EB%B6%80%EC%82%B0%EB%82%A8%EA%B5%AC%EC%A0%90
629,미츠바,부산 남구 대연동 미츠바,https://place.map.kakao.com/1348809327,2026-08-13T14:20:48+09:00,요청오류,,,,,,403 Client Error: Forbidden for url: https://search.naver.com/search.naver?where=nexearch&query=%EB%B6%80%EC%82%B0+%EB%82%A8%EA%B5%AC+%EB%AF%B8%EC%B8%A0%EB%B0%94
630,이우철 한방누룽지 삼계탕 대연점,부산 남구 대연동 이우철 한방누룽지 삼계탕 대연점,https://place.map.kakao.com/1772388697,2026-08-13T14:20:50+09:00,요청오류,,,,,,403 Client Error: Forbidden for url: https://search.naver.com/search.naver?where=nexearch&query=%EB%B6%80%EC%82%B0+%EB%82%A8%EA%B5%AC+%EC%9D%B4%EC%9A%B0%EC%B2%A0+%ED%95%9C%EB%B0%A9%EB%88%84%EB%A3%BD%EC%A7%80+%EC%82%BC%EA%B3%84%ED%83%95+%EB%8C%80%EC%97%B0%EC%A0%90
631,청년피자 부산남구점,부산 남구 대연동 청년피자 부산남구점,https://place.map.kakao.com/437197907,2026-08-13T14:20:51+09:00,요청오류,,,,,,403 Client Error: Forbidden for url: https://search.naver.com/search.naver?where=nexearch&query=%EB%B6%80%EC%82%B0+%EB%82%A8%EA%B5%AC+%EC%B2%AD%EB%85%84%ED%94%BC%EC%9E%90+%EB%B6%80%EC%82%B0%EB%82%A8%EA%B5%AC%EC%A0%90
632,맘스터치 경성대점,부산 남구 대연동 맘스터치 경성대점,https://place.map.kakao.com/24199802,2026-08-13T14:20:53+09:00,요청오류,,,,,,403 Client Error: Forbidden for url: https://search.naver.com/search.naver?where=nexearch&query=%EB%B6%80%EC%82%B0+%EB%82%A8%EA%B5%AC+%EB%A7%98%EC%8A%A4%ED%84%B0%EC%B9%98+%EA%B2%BD%EC%84%B1%EB%8C%80%EC%A0%90
633,하이스트 광안하운드점,부산 남구 대연동 하이스트 광안하운드점,https://place.map.kakao.com/18559710,2026-08-13T14:20:54+09:00,요청오류,,,,,,403 Client Error: Forbidden for url: https://search.naver.com/search.naver?where=nexearch&query=%EB%B6%80%EC%82%B0+%EB%82%A8%EA%B5%AC+%ED%95%98%EC%9D%B4%EC%8A%A4%ED%8A%B8+%EA%B4%91%EC%95%88%ED%95%98%EC%9A%B4%EB%93%9C%EC%A0%90
634,유일한식탁,부산 남구 대연동 유일한식탁,https://place.map.kakao.com/1961977405,2026-08-13T14:20:56+09:00,요청오류,,,,,,403 Client Error: Forbidden for url: https://search.naver.com/search.naver?where=nexearch&query=%EB%B6%80%EC%82%B0+%EB%82%A8%EA%B5%AC+%EC%9C%A0%EC%9D%BC%ED%95%9C%EC%8B%9D%ED%83%81
635,대연모소리,부산 남구 대연동 대연모소리,https://place.map.kakao.com/947456546,2026-08-13T14:20:57+09:00,요청오류,,,,,,403 Client Error: Forbidden for url: https://search.naver.com/search.naver?where=nexearch&query=%EB%B6%80%EC%82%B0+%EB%82%A8%EA%B5%AC+%EB%8C%80%EC%97%B0%EB%AA%A8%EC%86%8C%EB%A6%AC
636,봉수아피자 부산남구1호점,부산 남구 대연동 봉수아피자 부산남구1호점,http://place.map.kakao.com/224887449,2026-08-13T14:20:59+09:00,요청오류,,,,,,403 Client Error: Forbidden for url: https://search.naver.com/search.naver?where=nexearch&query=%EB%B6%80%EC%82%B0+%EB%82%A8%EA%B5%AC+%EB%B4%89%EC%88%98%EC%95%84%ED%94%BC%EC%9E%90+%EB%B6%80%EC%82%B0%EB%82%A8%EA%B5%AC1%ED%98%B8%EC%A0%90
637,명빈충무김밥 대연점,부산 남구 대연동 명빈충무김밥 대연점,https://place.map.kakao.com/1840757684,2026-08-13T14:21:00+09:00,요청오류,,,,,,403 Client Error: Forbidden for url: https://search.naver.com/search.naver?where=nexearch&query=%EB%B6%80%EC%82%B0+%EB%82%A8%EA%B5%AC+%EB%AA%85%EB%B9%88%EC%B6%A9%EB%AC%B4%EA%B9%80%EB%B0%A5+%EB%8C%80%EC%97%B0%EC%A0%90
638,피오름피자 부산남구점,부산 남구 대연동 피오름피자 부산남구점,https://place.map.kakao.com/133268224,2026-08-13T14:21:02+09:00,요청오류,,,,,,403 Client Error: Forbidden for url: https://search.naver.com/search.naver?where=nexearch&query=%EB%B6%80%EC%82%B0+%EB%82%A8%EA%B5%AC+%ED%94%BC%EC%98%A4%EB%A6%84%ED%94%BC%EC%9E%90+%EB%B6%80%EC%82%B0%EB%82%A8%EA%B5%AC%EC%A0%90
639,만만닭강정 본점,부산 남구 대연동 만만닭강정 본점,https://place.map.kakao.com/2031671287,2026-08-13T14:21:04+09:00,요청오류,,,,,,403 Client Error: Forbidden for url: https://search.naver.com/search.naver?where=nexearch&query=%EB%B6%80%EC%82%B0+%EB%82%A8%EA%B5%AC+%EB%A7%8C%EB%A7%8C%EB%8B%AD%EA%B0%95%EC%A0%95+%EB%B3%B8%EC%A0%90
640,타코짱 수영점,부산 남구 대연동 타코짱 수영점,https://place.map.kakao.com/760309892,2026-08-13T14:21:06+09:00,요청오류,,,,,,403 Client Error: Forbidden for url: https://search.naver.com/search.naver?where=nexearch&query=%EB%B6%80%EC%82%B0+%EB%82%A8%EA%B5%AC+%ED%83%80%EC%BD%94%EC%A7%B1+%EC%88%98%EC%98%81%EC%A0%90
641,신전떡볶이 대연점,부산 남구 대연동 신전떡볶이 대연점,https://place.map.kakao.com/501110390,2026-08-13T14:21:08+09:00,요청오류,,,,,,403 Client Error: Forbidden for url: https://search.naver.com/search.naver?where=nexearch&query=%EB%B6%80%EC%82%B0+%EB%82%A8%EA%B5%AC+%EC%8B%A0%EC%A0%84%EB%96%A1%EB%B3%B6%EC%9D%B4+%EB%8C%80%EC%97%B0%EC%A0%90
642,홍곳간 남천본점,부산 남구 대연동 홍곳간 남천본점,https://place.map.kakao.com/731839004,2026-08-13T14:21:10+09:00,요청오류,,,,,,403 Client Error: Forbidden for url: https://search.naver.com/search.naver?where=nexearch&query=%EB%B6%80%EC%82%B0+%EB%82%A8%EA%B5%AC+%ED%99%8D%EA%B3%B3%EA%B0%84+%EB%82%A8%EC%B2%9C%EB%B3%B8%EC%A0%90
643,유가네닭갈비 대연점,부산 남구 대연동 유가네닭갈비 대연점,https://place.map.kakao.com/898992234,2026-08-13T14:21:11+09:00,요청오류,,,,,,403 Client Error: Forbidden for url: https://search.naver.com/search.naver?where=nexearch&query=%EB%B6%80%EC%82%B0+%EB%82%A8%EA%B5%AC+%EC%9C%A0%EA%B0%80%EB%84%A4%EB%8B%AD%EA%B0%88%EB%B9%84+%EB%8C%80%EC%97%B0%EC%A0%90
644,오꾸닭 대연점,부산 남구 대연동 오꾸닭 대연점,https://place.map.kakao.com/12885882,2026-08-13T14:21:13+09:00,요청오류,,,,,,403 Client Error: Forbidden for url: https://search.naver.com/search.naver?where=nexearch&query=%EB%B6%80%EC%82%B0+%EB%82%A8%EA%B5%AC+%EC%98%A4%EA%BE%B8%EB%8B%AD+%EB%8C%80%EC%97%B0%EC%A0%90
645,미까뚜까,부산 남구 대연동 미까뚜까,https://place.map.kakao.com/2085441556,2026-08-13T14:21:15+09:00,요청오류,,,,,,403 Client Error: Forbidden for url: https://search.naver.com/search.naver?where=nexearch&query=%EB%B6%80%EC%82%B0+%EB%82%A8%EA%B5%AC+%EB%AF%B8%EA%B9%8C%EB%9A%9C%EA%B9%8C
646,부산돼지국밥,부산 남구 대연동 부산돼지국밥,https://place.map.kakao.com/23875144,2026-08-13T14:21:17+09:00,요청오류,,,,,,403 Client Error: Forbidden for url: https://search.naver.com/search.naver?where=nexearch&query=%EB%B6%80%EC%82%B0+%EB%82%A8%EA%B5%AC+%EB%B6%80%EC%82%B0%EB%8F%BC%EC%A7%80%EA%B5%AD%EB%B0%A5
647,솔탭하우스,부산 남구 대연동 솔탭하우스,https://place.map.kakao.com/1703285478,2026-08-13T14:21:18+09:00,요청오류,,,,,,403 Client Error: Forbidden for url: https://search.naver.com/search.naver?where=nexearch&query=%EB%B6%80%EC%82%B0+%EB%82%A8%EA%B5%AC+%EC%86%94%ED%83%AD%ED%95%98%EC%9A%B0%EC%8A%A4
648,이쯔모 창코나베전문점,부산 남구 대연동 이쯔모 창코나베전문점,https://place.map.kakao.com/1193019330,2026-08-13T14:21:20+09:00,요청오류,,,,,,403 Client Error: Forbidden for url: https://search.naver.com/search.naver?where=nexearch&query=%EB%B6%80%EC%82%B0+%EB%82%A8%EA%B5%AC+%EC%9D%B4%EC%AF%94%EB%AA%A8+%EC%B0%BD%EC%BD%94%EB%82%98%EB%B2%A0%EC%A0%84%EB%AC%B8%EC%A0%90
649,역시한우,부산 남구 대연동 역시한우,https://place.map.kakao.com/732043195,2026-08-13T14:21:21+09:00,요청오류,,,,,,403 Client Error: Forbidden for url: https://search.naver.com/search.naver?where=nexearch&query=%EB%B6%80%EC%82%B0+%EB%82%A8%EA%B5%AC+%EC%97%AD%EC%8B%9C%ED%95%9C%EC%9A%B0
650,무진장,부산 남구 대연동 무진장,http://place.map.kakao.com/865088762,2026-08-13T14:21:23+09:00,요청오류,,,,,,403 Client Error: Forbidden for url: https://search.naver.com/search.naver?where=nexearch&query=%EB%B6%80%EC%82%B0+%EB%82%A8%EA%B5%AC+%EB%AC%B4%EC%A7%84%EC%9E%A5
651,W 옵스 드마히니,부산 남구 대연동 W 옵스 드마히니,https://place.map.kakao.com/778393817,2026-08-13T14:21:25+09:00,요청오류,,,,,,403 Client Error: Forbidden for url: https://search.naver.com/search.naver?where=nexearch&query=%EB%B6%80%EC%82%B0+%EB%82%A8%EA%B5%AC+W+%EC%98%B5%EC%8A%A4+%EB%93%9C%EB%A7%88%ED%9E%88%EB%8B%88
652,화덕훈제오리&통삼겹&호랑이갈비찜 남천점,부산 남구 대연동 화덕훈제오리&통삼겹&호랑이갈비찜 남천점,https://place.map.kakao.com/707171779,2026-08-13T14:21:26+09:00,요청오류,,,,,,403 Client Error: Forbidden for url: https://search.naver.com/search.naver?where=nexearch&query=%EB%B6%80%EC%82%B0+%EB%82%A8%EA%B5%AC+%ED%99%94%EB%8D%95%ED%9B%88%EC%A0%9C%EC%98%A4%EB%A6%AC%26%ED%86%B5%EC%82%BC%EA%B2%B9%26%ED%98%B8%EB%9E%91%EC%9D%B4%EA%B0%88%EB%B9%84%EC%B0%9C+%EB%82%A8%EC%B2%9C%EC%A0%90
654,써브웨이 경성대점,부산 남구 대연동 써브웨이 경성대점,https://place.map.kakao.com/229637130,2026-08-13T14:21:28+09:00,요청오류,,,,,,403 Client Error: Forbidden for url: https://search.naver.com/search.naver?where=nexearch&query=%EB%B6%80%EC%82%B0+%EB%82%A8%EA%B5%AC+%EC%8D%A8%EB%B8%8C%EC%9B%A8%EC%9D%B4+%EA%B2%BD%EC%84%B1%EB%8C%80%EC%A0%90
655,참새주막,부산 남구 대연동 참새주막,https://place.map.kakao.com/1533990137,2026-08-13T14:21:30+09:00,요청오류,,,,,,403 Client Error: Forbidden for url: https://search.naver.com/search.naver?where=nexearch&query=%EB%B6%80%EC%82%B0+%EB%82%A8%EA%B5%AC+%EC%B0%B8%EC%83%88%EC%A3%BC%EB%A7%89
656,우연 초신선 한우육회와 최상급 딥스킨연어,부산 남구 대연동 우연 초신선 한우육회와 최상급 딥스킨연어,https://place.map.kakao.com/8110133,2026-08-13T14:21:32+09:00,요청오류,,,,,,403 Client Error: Forbidden for url: https://search.naver.com/search.naver?where=nexearch&query=%EB%B6%80%EC%82%B0+%EB%82%A8%EA%B5%AC+%EC%9A%B0%EC%97%B0+%EC%B4%88%EC%8B%A0%EC%84%A0+%ED%95%9C%EC%9A%B0%EC%9C%A1%ED%9A%8C%EC%99%80+%EC%B5%9C%EC%83%81%EA%B8%89+%EB%94%A5%EC%8A%A4%ED%82%A8%EC%97%B0%EC%96%B4
657,히스피 대연점,부산 남구 대연동 히스피 대연점,https://place.map.kakao.com/897774224,2026-08-13T14:21:34+09:00,요청오류,,,,,,403 Client Error: Forbidden for url: https://search.naver.com/search.naver?where=nexearch&query=%EB%B6%80%EC%82%B0+%EB%82%A8%EA%B5%AC+%ED%9E%88%EC%8A%A4%ED%94%BC+%EB%8C%80%EC%97%B0%EC%A0%90
659,처갓집양념치킨 대연점,부산 남구 대연동 처갓집양념치킨 대연점,https://place.map.kakao.com/16956786,2026-08-13T14:21:35+09:00,요청오류,,,,,,403 Client Error: Forbidden for url: https://search.naver.com/search.naver?where=nexearch&query=%EB%B6%80%EC%82%B0+%EB%82%A8%EA%B5%AC+%EC%B2%98%EA%B0%93%EC%A7%91%EC%96%91%EB%85%90%EC%B9%98%ED%82%A8+%EB%8C%80%EC%97%B0%EC%A0%90
660,찐숯불치킨,부산 남구 대연동 찐숯불치킨,https://place.map.kakao.com/615450666,2026-08-13T14:21:37+09:00,요청오류,,,,,,403 Client Error: Forbidden for url: https://search.naver.com/search.naver?where=nexearch&query=%EB%B6%80%EC%82%B0+%EB%82%A8%EA%B5%AC+%EC%B0%90%EC%88%AF%EB%B6%88%EC%B9%98%ED%82%A8
661,스시투어 경성대점,부산 남구 대연동 스시투어 경성대점,https://place.map.kakao.com/1409489919,2026-08-13T14:21:39+09:00,요청오류,,,,,,403 Client Error: Forbidden for url: https://search.naver.com/search.naver?where=nexearch&query=%EB%B6%80%EC%82%B0+%EB%82%A8%EA%B5%AC+%EC%8A%A4%EC%8B%9C%ED%88%AC%EC%96%B4+%EA%B2%BD%EC%84%B1%EB%8C%80%EC%A0%90
662,집밥,부산 남구 대연동 집밥,http://place.map.kakao.com/1109263068,2026-08-13T14:21:41+09:00,요청오류,,,,,,403 Client Error: Forbidden for url: https://search.naver.com/search.naver?where=nexearch&query=%EB%B6%80%EC%82%B0+%EB%82%A8%EA%B5%AC+%EC%A7%91%EB%B0%A5
663,경성맨숀,부산 남구 대연동 경성맨숀,http://place.map.kakao.com/719330025,2026-08-13T14:21:42+09:00,요청오류,,,,,,403 Client Error: Forbidden for url: https://search.naver.com/search.naver?where=nexearch&query=%EB%B6%80%EC%82%B0+%EB%82%A8%EA%B5%AC+%EA%B2%BD%EC%84%B1%EB%A7%A8%EC%88%80
664,초힛사츠,부산 남구 대연동 초힛사츠,https://place.map.kakao.com/1771595564,2026-08-13T14:21:44+09:00,요청오류,,,,,,403 Client Error: Forbidden for url: https://search.naver.com/search.naver?where=nexearch&query=%EB%B6%80%EC%82%B0+%EB%82%A8%EA%B5%AC+%EC%B4%88%ED%9E%9B%EC%82%AC%EC%B8%A0
665,본스치킨 광안리점,부산 남구 대연동 본스치킨 광안리점,https://place.map.kakao.com/996108366,2026-08-13T14:21:46+09:00,요청오류,,,,,,403 Client Error: Forbidden for url: https://search.naver.com/search.naver?where=nexearch&query=%EB%B6%80%EC%82%B0+%EB%82%A8%EA%B5%AC+%EB%B3%B8%EC%8A%A4%EC%B9%98%ED%82%A8+%EA%B4%91%EC%95%88%EB%A6%AC%EC%A0%90
666,하나돈까스 남천점,부산 남구 대연동 하나돈까스 남천점,https://place.map.kakao.com/8632637,2026-08-13T14:21:48+09:00,요청오류,,,,,,403 Client Error: Forbidden for url: https://search.naver.com/search.naver?where=nexearch&query=%EB%B6%80%EC%82%B0+%EB%82%A8%EA%B5%AC+%ED%95%98%EB%82%98%EB%8F%88%EA%B9%8C%EC%8A%A4+%EB%82%A8%EC%B2%9C%EC%A0%90
667,맛있는순두부&amp;김치찜 경성대점,부산 남구 대연동 맛있는순두부&amp;김치찜 경성대점,https://place.map.kakao.com/18539510,2026-08-13T14:21:50+09:00,요청오류,,,,,,403 Client Error: Forbidden for url: https://search.naver.com/search.naver?where=nexearch&query=%EB%B6%80%EC%82%B0+%EB%82%A8%EA%B5%AC+%EB%A7%9B%EC%9E%88%EB%8A%94%EC%88%9C%EB%91%90%EB%B6%80%26amp%3B%EA%B9%80%EC%B9%98%EC%B0%9C+%EA%B2%BD%EC%84%B1%EB%8C%80%EC%A0%90
668,오빠막창 남구점,부산 남구 대연동 오빠막창 남구점,https://place.map.kakao.com/1609666370,2026-08-13T14:21:52+09:00,요청오류,,,,,,403 Client Error: Forbidden for url: https://search.naver.com/search.naver?where=nexearch&query=%EB%B6%80%EC%82%B0+%EB%82%A8%EA%B5%AC+%EC%98%A4%EB%B9%A0%EB%A7%89%EC%B0%BD+%EB%82%A8%EA%B5%AC%EC%A0%90
669,코코노카,부산 남구 대연동 코코노카,http://place.map.kakao.com/1624809693,2026-08-13T14:21:54+09:00,요청오류,,,,,,403 Client Error: Forbidden for url: https://search.naver.com/search.naver?where=nexearch&query=%EB%B6%80%EC%82%B0+%EB%82%A8%EA%B5%AC+%EC%BD%94%EC%BD%94%EB%85%B8%EC%B9%B4
670,미진축산 대연점,부산 남구 대연동 미진축산 대연점,https://place.map.kakao.com/1113392982,2026-08-13T14:21:56+09:00,요청오류,,,,,,403 Client Error: Forbidden for url: https://search.naver.com/search.naver?where=nexearch&query=%EB%B6%80%EC%82%B0+%EB%82%A8%EA%B5%AC+%EB%AF%B8%EC%A7%84%EC%B6%95%EC%82%B0+%EB%8C%80%EC%97%B0%EC%A0%90
671,하도 이자카야,부산 남구 대연동 하도 이자카야,https://place.map.kakao.com/1639332633,2026-08-13T14:21:57+09:00,요청오류,,,,,,403 Client Error: Forbidden for url: https://search.naver.com/search.naver?where=nexearch&query=%EB%B6%80%EC%82%B0+%EB%82%A8%EA%B5%AC+%ED%95%98%EB%8F%84+%EC%9D%B4%EC%9E%90%EC%B9%B4%EC%95%BC
672,마라섬 경성대부경대점,부산 남구 대연동 마라섬 경성대부경대점,https://place.map.kakao.com/659249915,2026-08-13T14:21:59+09:00,요청오류,,,,,,403 Client Error: Forbidden for url: https://search.naver.com/search.naver?where=nexearch&query=%EB%B6%80%EC%82%B0+%EB%82%A8%EA%B5%AC+%EB%A7%88%EB%9D%BC%EC%84%AC+%EA%B2%BD%EC%84%B1%EB%8C%80%EB%B6%80%EA%B2%BD%EB%8C%80%EC%A0%90
673,우보옥,부산 남구 대연동 우보옥,https://place.map.kakao.com/355135684,2026-08-13T14:22:01+09:00,요청오류,,,,,,403 Client Error: Forbidden for url: https://search.naver.com/search.naver?where=nexearch&query=%EB%B6%80%EC%82%B0+%EB%82%A8%EA%B5%AC+%EC%9A%B0%EB%B3%B4%EC%98%A5
674,두남자이야기,부산 남구 대연동 두남자이야기,https://place.map.kakao.com/616254870,2026-08-13T14:22:02+09:00,요청오류,,,,,,403 Client Error: Forbidden for url: https://search.naver.com/search.naver?where=nexearch&query=%EB%B6%80%EC%82%B0+%EB%82%A8%EA%B5%AC+%EB%91%90%EB%82%A8%EC%9E%90%EC%9D%B4%EC%95%BC%EA%B8%B0
676,피자덕 대연점,부산 남구 대연동 피자덕 대연점,https://place.map.kakao.com/2102368649,2026-08-13T14:22:04+09:00,요청오류,,,,,,403 Client Error: Forbidden for url: https://search.naver.com/search.naver?where=nexearch&query=%EB%B6%80%EC%82%B0+%EB%82%A8%EA%B5%AC+%ED%94%BC%EC%9E%90%EB%8D%95+%EB%8C%80%EC%97%B0%EC%A0%90
677,쌀통닭 대연혁신점,부산 남구 대연동 쌀통닭 대연혁신점,https://place.map.kakao.com/23250484,2026-08-13T14:22:06+09:00,요청오류,,,,,,403 Client Error: Forbidden for url: https://search.naver.com/search.naver?where=nexearch&query=%EB%B6%80%EC%82%B0+%EB%82%A8%EA%B5%AC+%EC%8C%80%ED%86%B5%EB%8B%AD+%EB%8C%80%EC%97%B0%ED%98%81%EC%8B%A0%EC%A0%90
679,압구정김밥 남천점,부산 남구 대연동 압구정김밥 남천점,https://place.map.kakao.com/9915098,2026-08-13T14:22:08+09:00,요청오류,,,,,,403 Client Error: Forbidden for url: https://search.naver.com/search.naver?where=nexearch&query=%EB%B6%80%EC%82%B0+%EB%82%A8%EA%B5%AC+%EC%95%95%EA%B5%AC%EC%A0%95%EA%B9%80%EB%B0%A5+%EB%82%A8%EC%B2%9C%EC%A0%90
680,달봉이떡볶이,부산 남구 대연동 달봉이떡볶이,https://place.map.kakao.com/1722341245,2026-08-13T14:22:10+09:00,요청오류,,,,,,403 Client Error: Forbidden for url: https://search.naver.com/search.naver?where=nexearch&query=%EB%B6%80%EC%82%B0+%EB%82%A8%EA%B5%AC+%EB%8B%AC%EB%B4%89%EC%9D%B4%EB%96%A1%EB%B3%B6%EC%9D%B4
681,삼국 남천본점,부산 남구 대연동 삼국 남천본점,https://place.map.kakao.com/957126890,2026-08-13T14:22:12+09:00,요청오류,,,,,,403 Client Error: Forbidden for url: https://search.naver.com/search.naver?where=nexearch&query=%EB%B6%80%EC%82%B0+%EB%82%A8%EA%B5%AC+%EC%82%BC%EA%B5%AD+%EB%82%A8%EC%B2%9C%EB%B3%B8%EC%A0%90
682,웅장상회 광안리점,부산 남구 대연동 웅장상회 광안리점,https://place.map.kakao.com/28614943,2026-08-13T14:22:13+09:00,요청오류,,,,,,403 Client Error: Forbidden for url: https://search.naver.com/search.naver?where=nexearch&query=%EB%B6%80%EC%82%B0+%EB%82%A8%EA%B5%AC+%EC%9B%85%EC%9E%A5%EC%83%81%ED%9A%8C+%EA%B4%91%EC%95%88%EB%A6%AC%EC%A0%90
683,캔 엄마식당,부산 남구 대연동 캔 엄마식당,http://place.map.kakao.com/1783959582,2026-08-13T14:22:15+09:00,요청오류,,,,,,403 Client Error: Forbidden for url: https://search.naver.com/search.naver?where=nexearch&query=%EB%B6%80%EC%82%B0+%EB%82%A8%EA%B5%AC+%EC%BA%94+%EC%97%84%EB%A7%88%EC%8B%9D%EB%8B%B9
684,남썬 치킨 W스퀘어점,부산 남구 대연동 남썬 치킨 W스퀘어점,https://place.map.kakao.com/1895581375,2026-08-13T14:22:17+09:00,요청오류,,,,,,403 Client Error: Forbidden for url: https://search.naver.com/search.naver?where=nexearch&query=%EB%B6%80%EC%82%B0+%EB%82%A8%EA%B5%AC+%EB%82%A8%EC%8D%AC+%EC%B9%98%ED%82%A8+W%EC%8A%A4%ED%80%98%EC%96%B4%EC%A0%90
685,애착,부산 남구 대연동 애착,http://place.map.kakao.com/795044905,2026-08-13T14:22:19+09:00,요청오류,,,,,,403 Client Error: Forbidden for url: https://search.naver.com/search.naver?where=nexearch&query=%EB%B6%80%EC%82%B0+%EB%82%A8%EA%B5%AC+%EC%95%A0%EC%B0%A9
686,남송,부산 남구 대연동 남송,https://place.map.kakao.com/13271494,2026-08-13T14:22:20+09:00,요청오류,,,,,,403 Client Error: Forbidden for url: https://search.naver.com/search.naver?where=nexearch&query=%EB%B6%80%EC%82%B0+%EB%82%A8%EA%B5%AC+%EB%82%A8%EC%86%A1
687,샤브올 경성대점,부산 남구 대연동 샤브올 경성대점,https://place.map.kakao.com/1865027752,2026-08-13T14:22:22+09:00,요청오류,,,,,,403 Client Error: Forbidden for url: https://search.naver.com/search.naver?where=nexearch&query=%EB%B6%80%EC%82%B0+%EB%82%A8%EA%B5%AC+%EC%83%A4%EB%B8%8C%EC%98%AC+%EA%B2%BD%EC%84%B1%EB%8C%80%EC%A0%90
688,크라운닭발 대연동점,부산 남구 대연동 크라운닭발 대연동점,https://place.map.kakao.com/606834301,2026-08-13T14:22:24+09:00,요청오류,,,,,,403 Client Error: Forbidden for url: https://search.naver.com/search.naver?where=nexearch&query=%EB%B6%80%EC%82%B0+%EB%82%A8%EA%B5%AC+%ED%81%AC%EB%9D%BC%EC%9A%B4%EB%8B%AD%EB%B0%9C+%EB%8C%80%EC%97%B0%EB%8F%99%EC%A0%90
689,BBQ치킨 부산경성대점,부산 남구 대연동 BBQ치킨 부산경성대점,https://place.map.kakao.com/857038960,2026-08-13T14:22:26+09:00,요청오류,,,,,,403 Client Error: Forbidden for url: https://search.naver.com/search.naver?where=nexearch&query=%EB%B6%80%EC%82%B0+%EB%82%A8%EA%B5%AC+BBQ%EC%B9%98%ED%82%A8+%EB%B6%80%EC%82%B0%EA%B2%BD%EC%84%B1%EB%8C%80%EC%A0%90
690,BHC치킨 부산대연점,부산 남구 대연동 BHC치킨 부산대연점,https://place.map.kakao.com/2103052451,2026-08-13T14:22:27+09:00,요청오류,,,,,,403 Client Error: Forbidden for url: https://search.naver.com/search.naver?where=nexearch&query=%EB%B6%80%EC%82%B0+%EB%82%A8%EA%B5%AC+BHC%EC%B9%98%ED%82%A8+%EB%B6%80%EC%82%B0%EB%8C%80%EC%97%B0%EC%A0%90
691,사천훠궈양꼬치,부산 남구 대연동 사천훠궈양꼬치,http://place.map.kakao.com/248994467,2026-08-13T14:22:29+09:00,요청오류,,,,,,403 Client Error: Forbidden for url: https://search.naver.com/search.naver?where=nexearch&query=%EB%B6%80%EC%82%B0+%EB%82%A8%EA%B5%AC+%EC%82%AC%EC%B2%9C%ED%9B%A0%EA%B6%88%EC%96%91%EA%BC%AC%EC%B9%98
692,먹음직뼈감자탕 대연점,부산 남구 대연동 먹음직뼈감자탕 대연점,https://place.map.kakao.com/634938376,2026-08-13T14:22:31+09:00,요청오류,,,,,,403 Client Error: Forbidden for url: https://search.naver.com/search.naver?where=nexearch&query=%EB%B6%80%EC%82%B0+%EB%82%A8%EA%B5%AC+%EB%A8%B9%EC%9D%8C%EC%A7%81%EB%BC%88%EA%B0%90%EC%9E%90%ED%83%95+%EB%8C%80%EC%97%B0%EC%A0%90
694,엄나무녹두삼계탕,부산 남구 대연동 엄나무녹두삼계탕,https://place.map.kakao.com/14617421,2026-08-13T14:22:33+09:00,요청오류,,,,,,403 Client Error: Forbidden for url: https://search.naver.com/search.naver?where=nexearch&query=%EB%B6%80%EC%82%B0+%EB%82%A8%EA%B5%AC+%EC%97%84%EB%82%98%EB%AC%B4%EB%85%B9%EB%91%90%EC%82%BC%EA%B3%84%ED%83%95
695,버텍스 경성대부경대점,부산 남구 대연동 버텍스 경성대부경대점,http://place.map.kakao.com/770170270,2026-08-13T14:22:35+09:00,요청오류,,,,,,403 Client Error: Forbidden for url: https://search.naver.com/search.naver?where=nexearch&query=%EB%B6%80%EC%82%B0+%EB%82%A8%EA%B5%AC+%EB%B2%84%ED%85%8D%EC%8A%A4+%EA%B2%BD%EC%84%B1%EB%8C%80%EB%B6%80%EA%B2%BD%EB%8C%80%EC%A0%90
696,로스구이집,부산 남구 대연동 로스구이집,https://place.map.kakao.com/1623618406,2026-08-13T14:22:36+09:00,요청오류,,,,,,403 Client Error: Forbidden for url: https://search.naver.com/search.naver?where=nexearch&query=%EB%B6%80%EC%82%B0+%EB%82%A8%EA%B5%AC+%EB%A1%9C%EC%8A%A4%EA%B5%AC%EC%9D%B4%EC%A7%91
697,빡벳 부경대점,부산 남구 대연동 빡벳 부경대점,http://place.map.kakao.com/1475426225,2026-08-13T14:22:38+09:00,요청오류,,,,,,403 Client Error: Forbidden for url: https://search.naver.com/search.naver?where=nexearch&query=%EB%B6%80%EC%82%B0+%EB%82%A8%EA%B5%AC+%EB%B9%A1%EB%B2%B3+%EB%B6%80%EA%B2%BD%EB%8C%80%EC%A0%90
698,스몰굿커피 부경대점,부산 남구 대연동 스몰굿커피 부경대점,http://place.map.kakao.com/1858698605,2026-08-13T14:22:40+09:00,요청오류,,,,,,403 Client Error: Forbidden for url: https://search.naver.com/search.naver?where=nexearch&query=%EB%B6%80%EC%82%B0+%EB%82%A8%EA%B5%AC+%EC%8A%A4%EB%AA%B0%EA%B5%BF%EC%BB%A4%ED%94%BC+%EB%B6%80%EA%B2%BD%EB%8C%80%EC%A0%90
699,양화옥,부산 남구 대연동 양화옥,https://place.map.kakao.com/517799821,2026-08-13T14:22:41+09:00,요청오류,,,,,,403 Client Error: Forbidden for url: https://search.naver.com/search.naver?where=nexearch&query=%EB%B6%80%EC%82%B0+%EB%82%A8%EA%B5%AC+%EC%96%91%ED%99%94%EC%98%A5
701,파우제독,부산 남구 대연동 파우제독,http://place.map.kakao.com/596127082,2026-08-13T14:22:43+09:00,요청오류,,,,,,403 Client Error: Forbidden for url: https://search.naver.com/search.naver?where=nexearch&query=%EB%B6%80%EC%82%B0+%EB%82%A8%EA%B5%AC+%ED%8C%8C%EC%9A%B0%EC%A0%9C%EB%8F%85
703,아보갤러리,부산 남구 대연동 아보갤러리,http://place.map.kakao.com/549771739,2026-08-13T14:22:45+09:00,요청오류,,,,,,403 Client Error: Forbidden for url: https://search.naver.com/search.naver?where=nexearch&query=%EB%B6%80%EC%82%B0+%EB%82%A8%EA%B5%AC+%EC%95%84%EB%B3%B4%EA%B0%A4%EB%9F%AC%EB%A6%AC
704,치킨과요리의 만남 대연점,부산 남구 대연동 치킨과요리의 만남 대연점,https://place.map.kakao.com/442974935,2026-08-13T14:22:47+09:00,요청오류,,,,,,403 Client Error: Forbidden for url: https://search.naver.com/search.naver?where=nexearch&query=%EB%B6%80%EC%82%B0+%EB%82%A8%EA%B5%AC+%EC%B9%98%ED%82%A8%EA%B3%BC%EC%9A%94%EB%A6%AC%EC%9D%98+%EB%A7%8C%EB%82%A8+%EB%8C%80%EC%97%B0%EC%A0%90
705,돌돌집,부산 남구 대연동 돌돌집,https://place.map.kakao.com/1291258782,2026-08-13T14:22:49+09:00,요청오류,,,,,,403 Client Error: Forbidden for url: https://search.naver.com/search.naver?where=nexearch&query=%EB%B6%80%EC%82%B0+%EB%82%A8%EA%B5%AC+%EB%8F%8C%EB%8F%8C%EC%A7%91
707,씨네마맥주 부산 수영구청점,부산 남구 대연동 씨네마맥주 부산 수영구청점,https://place.map.kakao.com/1178303429,2026-08-13T14:22:51+09:00,요청오류,,,,,,403 Client Error: Forbidden for url: https://search.naver.com/search.naver?where=nexearch&query=%EB%B6%80%EC%82%B0+%EB%82%A8%EA%B5%AC+%EC%94%A8%EB%84%A4%EB%A7%88%EB%A7%A5%EC%A3%BC+%EB%B6%80%EC%82%B0+%EC%88%98%EC%98%81%EA%B5%AC%EC%B2%AD%EC%A0%90
708,무무 피자,부산 남구 대연동 무무 피자,https://place.map.kakao.com/809195179,2026-08-13T14:22:52+09:00,요청오류,,,,,,403 Client Error: Forbidden for url: https://search.naver.com/search.naver?where=nexearch&query=%EB%B6%80%EC%82%B0+%EB%82%A8%EA%B5%AC+%EB%AC%B4%EB%AC%B4+%ED%94%BC%EC%9E%90
709,허브앤솔,부산 남구 대연동 허브앤솔,https://place.map.kakao.com/16347004,2026-08-13T14:22:54+09:00,요청오류,,,,,,403 Client Error: Forbidden for url: https://search.naver.com/search.naver?where=nexearch&query=%EB%B6%80%EC%82%B0+%EB%82%A8%EA%B5%AC+%ED%97%88%EB%B8%8C%EC%95%A4%EC%86%94
710,그레이핍플 경성대점,부산 남구 대연동 그레이핍플 경성대점,https://place.map.kakao.com/24199802,2026-08-13T14:22:56+09:00,요청오류,,,,,,403 Client Error: Forbidden for url: https://search.naver.com/search.naver?where=nexearch&query=%EB%B6%80%EC%82%B0+%EB%82%A8%EA%B5%AC+%EA%B7%B8%EB%A0%88%EC%9D%B4%ED%95%8D%ED%94%8C+%EA%B2%BD%EC%84%B1%EB%8C%80%EC%A0%90
711,남천동 한우야,부산 남구 대연동 남천동 한우야,https://place.map.kakao.com/1259073387,2026-08-13T14:22:58+09:00,요청오류,,,,,,403 Client Error: Forbidden for url: https://search.naver.com/search.naver?where=nexearch&query=%EB%B6%80%EC%82%B0+%EB%82%A8%EA%B5%AC+%EB%82%A8%EC%B2%9C%EB%8F%99+%ED%95%9C%EC%9A%B0%EC%95%BC
712,계양깐,부산 남구 대연동 계양깐,https://place.map.kakao.com/1879731948,2026-08-13T14:22:59+09:00,요청오류,,,,,,403 Client Error: Forbidden for url: https://search.naver.com/search.naver?where=nexearch&query=%EB%B6%80%EC%82%B0+%EB%82%A8%EA%B5%AC+%EA%B3%84%EC%96%91%EA%B9%90
713,대운 남천동본점,부산 남구 대연동 대운 남천동본점,https://place.map.kakao.com/449446594,2026-08-13T14:23:01+09:00,요청오류,,,,,,403 Client Error: Forbidden for url: https://search.naver.com/search.naver?where=nexearch&query=%EB%B6%80%EC%82%B0+%EB%82%A8%EA%B5%AC+%EB%8C%80%EC%9A%B4+%EB%82%A8%EC%B2%9C%EB%8F%99%EB%B3%B8%EC%A0%90
715,이층집 코코로 본점,부산 남구 대연동 이층집 코코로 본점,https://place.map.kakao.com/1331625407,2026-08-13T14:23:03+09:00,요청오류,,,,,,403 Client Error: Forbidden for url: https://search.naver.com/search.naver?where=nexearch&query=%EB%B6%80%EC%82%B0+%EB%82%A8%EA%B5%AC+%EC%9D%B4%EC%B8%B5%EC%A7%91+%EC%BD%94%EC%BD%94%EB%A1%9C+%EB%B3%B8%EC%A0%90
716,치킨팩토리,부산 남구 대연동 치킨팩토리,https://place.map.kakao.com/16347004,2026-08-13T14:23:05+09:00,요청오류,,,,,,403 Client Error: Forbidden for url: https://search.naver.com/search.naver?where=nexearch&query=%EB%B6%80%EC%82%B0+%EB%82%A8%EA%B5%AC+%EC%B9%98%ED%82%A8%ED%8C%A9%ED%86%A0%EB%A6%AC
717,구도로통닭 부산경성대점,부산 남구 대연동 구도로통닭 부산경성대점,https://place.map.kakao.com/1640810955,2026-08-13T14:23:06+09:00,요청오류,,,,,,403 Client Error: Forbidden for url: https://search.naver.com/search.naver?where=nexearch&query=%EB%B6%80%EC%82%B0+%EB%82%A8%EA%B5%AC+%EA%B5%AC%EB%8F%84%EB%A1%9C%ED%86%B5%EB%8B%AD+%EB%B6%80%EC%82%B0%EA%B2%BD%EC%84%B1%EB%8C%80%EC%A0%90
719,카츠키친 대연점,부산 남구 대연동 카츠키친 대연점,https://place.map.kakao.com/615417180,2026-08-13T14:23:08+09:00,요청오류,,,,,,403 Client Error: Forbidden for url: https://search.naver.com/search.naver?where=nexearch&query=%EB%B6%80%EC%82%B0+%EB%82%A8%EA%B5%AC+%EC%B9%B4%EC%B8%A0%ED%82%A4%EC%B9%9C+%EB%8C%80%EC%97%B0%EC%A0%90
720,불로만숯불바베큐 대연1호점,부산 남구 대연동 불로만숯불바베큐 대연1호점,https://place.map.kakao.com/16215176,2026-08-13T14:23:10+09:00,요청오류,,,,,,403 Client Error: Forbidden for url: https://search.naver.com/search.naver?where=nexearch&query=%EB%B6%80%EC%82%B0+%EB%82%A8%EA%B5%AC+%EB%B6%88%EB%A1%9C%EB%A7%8C%EC%88%AF%EB%B6%88%EB%B0%94%EB%B2%A0%ED%81%90+%EB%8C%80%EC%97%B01%ED%98%B8%EC%A0%90
721,족족한날 족발.보쌈,부경대 족족한날 족발.보쌈,https://place.map.kakao.com/1524694134,2026-08-13T14:23:12+09:00,URL_확인,https://m.place.naver.com/restaurant/1818436997/home,족족한날 족발.보쌈,1.0,35.1308198,129.0897694,
722,버거킹 부산용호분포SK점,부산 남구 대연동 버거킹 부산용호분포SK점,https://place.map.kakao.com/141834510,2026-08-13T14:23:15+09:00,요청오류,,,,,,403 Client Error: Forbidden for url: https://search.naver.com/search.naver?where=nexearch&query=%EB%B6%80%EC%82%B0+%EB%82%A8%EA%B5%AC+%EB%B2%84%EA%B1%B0%ED%82%B9+%EB%B6%80%EC%82%B0%EC%9A%A9%ED%98%B8%EB%B6%84%ED%8F%ACSK%EC%A0%90
723,엉터리 무한대패 대연점,부산 남구 대연동 엉터리 무한대패 대연점,https://place.map.kakao.com/1607417555,2026-08-13T14:23:16+09:00,요청오류,,,,,,403 Client Error: Forbidden for url: https://search.naver.com/search.naver?where=nexearch&query=%EB%B6%80%EC%82%B0+%EB%82%A8%EA%B5%AC+%EC%97%89%ED%84%B0%EB%A6%AC+%EB%AC%B4%ED%95%9C%EB%8C%80%ED%8C%A8+%EB%8C%80%EC%97%B0%EC%A0%90
724,흑산도횟집,부산 남구 대연동 흑산도횟집,https://place.map.kakao.com/21429637,2026-08-13T14:23:18+09:00,요청오류,,,,,,403 Client Error: Forbidden for url: https://search.naver.com/search.naver?where=nexearch&query=%EB%B6%80%EC%82%B0+%EB%82%A8%EA%B5%AC+%ED%9D%91%EC%82%B0%EB%8F%84%ED%9A%9F%EC%A7%91
725,모이커피샵,부산 남구 대연동 모이커피샵,http://place.map.kakao.com/553933005,2026-08-13T14:23:20+09:00,요청오류,,,,,,403 Client Error: Forbidden for url: https://search.naver.com/search.naver?where=nexearch&query=%EB%B6%80%EC%82%B0+%EB%82%A8%EA%B5%AC+%EB%AA%A8%EC%9D%B4%EC%BB%A4%ED%94%BC%EC%83%B5
726,남천참숯갈비,부산 남구 대연동 남천참숯갈비,https://place.map.kakao.com/26454108,2026-08-13T14:23:21+09:00,요청오류,,,,,,403 Client Error: Forbidden for url: https://search.naver.com/search.naver?where=nexearch&query=%EB%B6%80%EC%82%B0+%EB%82%A8%EA%B5%AC+%EB%82%A8%EC%B2%9C%EC%B0%B8%EC%88%AF%EA%B0%88%EB%B9%84
729,남천동 연어회,부산 남구 대연동 남천동 연어회,https://place.map.kakao.com/844620580,2026-08-13T14:23:23+09:00,요청오류,,,,,,403 Client Error: Forbidden for url: https://search.naver.com/search.naver?where=nexearch&query=%EB%B6%80%EC%82%B0+%EB%82%A8%EA%B5%AC+%EB%82%A8%EC%B2%9C%EB%8F%99+%EC%97%B0%EC%96%B4%ED%9A%8C
731,요이참치대연점,부산 남구 대연동 요이참치대연점,https://place.map.kakao.com/1784950144,2026-08-13T14:23:25+09:00,요청오류,,,,,,403 Client Error: Forbidden for url: https://search.naver.com/search.naver?where=nexearch&query=%EB%B6%80%EC%82%B0+%EB%82%A8%EA%B5%AC+%EC%9A%94%EC%9D%B4%EC%B0%B8%EC%B9%98%EB%8C%80%EC%97%B0%EC%A0%90
732,투썸플레이스 부산경성대역점,부산 남구 대연동 투썸플레이스 부산경성대역점,https://place.map.kakao.com/658982723,2026-08-13T14:23:27+09:00,요청오류,,,,,,403 Client Error: Forbidden for url: https://search.naver.com/search.naver?where=nexearch&query=%EB%B6%80%EC%82%B0+%EB%82%A8%EA%B5%AC+%ED%88%AC%EC%8D%B8%ED%94%8C%EB%A0%88%EC%9D%B4%EC%8A%A4+%EB%B6%80%EC%82%B0%EA%B2%BD%EC%84%B1%EB%8C%80%EC%97%AD%EC%A0%90
733,사이노 1호점,부산 남구 대연동 사이노 1호점,http://place.map.kakao.com/1127104210,2026-08-13T14:23:29+09:00,요청오류,,,,,,403 Client Error: Forbidden for url: https://search.naver.com/search.naver?where=nexearch&query=%EB%B6%80%EC%82%B0+%EB%82%A8%EA%B5%AC+%EC%82%AC%EC%9D%B4%EB%85%B8+1%ED%98%B8%EC%A0%90
734,이디야커피 부산부경대점,부산 남구 대연동 이디야커피 부산부경대점,http://place.map.kakao.com/21527986,2026-08-13T14:23:30+09:00,요청오류,,,,,,403 Client Error: Forbidden for url: https://search.naver.com/search.naver?where=nexearch&query=%EB%B6%80%EC%82%B0+%EB%82%A8%EA%B5%AC+%EC%9D%B4%EB%94%94%EC%95%BC%EC%BB%A4%ED%94%BC+%EB%B6%80%EC%82%B0%EB%B6%80%EA%B2%BD%EB%8C%80%EC%A0%90
736,김가네 대연파크푸르지오점,부산 남구 대연동 김가네 대연파크푸르지오점,https://place.map.kakao.com/1388237504,2026-08-13T14:23:32+09:00,요청오류,,,,,,403 Client Error: Forbidden for url: https://search.naver.com/search.naver?where=nexearch&query=%EB%B6%80%EC%82%B0+%EB%82%A8%EA%B5%AC+%EA%B9%80%EA%B0%80%EB%84%A4+%EB%8C%80%EC%97%B0%ED%8C%8C%ED%81%AC%ED%91%B8%EB%A5%B4%EC%A7%80%EC%98%A4%EC%A0%90
737,용소식당 경성대 대연동점,부산 남구 대연동 용소식당 경성대 대연동점,https://place.map.kakao.com/1297826297,2026-08-13T14:23:34+09:00,요청오류,,,,,,403 Client Error: Forbidden for url: https://search.naver.com/search.naver?where=nexearch&query=%EB%B6%80%EC%82%B0+%EB%82%A8%EA%B5%AC+%EC%9A%A9%EC%86%8C%EC%8B%9D%EB%8B%B9+%EA%B2%BD%EC%84%B1%EB%8C%80+%EB%8C%80%EC%97%B0%EB%8F%99%EC%A0%90
738,식당3선 용호점,부산 남구 대연동 식당3선 용호점,https://place.map.kakao.com/1970843344,2026-08-13T14:23:35+09:00,요청오류,,,,,,403 Client Error: Forbidden for url: https://search.naver.com/search.naver?where=nexearch&query=%EB%B6%80%EC%82%B0+%EB%82%A8%EA%B5%AC+%EC%8B%9D%EB%8B%B93%EC%84%A0+%EC%9A%A9%ED%98%B8%EC%A0%90
739,미정아구찜,부산 남구 대연동 미정아구찜,https://place.map.kakao.com/16553271,2026-08-13T14:23:37+09:00,요청오류,,,,,,403 Client Error: Forbidden for url: https://search.naver.com/search.naver?where=nexearch&query=%EB%B6%80%EC%82%B0+%EB%82%A8%EA%B5%AC+%EB%AF%B8%EC%A0%95%EC%95%84%EA%B5%AC%EC%B0%9C
740,카레온 부산 경성대본점,부산 남구 대연동 카레온 부산 경성대본점,https://place.map.kakao.com/8671327,2026-08-13T14:23:39+09:00,요청오류,,,,,,403 Client Error: Forbidden for url: https://search.naver.com/search.naver?where=nexearch&query=%EB%B6%80%EC%82%B0+%EB%82%A8%EA%B5%AC+%EC%B9%B4%EB%A0%88%EC%98%A8+%EB%B6%80%EC%82%B0+%EA%B2%BD%EC%84%B1%EB%8C%80%EB%B3%B8%EC%A0%90
741,면식당 부산부경대점,부산 남구 대연동 면식당 부산부경대점,http://place.map.kakao.com/1263179846,2026-08-13T14:23:40+09:00,요청오류,,,,,,403 Client Error: Forbidden for url: https://search.naver.com/search.naver?where=nexearch&query=%EB%B6%80%EC%82%B0+%EB%82%A8%EA%B5%AC+%EB%A9%B4%EC%8B%9D%EB%8B%B9+%EB%B6%80%EC%82%B0%EB%B6%80%EA%B2%BD%EB%8C%80%EC%A0%90
742,천탁 부경대점,부산 남구 대연동 천탁 부경대점,http://place.map.kakao.com/1179505501,2026-08-13T14:23:42+09:00,요청오류,,,,,,403 Client Error: Forbidden for url: https://search.naver.com/search.naver?where=nexearch&query=%EB%B6%80%EC%82%B0+%EB%82%A8%EA%B5%AC+%EC%B2%9C%ED%83%81+%EB%B6%80%EA%B2%BD%EB%8C%80%EC%A0%90
744,이디야커피 부산부경대후문점,부산 남구 대연동 이디야커피 부산부경대후문점,http://place.map.kakao.com/21697573,2026-08-13T14:23:44+09:00,요청오류,,,,,,403 Client Error: Forbidden for url: https://search.naver.com/search.naver?where=nexearch&query=%EB%B6%80%EC%82%B0+%EB%82%A8%EA%B5%AC+%EC%9D%B4%EB%94%94%EC%95%BC%EC%BB%A4%ED%94%BC+%EB%B6%80%EC%82%B0%EB%B6%80%EA%B2%BD%EB%8C%80%ED%9B%84%EB%AC%B8%EC%A0%90
745,빽다방 부산부경대점,부산 남구 대연동 빽다방 부산부경대점,http://place.map.kakao.com/299792462,2026-08-13T14:23:45+09:00,요청오류,,,,,,403 Client Error: Forbidden for url: https://search.naver.com/search.naver?where=nexearch&query=%EB%B6%80%EC%82%B0+%EB%82%A8%EA%B5%AC+%EB%B9%BD%EB%8B%A4%EB%B0%A9+%EB%B6%80%EC%82%B0%EB%B6%80%EA%B2%BD%EB%8C%80%EC%A0%90
746,탱크돈까스,부산 남구 대연동 탱크돈까스,https://place.map.kakao.com/27584427,2026-08-13T14:23:47+09:00,요청오류,,,,,,403 Client Error: Forbidden for url: https://search.naver.com/search.naver?where=nexearch&query=%EB%B6%80%EC%82%B0+%EB%82%A8%EA%B5%AC+%ED%83%B1%ED%81%AC%EB%8F%88%EA%B9%8C%EC%8A%A4
747,와플대학 부산경성대캠퍼스,부산 남구 대연동 와플대학 부산경성대캠퍼스,https://place.map.kakao.com/801156998,2026-08-13T14:23:49+09:00,요청오류,,,,,,403 Client Error: Forbidden for url: https://search.naver.com/search.naver?where=nexearch&query=%EB%B6%80%EC%82%B0+%EB%82%A8%EA%B5%AC+%EC%99%80%ED%94%8C%EB%8C%80%ED%95%99+%EB%B6%80%EC%82%B0%EA%B2%BD%EC%84%B1%EB%8C%80%EC%BA%A0%ED%8D%BC%EC%8A%A4
748,이솔산오리,부산 남구 대연동 이솔산오리,http://place.map.kakao.com/960705160,2026-08-13T14:23:51+09:00,요청오류,,,,,,403 Client Error: Forbidden for url: https://search.naver.com/search.naver?where=nexearch&query=%EB%B6%80%EC%82%B0+%EB%82%A8%EA%B5%AC+%EC%9D%B4%EC%86%94%EC%82%B0%EC%98%A4%EB%A6%AC
749,758버거,부산 남구 대연동 758버거,http://place.map.kakao.com/1873997838,2026-08-13T14:23:53+09:00,요청오류,,,,,,403 Client Error: Forbidden for url: https://search.naver.com/search.naver?where=nexearch&query=%EB%B6%80%EC%82%B0+%EB%82%A8%EA%B5%AC+758%EB%B2%84%EA%B1%B0
751,지코바치킨 대연1호점,부산 남구 대연동 지코바치킨 대연1호점,https://place.map.kakao.com/1669046932,2026-08-13T14:23:54+09:00,요청오류,,,,,,403 Client Error: Forbidden for url: https://search.naver.com/search.naver?where=nexearch&query=%EB%B6%80%EC%82%B0+%EB%82%A8%EA%B5%AC+%EC%A7%80%EC%BD%94%EB%B0%94%EC%B9%98%ED%82%A8+%EB%8C%80%EC%97%B01%ED%98%B8%EC%A0%90
752,동경밥상 본점,부산 남구 대연동 동경밥상 본점,https://place.map.kakao.com/1281283194,2026-08-13T14:23:56+09:00,요청오류,,,,,,403 Client Error: Forbidden for url: https://search.naver.com/search.naver?where=nexearch&query=%EB%B6%80%EC%82%B0+%EB%82%A8%EA%B5%AC+%EB%8F%99%EA%B2%BD%EB%B0%A5%EC%83%81+%EB%B3%B8%EC%A0%90
753,써브웨이 부산대연점,부산 남구 대연동 써브웨이 부산대연점,https://place.map.kakao.com/1587905798,2026-08-13T14:23:58+09:00,요청오류,,,,,,403 Client Error: Forbidden for url: https://search.naver.com/search.naver?where=nexearch&query=%EB%B6%80%EC%82%B0+%EB%82%A8%EA%B5%AC+%EC%8D%A8%EB%B8%8C%EC%9B%A8%EC%9D%B4+%EB%B6%80%EC%82%B0%EB%8C%80%EC%97%B0%EC%A0%90
755,용호대패,부산 남구 대연동 용호대패,https://place.map.kakao.com/1750228966,2026-08-13T14:24:00+09:00,요청오류,,,,,,403 Client Error: Forbidden for url: https://search.naver.com/search.naver?where=nexearch&query=%EB%B6%80%EC%82%B0+%EB%82%A8%EA%B5%AC+%EC%9A%A9%ED%98%B8%EB%8C%80%ED%8C%A8
756,신촌깻잎떡볶이 광안점,부산 남구 대연동 신촌깻잎떡볶이 광안점,https://place.map.kakao.com/1339073911,2026-08-13T14:24:01+09:00,요청오류,,,,,,403 Client Error: Forbidden for url: https://search.naver.com/search.naver?where=nexearch&query=%EB%B6%80%EC%82%B0+%EB%82%A8%EA%B5%AC+%EC%8B%A0%EC%B4%8C%EA%B9%BB%EC%9E%8E%EB%96%A1%EB%B3%B6%EC%9D%B4+%EA%B4%91%EC%95%88%EC%A0%90
758,수라국밥 경성대점,부산 남구 대연동 수라국밥 경성대점,https://place.map.kakao.com/21336571,2026-08-13T14:24:03+09:00,요청오류,,,,,,403 Client Error: Forbidden for url: https://search.naver.com/search.naver?where=nexearch&query=%EB%B6%80%EC%82%B0+%EB%82%A8%EA%B5%AC+%EC%88%98%EB%9D%BC%EA%B5%AD%EB%B0%A5+%EA%B2%BD%EC%84%B1%EB%8C%80%EC%A0%90
759,충남집,부산 남구 대연동 충남집,https://place.map.kakao.com/1441563297,2026-08-13T14:24:05+09:00,요청오류,,,,,,403 Client Error: Forbidden for url: https://search.naver.com/search.naver?where=nexearch&query=%EB%B6%80%EC%82%B0+%EB%82%A8%EA%B5%AC+%EC%B6%A9%EB%82%A8%EC%A7%91
760,칸티푸르,부산 남구 대연동 칸티푸르,https://place.map.kakao.com/27571930,2026-08-13T14:24:06+09:00,요청오류,,,,,,403 Client Error: Forbidden for url: https://search.naver.com/search.naver?where=nexearch&query=%EB%B6%80%EC%82%B0+%EB%82%A8%EA%B5%AC+%EC%B9%B8%ED%8B%B0%ED%91%B8%EB%A5%B4
762,에그드랍 부산부경대점,부산 남구 대연동 에그드랍 부산부경대점,http://place.map.kakao.com/89488400,2026-08-13T14:24:08+09:00,요청오류,,,,,,403 Client Error: Forbidden for url: https://search.naver.com/search.naver?where=nexearch&query=%EB%B6%80%EC%82%B0+%EB%82%A8%EA%B5%AC+%EC%97%90%EA%B7%B8%EB%93%9C%EB%9E%8D+%EB%B6%80%EC%82%B0%EB%B6%80%EA%B2%BD%EB%8C%80%EC%A0%90
764,KFC 광안리,부산 남구 대연동 KFC 광안리,https://place.map.kakao.com/825188834,2026-08-13T14:24:10+09:00,요청오류,,,,,,403 Client Error: Forbidden for url: https://search.naver.com/search.naver?where=nexearch&query=%EB%B6%80%EC%82%B0+%EB%82%A8%EA%B5%AC+KFC+%EA%B4%91%EC%95%88%EB%A6%AC
765,지교,부산 남구 대연동 지교,http://place.map.kakao.com/1411823090,2026-08-13T14:24:12+09:00,요청오류,,,,,,403 Client Error: Forbidden for url: https://search.naver.com/search.naver?where=nexearch&query=%EB%B6%80%EC%82%B0+%EB%82%A8%EA%B5%AC+%EC%A7%80%EA%B5%90
766,못,부산 남구 대연동 못,https://place.map.kakao.com/526179103,2026-08-13T14:24:13+09:00,요청오류,,,,,,403 Client Error: Forbidden for url: https://search.naver.com/search.naver?where=nexearch&query=%EB%B6%80%EC%82%B0+%EB%82%A8%EA%B5%AC+%EB%AA%BB
767,평화김해뒷고기 경성대부경대점,부산 남구 대연동 평화김해뒷고기 경성대부경대점,https://place.map.kakao.com/1648607883,2026-08-13T14:24:15+09:00,요청오류,,,,,,403 Client Error: Forbidden for url: https://search.naver.com/search.naver?where=nexearch&query=%EB%B6%80%EC%82%B0+%EB%82%A8%EA%B5%AC+%ED%8F%89%ED%99%94%EA%B9%80%ED%95%B4%EB%92%B7%EA%B3%A0%EA%B8%B0+%EA%B2%BD%EC%84%B1%EB%8C%80%EB%B6%80%EA%B2%BD%EB%8C%80%EC%A0%90
768,재즈프레소,부산 남구 대연동 재즈프레소,https://place.map.kakao.com/665196157,2026-08-13T14:24:17+09:00,요청오류,,,,,,403 Client Error: Forbidden for url: https://search.naver.com/search.naver?where=nexearch&query=%EB%B6%80%EC%82%B0+%EB%82%A8%EA%B5%AC+%EC%9E%AC%EC%A6%88%ED%94%84%EB%A0%88%EC%86%8C
769,밀머리칼국수냉면쟁이 대연점,부산 남구 대연동 밀머리칼국수냉면쟁이 대연점,http://place.map.kakao.com/908760669,2026-08-13T14:24:19+09:00,요청오류,,,,,,403 Client Error: Forbidden for url: https://search.naver.com/search.naver?where=nexearch&query=%EB%B6%80%EC%82%B0+%EB%82%A8%EA%B5%AC+%EB%B0%80%EB%A8%B8%EB%A6%AC%EC%B9%BC%EA%B5%AD%EC%88%98%EB%83%89%EB%A9%B4%EC%9F%81%EC%9D%B4+%EB%8C%80%EC%97%B0%EC%A0%90
770,길 세이로무시 대연점,부산 남구 대연동 길 세이로무시 대연점,https://place.map.kakao.com/487652329,2026-08-13T14:24:20+09:00,요청오류,,,,,,403 Client Error: Forbidden for url: https://search.naver.com/search.naver?where=nexearch&query=%EB%B6%80%EC%82%B0+%EB%82%A8%EA%B5%AC+%EA%B8%B8+%EC%84%B8%EC%9D%B4%EB%A1%9C%EB%AC%B4%EC%8B%9C+%EB%8C%80%EC%97%B0%EC%A0%90
771,아트마네,부산 남구 대연동 아트마네,https://place.map.kakao.com/290487240,2026-08-13T14:24:22+09:00,요청오류,,,,,,403 Client Error: Forbidden for url: https://search.naver.com/search.naver?where=nexearch&query=%EB%B6%80%EC%82%B0+%EB%82%A8%EA%B5%AC+%EC%95%84%ED%8A%B8%EB%A7%88%EB%84%A4
772,미분당 대연점,부산 남구 대연동 미분당 대연점,http://place.map.kakao.com/642825196,2026-08-13T14:24:24+09:00,요청오류,,,,,,403 Client Error: Forbidden for url: https://search.naver.com/search.naver?where=nexearch&query=%EB%B6%80%EC%82%B0+%EB%82%A8%EA%B5%AC+%EB%AF%B8%EB%B6%84%EB%8B%B9+%EB%8C%80%EC%97%B0%EC%A0%90
773,맘스터치 대연점,부산 남구 대연동 맘스터치 대연점,https://place.map.kakao.com/15247463,2026-08-13T14:24:25+09:00,요청오류,,,,,,403 Client Error: Forbidden for url: https://search.naver.com/search.naver?where=nexearch&query=%EB%B6%80%EC%82%B0+%EB%82%A8%EA%B5%AC+%EB%A7%98%EC%8A%A4%ED%84%B0%EC%B9%98+%EB%8C%80%EC%97%B0%EC%A0%90
774,피자스쿨 부산남천역점,부산 남구 대연동 피자스쿨 부산남천역점,https://place.map.kakao.com/17098285,2026-08-13T14:24:27+09:00,요청오류,,,,,,403 Client Error: Forbidden for url: https://search.naver.com/search.naver?where=nexearch&query=%EB%B6%80%EC%82%B0+%EB%82%A8%EA%B5%AC+%ED%94%BC%EC%9E%90%EC%8A%A4%EC%BF%A8+%EB%B6%80%EC%82%B0%EB%82%A8%EC%B2%9C%EC%97%AD%EC%A0%90
775,달인국밥,부산 남구 대연동 달인국밥,https://place.map.kakao.com/7943062,2026-08-13T14:24:29+09:00,요청오류,,,,,,403 Client Error: Forbidden for url: https://search.naver.com/search.naver?where=nexearch&query=%EB%B6%80%EC%82%B0+%EB%82%A8%EA%B5%AC+%EB%8B%AC%EC%9D%B8%EA%B5%AD%EB%B0%A5
776,APP 앱피자,부산 남구 대연동 APP 앱피자,https://place.map.kakao.com/1319109829,2026-08-13T14:24:30+09:00,요청오류,,,,,,403 Client Error: Forbidden for url: https://search.naver.com/search.naver?where=nexearch&query=%EB%B6%80%EC%82%B0+%EB%82%A8%EA%B5%AC+APP+%EC%95%B1%ED%94%BC%EC%9E%90
777,맛찬들왕소금구이 대연점,부산 남구 대연동 맛찬들왕소금구이 대연점,https://place.map.kakao.com/19755582,2026-08-13T14:24:32+09:00,요청오류,,,,,,403 Client Error: Forbidden for url: https://search.naver.com/search.naver?where=nexearch&query=%EB%B6%80%EC%82%B0+%EB%82%A8%EA%B5%AC+%EB%A7%9B%EC%B0%AC%EB%93%A4%EC%99%95%EC%86%8C%EA%B8%88%EA%B5%AC%EC%9D%B4+%EB%8C%80%EC%97%B0%EC%A0%90
778,소플러스 이기대점,부산 남구 대연동 소플러스 이기대점,https://place.map.kakao.com/785206114,2026-08-13T14:24:34+09:00,요청오류,,,,,,403 Client Error: Forbidden for url: https://search.naver.com/search.naver?where=nexearch&query=%EB%B6%80%EC%82%B0+%EB%82%A8%EA%B5%AC+%EC%86%8C%ED%94%8C%EB%9F%AC%EC%8A%A4+%EC%9D%B4%EA%B8%B0%EB%8C%80%EC%A0%90
779,애기김밥 남천점,부산 남구 대연동 애기김밥 남천점,https://place.map.kakao.com/23716112,2026-08-13T14:24:36+09:00,요청오류,,,,,,403 Client Error: Forbidden for url: https://search.naver.com/search.naver?where=nexearch&query=%EB%B6%80%EC%82%B0+%EB%82%A8%EA%B5%AC+%EC%95%A0%EA%B8%B0%EA%B9%80%EB%B0%A5+%EB%82%A8%EC%B2%9C%EC%A0%90
780,청년피자 용호감만점,부산 남구 대연동 청년피자 용호감만점,https://place.map.kakao.com/27604145,2026-08-13T14:24:37+09:00,요청오류,,,,,,403 Client Error: Forbidden for url: https://search.naver.com/search.naver?where=nexearch&query=%EB%B6%80%EC%82%B0+%EB%82%A8%EA%B5%AC+%EC%B2%AD%EB%85%84%ED%94%BC%EC%9E%90+%EC%9A%A9%ED%98%B8%EA%B0%90%EB%A7%8C%EC%A0%90
781,송원일식,부산 남구 대연동 송원일식,https://place.map.kakao.com/304123988,2026-08-13T14:24:39+09:00,요청오류,,,,,,403 Client Error: Forbidden for url: https://search.naver.com/search.naver?where=nexearch&query=%EB%B6%80%EC%82%B0+%EB%82%A8%EA%B5%AC+%EC%86%A1%EC%9B%90%EC%9D%BC%EC%8B%9D
782,이가네명인갈비살 부산대연점,부산 남구 대연동 이가네명인갈비살 부산대연점,https://place.map.kakao.com/1327152119,2026-08-13T14:24:41+09:00,요청오류,,,,,,403 Client Error: Forbidden for url: https://search.naver.com/search.naver?where=nexearch&query=%EB%B6%80%EC%82%B0+%EB%82%A8%EA%B5%AC+%EC%9D%B4%EA%B0%80%EB%84%A4%EB%AA%85%EC%9D%B8%EA%B0%88%EB%B9%84%EC%82%B4+%EB%B6%80%EC%82%B0%EB%8C%80%EC%97%B0%EC%A0%90
783,유가네닭갈비 부산남천점,부산 남구 대연동 유가네닭갈비 부산남천점,https://place.map.kakao.com/1787367860,2026-08-13T14:24:43+09:00,요청오류,,,,,,403 Client Error: Forbidden for url: https://search.naver.com/search.naver?where=nexearch&query=%EB%B6%80%EC%82%B0+%EB%82%A8%EA%B5%AC+%EC%9C%A0%EA%B0%80%EB%84%A4%EB%8B%AD%EA%B0%88%EB%B9%84+%EB%B6%80%EC%82%B0%EB%82%A8%EC%B2%9C%EC%A0%90
784,카페위드,부산 남구 대연동 카페위드,http://place.map.kakao.com/1733944595,2026-08-13T14:24:45+09:00,요청오류,,,,,,403 Client Error: Forbidden for url: https://search.naver.com/search.naver?where=nexearch&query=%EB%B6%80%EC%82%B0+%EB%82%A8%EA%B5%AC+%EC%B9%B4%ED%8E%98%EC%9C%84%EB%93%9C
785,숯불에닭 부산대연점,부산 남구 대연동 숯불에닭 부산대연점,https://place.map.kakao.com/667730915,2026-08-13T14:24:46+09:00,요청오류,,,,,,403 Client Error: Forbidden for url: https://search.naver.com/search.naver?where=nexearch&query=%EB%B6%80%EC%82%B0+%EB%82%A8%EA%B5%AC+%EC%88%AF%EB%B6%88%EC%97%90%EB%8B%AD+%EB%B6%80%EC%82%B0%EB%8C%80%EC%97%B0%EC%A0%90
786,신밀양돼지국밥,부산 남구 대연동 신밀양돼지국밥,https://place.map.kakao.com/259735060,2026-08-13T14:24:48+09:00,요청오류,,,,,,403 Client Error: Forbidden for url: https://search.naver.com/search.naver?where=nexearch&query=%EB%B6%80%EC%82%B0+%EB%82%A8%EA%B5%AC+%EC%8B%A0%EB%B0%80%EC%96%91%EB%8F%BC%EC%A7%80%EA%B5%AD%EB%B0%A5
787,브루싱커피,부산 남구 대연동 브루싱커피,http://place.map.kakao.com/1210986707,2026-08-13T14:24:50+09:00,요청오류,,,,,,403 Client Error: Forbidden for url: https://search.naver.com/search.naver?where=nexearch&query=%EB%B6%80%EC%82%B0+%EB%82%A8%EA%B5%AC+%EB%B8%8C%EB%A3%A8%EC%8B%B1%EC%BB%A4%ED%94%BC
788,라코모,부산 남구 대연동 라코모,http://place.map.kakao.com/2139107361,2026-08-13T14:24:52+09:00,요청오류,,,,,,403 Client Error: Forbidden for url: https://search.naver.com/search.naver?where=nexearch&query=%EB%B6%80%EC%82%B0+%EB%82%A8%EA%B5%AC+%EB%9D%BC%EC%BD%94%EB%AA%A8
789,찜하닭,부산 남구 대연동 찜하닭,http://place.map.kakao.com/2061182937,2026-08-13T14:24:53+09:00,요청오류,,,,,,403 Client Error: Forbidden for url: https://search.naver.com/search.naver?where=nexearch&query=%EB%B6%80%EC%82%B0+%EB%82%A8%EA%B5%AC+%EC%B0%9C%ED%95%98%EB%8B%AD
790,주월포차 대연동 본점,부산 남구 대연동 주월포차 대연동 본점,https://place.map.kakao.com/1146598748,2026-08-13T14:24:55+09:00,요청오류,,,,,,403 Client Error: Forbidden for url: https://search.naver.com/search.naver?where=nexearch&query=%EB%B6%80%EC%82%B0+%EB%82%A8%EA%B5%AC+%EC%A3%BC%EC%9B%94%ED%8F%AC%EC%B0%A8+%EB%8C%80%EC%97%B0%EB%8F%99+%EB%B3%B8%EC%A0%90
792,쭈꾸밍 대연점,부산 남구 대연동 쭈꾸밍 대연점,https://place.map.kakao.com/338181169,2026-08-13T14:24:57+09:00,요청오류,,,,,,403 Client Error: Forbidden for url: https://search.naver.com/search.naver?where=nexearch&query=%EB%B6%80%EC%82%B0+%EB%82%A8%EA%B5%AC+%EC%AD%88%EA%BE%B8%EB%B0%8D+%EB%8C%80%EC%97%B0%EC%A0%90
793,쿠우쿠우 부산경성대점,부산 남구 대연동 쿠우쿠우 부산경성대점,https://place.map.kakao.com/661654028,2026-08-13T14:24:58+09:00,요청오류,,,,,,403 Client Error: Forbidden for url: https://search.naver.com/search.naver?where=nexearch&query=%EB%B6%80%EC%82%B0+%EB%82%A8%EA%B5%AC+%EC%BF%A0%EC%9A%B0%EC%BF%A0%EC%9A%B0+%EB%B6%80%EC%82%B0%EA%B2%BD%EC%84%B1%EB%8C%80%EC%A0%90
794,대영면옥,부산 남구 대연동 대영면옥,http://place.map.kakao.com/1115601796,2026-08-13T14:25:00+09:00,요청오류,,,,,,403 Client Error: Forbidden for url: https://search.naver.com/search.naver?where=nexearch&query=%EB%B6%80%EC%82%B0+%EB%82%A8%EA%B5%AC+%EB%8C%80%EC%98%81%EB%A9%B4%EC%98%A5
795,대연대패,부산 남구 대연동 대연대패,http://place.map.kakao.com/1137845186,2026-08-13T14:25:01+09:00,요청오류,,,,,,403 Client Error: Forbidden for url: https://search.naver.com/search.naver?where=nexearch&query=%EB%B6%80%EC%82%B0+%EB%82%A8%EA%B5%AC+%EB%8C%80%EC%97%B0%EB%8C%80%ED%8C%A8
796,스시하율,부산 남구 대연동 스시하율,https://place.map.kakao.com/329227228,2026-08-13T14:25:03+09:00,요청오류,,,,,,403 Client Error: Forbidden for url: https://search.naver.com/search.naver?where=nexearch&query=%EB%B6%80%EC%82%B0+%EB%82%A8%EA%B5%AC+%EC%8A%A4%EC%8B%9C%ED%95%98%EC%9C%A8
797,봉이집,부산 남구 대연동 봉이집,https://place.map.kakao.com/1553543894,2026-08-13T14:25:05+09:00,요청오류,,,,,,403 Client Error: Forbidden for url: https://search.naver.com/search.naver?where=nexearch&query=%EB%B6%80%EC%82%B0+%EB%82%A8%EA%B5%AC+%EB%B4%89%EC%9D%B4%EC%A7%91
798,천수양분식,부산 남구 대연동 천수양분식,https://place.map.kakao.com/14745189,2026-08-13T14:25:06+09:00,요청오류,,,,,,403 Client Error: Forbidden for url: https://search.naver.com/search.naver?where=nexearch&query=%EB%B6%80%EC%82%B0+%EB%82%A8%EA%B5%AC+%EC%B2%9C%EC%88%98%EC%96%91%EB%B6%84%EC%8B%9D
799,그집오뎅,부산 남구 대연동 그집오뎅,http://place.map.kakao.com/1969295125,2026-08-13T14:25:08+09:00,요청오류,,,,,,403 Client Error: Forbidden for url: https://search.naver.com/search.naver?where=nexearch&query=%EB%B6%80%EC%82%B0+%EB%82%A8%EA%B5%AC+%EA%B7%B8%EC%A7%91%EC%98%A4%EB%8E%85
800,신호등분식,부산 남구 대연동 신호등분식,https://place.map.kakao.com/27605180,2026-08-13T14:25:11+09:00,요청오류,,,,,,403 Client Error: Forbidden for url: https://search.naver.com/search.naver?where=nexearch&query=%EB%B6%80%EC%82%B0+%EB%82%A8%EA%B5%AC+%EC%8B%A0%ED%98%B8%EB%93%B1%EB%B6%84%EC%8B%9D
801,이우철한방누룽삼계탕 대연점,부산 남구 대연동 이우철한방누룽삼계탕 대연점,http://place.map.kakao.com/1772388697,2026-08-13T14:25:12+09:00,요청오류,,,,,,403 Client Error: Forbidden for url: https://search.naver.com/search.naver?where=nexearch&query=%EB%B6%80%EC%82%B0+%EB%82%A8%EA%B5%AC+%EC%9D%B4%EC%9A%B0%EC%B2%A0%ED%95%9C%EB%B0%A9%EB%88%84%EB%A3%BD%EC%82%BC%EA%B3%84%ED%83%95+%EB%8C%80%EC%97%B0%EC%A0%90
802,크리스피아웃사이드,부산 남구 대연동 크리스피아웃사이드,https://place.map.kakao.com/227127444,2026-08-13T14:25:14+09:00,요청오류,,,,,,403 Client Error: Forbidden for url: https://search.naver.com/search.naver?where=nexearch&query=%EB%B6%80%EC%82%B0+%EB%82%A8%EA%B5%AC+%ED%81%AC%EB%A6%AC%EC%8A%A4%ED%94%BC%EC%95%84%EC%9B%83%EC%82%AC%EC%9D%B4%EB%93%9C
804,못골갈비,부산 남구 대연동 못골갈비,https://place.map.kakao.com/1940993970,2026-08-13T14:25:16+09:00,요청오류,,,,,,403 Client Error: Forbidden for url: https://search.naver.com/search.naver?where=nexearch&query=%EB%B6%80%EC%82%B0+%EB%82%A8%EA%B5%AC+%EB%AA%BB%EA%B3%A8%EA%B0%88%EB%B9%84
806,구구닭촌경성대점,부산 남구 대연동 구구닭촌경성대점,https://place.map.kakao.com/1830394399,2026-08-13T14:25:18+09:00,요청오류,,,,,,403 Client Error: Forbidden for url: https://search.naver.com/search.naver?where=nexearch&query=%EB%B6%80%EC%82%B0+%EB%82%A8%EA%B5%AC+%EA%B5%AC%EA%B5%AC%EB%8B%AD%EC%B4%8C%EA%B2%BD%EC%84%B1%EB%8C%80%EC%A0%90
807,왕언니돼지국밥,부산 남구 대연동 왕언니돼지국밥,https://place.map.kakao.com/590689346,2026-08-13T14:25:20+09:00,요청오류,,,,,,403 Client Error: Forbidden for url: https://search.naver.com/search.naver?where=nexearch&query=%EB%B6%80%EC%82%B0+%EB%82%A8%EA%B5%AC+%EC%99%95%EC%96%B8%EB%8B%88%EB%8F%BC%EC%A7%80%EA%B5%AD%EB%B0%A5
808,지지고 경성부경대점,부산 남구 대연동 지지고 경성부경대점,http://place.map.kakao.com/1344034494,2026-08-13T14:25:21+09:00,요청오류,,,,,,403 Client Error: Forbidden for url: https://search.naver.com/search.naver?where=nexearch&query=%EB%B6%80%EC%82%B0+%EB%82%A8%EA%B5%AC+%EC%A7%80%EC%A7%80%EA%B3%A0+%EA%B2%BD%EC%84%B1%EB%B6%80%EA%B2%BD%EB%8C%80%EC%A0%90
809,다온스시&amp;덮밥,부산 남구 대연동 다온스시&amp;덮밥,https://place.map.kakao.com/1977505918,2026-08-13T14:25:23+09:00,요청오류,,,,,,403 Client Error: Forbidden for url: https://search.naver.com/search.naver?where=nexearch&query=%EB%B6%80%EC%82%B0+%EB%82%A8%EA%B5%AC+%EB%8B%A4%EC%98%A8%EC%8A%A4%EC%8B%9C%26amp%3B%EB%8D%AE%EB%B0%A5
810,카페인설탕숲,부산 남구 대연동 카페인설탕숲,https://place.map.kakao.com/1968274555,2026-08-13T14:25:25+09:00,요청오류,,,,,,403 Client Error: Forbidden for url: https://search.naver.com/search.naver?where=nexearch&query=%EB%B6%80%EC%82%B0+%EB%82%A8%EA%B5%AC+%EC%B9%B4%ED%8E%98%EC%9D%B8%EC%84%A4%ED%83%95%EC%88%B2
811,공차 경성대점,부산 남구 대연동 공차 경성대점,http://place.map.kakao.com/1467031288,2026-08-13T14:25:26+09:00,요청오류,,,,,,403 Client Error: Forbidden for url: https://search.naver.com/search.naver?where=nexearch&query=%EB%B6%80%EC%82%B0+%EB%82%A8%EA%B5%AC+%EA%B3%B5%EC%B0%A8+%EA%B2%BD%EC%84%B1%EB%8C%80%EC%A0%90
812,송정동핫도그 남구청점,부산 남구 대연동 송정동핫도그 남구청점,https://place.map.kakao.com/1218069966,2026-08-13T14:25:28+09:00,요청오류,,,,,,403 Client Error: Forbidden for url: https://search.naver.com/search.naver?where=nexearch&query=%EB%B6%80%EC%82%B0+%EB%82%A8%EA%B5%AC+%EC%86%A1%EC%A0%95%EB%8F%99%ED%95%AB%EB%8F%84%EA%B7%B8+%EB%82%A8%EA%B5%AC%EC%B2%AD%EC%A0%90
813,민영활어공장 대연못골시장점,부산 남구 대연동 민영활어공장 대연못골시장점,https://place.map.kakao.com/8345665,2026-08-13T14:25:30+09:00,요청오류,,,,,,403 Client Error: Forbidden for url: https://search.naver.com/search.naver?where=nexearch&query=%EB%B6%80%EC%82%B0+%EB%82%A8%EA%B5%AC+%EB%AF%BC%EC%98%81%ED%99%9C%EC%96%B4%EA%B3%B5%EC%9E%A5+%EB%8C%80%EC%97%B0%EB%AA%BB%EA%B3%A8%EC%8B%9C%EC%9E%A5%EC%A0%90
814,남천전집,부산 남구 대연동 남천전집,https://place.map.kakao.com/345732636,2026-08-13T14:25:31+09:00,요청오류,,,,,,403 Client Error: Forbidden for url: https://search.naver.com/search.naver?where=nexearch&query=%EB%B6%80%EC%82%B0+%EB%82%A8%EA%B5%AC+%EB%82%A8%EC%B2%9C%EC%A0%84%EC%A7%91
815,키위,부산 남구 대연동 키위,http://place.map.kakao.com/923754685,2026-08-13T14:25:33+09:00,요청오류,,,,,,403 Client Error: Forbidden for url: https://search.naver.com/search.naver?where=nexearch&query=%EB%B6%80%EC%82%B0+%EB%82%A8%EA%B5%AC+%ED%82%A4%EC%9C%84
816,1953형제돼지국밥 본점,부산 남구 대연동 1953형제돼지국밥 본점,https://place.map.kakao.com/16894037,2026-08-13T14:25:35+09:00,요청오류,,,,,,403 Client Error: Forbidden for url: https://search.naver.com/search.naver?where=nexearch&query=%EB%B6%80%EC%82%B0+%EB%82%A8%EA%B5%AC+1953%ED%98%95%EC%A0%9C%EB%8F%BC%EC%A7%80%EA%B5%AD%EB%B0%A5+%EB%B3%B8%EC%A0%90
817,길목화로,부산 남구 대연동 길목화로,https://place.map.kakao.com/1683902257,2026-08-13T14:25:37+09:00,요청오류,,,,,,403 Client Error: Forbidden for url: https://search.naver.com/search.naver?where=nexearch&query=%EB%B6%80%EC%82%B0+%EB%82%A8%EA%B5%AC+%EA%B8%B8%EB%AA%A9%ED%99%94%EB%A1%9C
818,1잔,부산 남구 대연동 1잔,http://place.map.kakao.com/906468186,2026-08-13T14:25:39+09:00,요청오류,,,,,,403 Client Error: Forbidden for url: https://search.naver.com/search.naver?where=nexearch&query=%EB%B6%80%EC%82%B0+%EB%82%A8%EA%B5%AC+1%EC%9E%94
819,고기가득통돼지김치찌개,부산 남구 대연동 고기가득통돼지김치찌개,https://place.map.kakao.com/1783735051,2026-08-13T14:25:40+09:00,요청오류,,,,,,403 Client Error: Forbidden for url: https://search.naver.com/search.naver?where=nexearch&query=%EB%B6%80%EC%82%B0+%EB%82%A8%EA%B5%AC+%EA%B3%A0%EA%B8%B0%EA%B0%80%EB%93%9D%ED%86%B5%EB%8F%BC%EC%A7%80%EA%B9%80%EC%B9%98%EC%B0%8C%EA%B0%9C
820,스시하루,부산 남구 대연동 스시하루,https://place.map.kakao.com/425931992,2026-08-13T14:25:42+09:00,요청오류,,,,,,403 Client Error: Forbidden for url: https://search.naver.com/search.naver?where=nexearch&query=%EB%B6%80%EC%82%B0+%EB%82%A8%EA%B5%AC+%EC%8A%A4%EC%8B%9C%ED%95%98%EB%A3%A8
821,미녀,부산 남구 대연동 미녀,http://place.map.kakao.com/1905337559,2026-08-13T14:25:44+09:00,요청오류,,,,,,403 Client Error: Forbidden for url: https://search.naver.com/search.naver?where=nexearch&query=%EB%B6%80%EC%82%B0+%EB%82%A8%EA%B5%AC+%EB%AF%B8%EB%85%80
822,굽네치킨 대연동점,부산 남구 대연동 굽네치킨 대연동점,https://place.map.kakao.com/8839810,2026-08-13T14:25:45+09:00,요청오류,,,,,,403 Client Error: Forbidden for url: https://search.naver.com/search.naver?where=nexearch&query=%EB%B6%80%EC%82%B0+%EB%82%A8%EA%B5%AC+%EA%B5%BD%EB%84%A4%EC%B9%98%ED%82%A8+%EB%8C%80%EC%97%B0%EB%8F%99%EC%A0%90
823,샌딜리버블 남구점,부산 남구 대연동 샌딜리버블 남구점,https://place.map.kakao.com/218865931,2026-08-13T14:25:47+09:00,요청오류,,,,,,403 Client Error: Forbidden for url: https://search.naver.com/search.naver?where=nexearch&query=%EB%B6%80%EC%82%B0+%EB%82%A8%EA%B5%AC+%EC%83%8C%EB%94%9C%EB%A6%AC%EB%B2%84%EB%B8%94+%EB%82%A8%EA%B5%AC%EC%A0%90
824,야키토리장인,부산 남구 대연동 야키토리장인,https://place.map.kakao.com/1737024254,2026-08-13T14:25:49+09:00,요청오류,,,,,,403 Client Error: Forbidden for url: https://search.naver.com/search.naver?where=nexearch&query=%EB%B6%80%EC%82%B0+%EB%82%A8%EA%B5%AC+%EC%95%BC%ED%82%A4%ED%86%A0%EB%A6%AC%EC%9E%A5%EC%9D%B8
825,카페파라다이스,부산 남구 대연동 카페파라다이스,http://place.map.kakao.com/2118477101,2026-08-13T14:25:51+09:00,요청오류,,,,,,403 Client Error: Forbidden for url: https://search.naver.com/search.naver?where=nexearch&query=%EB%B6%80%EC%82%B0+%EB%82%A8%EA%B5%AC+%EC%B9%B4%ED%8E%98%ED%8C%8C%EB%9D%BC%EB%8B%A4%EC%9D%B4%EC%8A%A4
827,혁이네초밥집,부산 남구 대연동 혁이네초밥집,https://place.map.kakao.com/79995684,2026-08-13T14:25:53+09:00,요청오류,,,,,,403 Client Error: Forbidden for url: https://search.naver.com/search.naver?where=nexearch&query=%EB%B6%80%EC%82%B0+%EB%82%A8%EA%B5%AC+%ED%98%81%EC%9D%B4%EB%84%A4%EC%B4%88%EB%B0%A5%EC%A7%91
828,앙시앙,부산 남구 대연동 앙시앙,https://place.map.kakao.com/1641722287,2026-08-13T14:25:55+09:00,요청오류,,,,,,403 Client Error: Forbidden for url: https://search.naver.com/search.naver?where=nexearch&query=%EB%B6%80%EC%82%B0+%EB%82%A8%EA%B5%AC+%EC%95%99%EC%8B%9C%EC%95%99
829,카페16온스 부경대점,부산 남구 대연동 카페16온스 부경대점,http://place.map.kakao.com/172113120,2026-08-13T14:25:57+09:00,요청오류,,,,,,403 Client Error: Forbidden for url: https://search.naver.com/search.naver?where=nexearch&query=%EB%B6%80%EC%82%B0+%EB%82%A8%EA%B5%AC+%EC%B9%B4%ED%8E%9816%EC%98%A8%EC%8A%A4+%EB%B6%80%EA%B2%BD%EB%8C%80%EC%A0%90
830,송하돼지국밥,부산 남구 대연동 송하돼지국밥,https://place.map.kakao.com/21428450,2026-08-13T14:25:58+09:00,요청오류,,,,,,403 Client Error: Forbidden for url: https://search.naver.com/search.naver?where=nexearch&query=%EB%B6%80%EC%82%B0+%EB%82%A8%EA%B5%AC+%EC%86%A1%ED%95%98%EB%8F%BC%EC%A7%80%EA%B5%AD%EB%B0%A5
831,정직유부 본점,부산 남구 대연동 정직유부 본점,http://place.map.kakao.com/1357265318,2026-08-13T14:26:00+09:00,요청오류,,,,,,403 Client Error: Forbidden for url: https://search.naver.com/search.naver?where=nexearch&query=%EB%B6%80%EC%82%B0+%EB%82%A8%EA%B5%AC+%EC%A0%95%EC%A7%81%EC%9C%A0%EB%B6%80+%EB%B3%B8%EC%A0%90
832,뉴러우멘관즈,부산 남구 대연동 뉴러우멘관즈,https://place.map.kakao.com/1658897328,2026-08-13T14:26:02+09:00,요청오류,,,,,,403 Client Error: Forbidden for url: https://search.naver.com/search.naver?where=nexearch&query=%EB%B6%80%EC%82%B0+%EB%82%A8%EA%B5%AC+%EB%89%B4%EB%9F%AC%EC%9A%B0%EB%A9%98%EA%B4%80%EC%A6%88
833,푸라닭 부산대연점,부산 남구 대연동 푸라닭 부산대연점,https://place.map.kakao.com/1705630198,2026-08-13T14:26:04+09:00,요청오류,,,,,,403 Client Error: Forbidden for url: https://search.naver.com/search.naver?where=nexearch&query=%EB%B6%80%EC%82%B0+%EB%82%A8%EA%B5%AC+%ED%91%B8%EB%9D%BC%EB%8B%AD+%EB%B6%80%EC%82%B0%EB%8C%80%EC%97%B0%EC%A0%90
834,도리신닭도리탕 대연점,부산 남구 대연동 도리신닭도리탕 대연점,https://place.map.kakao.com/81041272,2026-08-13T14:26:05+09:00,요청오류,,,,,,403 Client Error: Forbidden for url: https://search.naver.com/search.naver?where=nexearch&query=%EB%B6%80%EC%82%B0+%EB%82%A8%EA%B5%AC+%EB%8F%84%EB%A6%AC%EC%8B%A0%EB%8B%AD%EB%8F%84%EB%A6%AC%ED%83%95+%EB%8C%80%EC%97%B0%EC%A0%90
835,유동커피 부경대점,부산 남구 대연동 유동커피 부경대점,http://place.map.kakao.com/1859706851,2026-08-13T14:26:07+09:00,요청오류,,,,,,403 Client Error: Forbidden for url: https://search.naver.com/search.naver?where=nexearch&query=%EB%B6%80%EC%82%B0+%EB%82%A8%EA%B5%AC+%EC%9C%A0%EB%8F%99%EC%BB%A4%ED%94%BC+%EB%B6%80%EA%B2%BD%EB%8C%80%EC%A0%90
836,미효공방 경성대점,부산 남구 대연동 미효공방 경성대점,http://place.map.kakao.com/1739936311,2026-08-13T14:26:08+09:00,요청오류,,,,,,403 Client Error: Forbidden for url: https://search.naver.com/search.naver?where=nexearch&query=%EB%B6%80%EC%82%B0+%EB%82%A8%EA%B5%AC+%EB%AF%B8%ED%9A%A8%EA%B3%B5%EB%B0%A9+%EA%B2%BD%EC%84%B1%EB%8C%80%EC%A0%90
837,옥탑방두얼간이 대연점,부산 남구 대연동 옥탑방두얼간이 대연점,https://place.map.kakao.com/709563370,2026-08-13T14:26:10+09:00,요청오류,,,,,,403 Client Error: Forbidden for url: https://search.naver.com/search.naver?where=nexearch&query=%EB%B6%80%EC%82%B0+%EB%82%A8%EA%B5%AC+%EC%98%A5%ED%83%91%EB%B0%A9%EB%91%90%EC%96%BC%EA%B0%84%EC%9D%B4+%EB%8C%80%EC%97%B0%EC%A0%90
838,청도치킨,부산 남구 대연동 청도치킨,https://place.map.kakao.com/16838824,2026-08-13T14:26:11+09:00,요청오류,,,,,,403 Client Error: Forbidden for url: https://search.naver.com/search.naver?where=nexearch&query=%EB%B6%80%EC%82%B0+%EB%82%A8%EA%B5%AC+%EC%B2%AD%EB%8F%84%EC%B9%98%ED%82%A8
839,하나돈가스,부산 남구 대연동 하나돈가스,https://place.map.kakao.com/17166259,2026-08-13T14:26:13+09:00,요청오류,,,,,,403 Client Error: Forbidden for url: https://search.naver.com/search.naver?where=nexearch&query=%EB%B6%80%EC%82%B0+%EB%82%A8%EA%B5%AC+%ED%95%98%EB%82%98%EB%8F%88%EA%B0%80%EC%8A%A4
840,정원양곱창,부산 남구 대연동 정원양곱창,https://place.map.kakao.com/1869887991,2026-08-13T14:26:15+09:00,요청오류,,,,,,403 Client Error: Forbidden for url: https://search.naver.com/search.naver?where=nexearch&query=%EB%B6%80%EC%82%B0+%EB%82%A8%EA%B5%AC+%EC%A0%95%EC%9B%90%EC%96%91%EA%B3%B1%EC%B0%BD
841,이층집 564-9,부산 남구 대연동 이층집 564-9,http://place.map.kakao.com/1873803816,2026-08-13T14:26:16+09:00,요청오류,,,,,,403 Client Error: Forbidden for url: https://search.naver.com/search.naver?where=nexearch&query=%EB%B6%80%EC%82%B0+%EB%82%A8%EA%B5%AC+%EC%9D%B4%EC%B8%B5%EC%A7%91+564-9
843,푸라닭 부산용호점,부산 남구 대연동 푸라닭 부산용호점,https://place.map.kakao.com/1899782374,2026-08-13T14:26:18+09:00,요청오류,,,,,,403 Client Error: Forbidden for url: https://search.naver.com/search.naver?where=nexearch&query=%EB%B6%80%EC%82%B0+%EB%82%A8%EA%B5%AC+%ED%91%B8%EB%9D%BC%EB%8B%AD+%EB%B6%80%EC%82%B0%EC%9A%A9%ED%98%B8%EC%A0%90
844,부버거,부산 남구 대연동 부버거,https://place.map.kakao.com/962519197,2026-08-13T14:26:19+09:00,요청오류,,,,,,403 Client Error: Forbidden for url: https://search.naver.com/search.naver?where=nexearch&query=%EB%B6%80%EC%82%B0+%EB%82%A8%EA%B5%AC+%EB%B6%80%EB%B2%84%EA%B1%B0
845,시멘트136,부산 남구 대연동 시멘트136,https://place.map.kakao.com/1553767985,2026-08-13T14:26:21+09:00,요청오류,,,,,,403 Client Error: Forbidden for url: https://search.naver.com/search.naver?where=nexearch&query=%EB%B6%80%EC%82%B0+%EB%82%A8%EA%B5%AC+%EC%8B%9C%EB%A9%98%ED%8A%B8136
846,히로 광안리,부산 남구 대연동 히로 광안리,https://place.map.kakao.com/634681982,2026-08-13T14:26:23+09:00,요청오류,,,,,,403 Client Error: Forbidden for url: https://search.naver.com/search.naver?where=nexearch&query=%EB%B6%80%EC%82%B0+%EB%82%A8%EA%B5%AC+%ED%9E%88%EB%A1%9C+%EA%B4%91%EC%95%88%EB%A6%AC
848,차이풍,부산 남구 대연동 차이풍,https://place.map.kakao.com/1374942555,2026-08-13T14:26:25+09:00,요청오류,,,,,,403 Client Error: Forbidden for url: https://search.naver.com/search.naver?where=nexearch&query=%EB%B6%80%EC%82%B0+%EB%82%A8%EA%B5%AC+%EC%B0%A8%EC%9D%B4%ED%92%8D
849,이기대돼지국밥,부산 남구 대연동 이기대돼지국밥,https://place.map.kakao.com/16750350,2026-08-13T14:26:27+09:00,요청오류,,,,,,403 Client Error: Forbidden for url: https://search.naver.com/search.naver?where=nexearch&query=%EB%B6%80%EC%82%B0+%EB%82%A8%EA%B5%AC+%EC%9D%B4%EA%B8%B0%EB%8C%80%EB%8F%BC%EC%A7%80%EA%B5%AD%EB%B0%A5
850,기장첫냉면 광안리본점,부산 남구 대연동 기장첫냉면 광안리본점,https://place.map.kakao.com/1356317493,2026-08-13T14:26:28+09:00,요청오류,,,,,,403 Client Error: Forbidden for url: https://search.naver.com/search.naver?where=nexearch&query=%EB%B6%80%EC%82%B0+%EB%82%A8%EA%B5%AC+%EA%B8%B0%EC%9E%A5%EC%B2%AB%EB%83%89%EB%A9%B4+%EA%B4%91%EC%95%88%EB%A6%AC%EB%B3%B8%EC%A0%90
851,피자에땅,부산 남구 대연동 피자에땅,https://place.map.kakao.com/439043613,2026-08-13T14:26:30+09:00,요청오류,,,,,,403 Client Error: Forbidden for url: https://search.naver.com/search.naver?where=nexearch&query=%EB%B6%80%EC%82%B0+%EB%82%A8%EA%B5%AC+%ED%94%BC%EC%9E%90%EC%97%90%EB%95%85
852,부산연경 대연점,부산 남구 대연동 부산연경 대연점,https://place.map.kakao.com/939761053,2026-08-13T14:26:32+09:00,요청오류,,,,,,403 Client Error: Forbidden for url: https://search.naver.com/search.naver?where=nexearch&query=%EB%B6%80%EC%82%B0+%EB%82%A8%EA%B5%AC+%EB%B6%80%EC%82%B0%EC%97%B0%EA%B2%BD+%EB%8C%80%EC%97%B0%EC%A0%90
853,맘스터치 신부경대점,부산 남구 대연동 맘스터치 신부경대점,http://place.map.kakao.com/15669705,2026-08-13T14:26:33+09:00,요청오류,,,,,,403 Client Error: Forbidden for url: https://search.naver.com/search.naver?where=nexearch&query=%EB%B6%80%EC%82%B0+%EB%82%A8%EA%B5%AC+%EB%A7%98%EC%8A%A4%ED%84%B0%EC%B9%98+%EC%8B%A0%EB%B6%80%EA%B2%BD%EB%8C%80%EC%A0%90
854,맘스터치 동명대점,부산 남구 대연동 맘스터치 동명대점,https://place.map.kakao.com/2121697680,2026-08-13T14:26:35+09:00,요청오류,,,,,,403 Client Error: Forbidden for url: https://search.naver.com/search.naver?where=nexearch&query=%EB%B6%80%EC%82%B0+%EB%82%A8%EA%B5%AC+%EB%A7%98%EC%8A%A4%ED%84%B0%EC%B9%98+%EB%8F%99%EB%AA%85%EB%8C%80%EC%A0%90
855,간빠맥주,부산 남구 대연동 간빠맥주,https://place.map.kakao.com/1875794679,2026-08-13T14:26:37+09:00,요청오류,,,,,,403 Client Error: Forbidden for url: https://search.naver.com/search.naver?where=nexearch&query=%EB%B6%80%EC%82%B0+%EB%82%A8%EA%B5%AC+%EA%B0%84%EB%B9%A0%EB%A7%A5%EC%A3%BC
856,걸,부산 남구 대연동 걸,http://place.map.kakao.com/1451453326,2026-08-13T14:26:39+09:00,요청오류,,,,,,403 Client Error: Forbidden for url: https://search.naver.com/search.naver?where=nexearch&query=%EB%B6%80%EC%82%B0+%EB%82%A8%EA%B5%AC+%EA%B1%B8
857,등촌샤브칼국수 대연점,부산 남구 대연동 등촌샤브칼국수 대연점,https://place.map.kakao.com/1955962509,2026-08-13T14:26:40+09:00,요청오류,,,,,,403 Client Error: Forbidden for url: https://search.naver.com/search.naver?where=nexearch&query=%EB%B6%80%EC%82%B0+%EB%82%A8%EA%B5%AC+%EB%93%B1%EC%B4%8C%EC%83%A4%EB%B8%8C%EC%B9%BC%EA%B5%AD%EC%88%98+%EB%8C%80%EC%97%B0%EC%A0%90
858,포비베이크샵,부산 남구 대연동 포비베이크샵,http://place.map.kakao.com/58978580,2026-08-13T14:26:42+09:00,요청오류,,,,,,403 Client Error: Forbidden for url: https://search.naver.com/search.naver?where=nexearch&query=%EB%B6%80%EC%82%B0+%EB%82%A8%EA%B5%AC+%ED%8F%AC%EB%B9%84%EB%B2%A0%EC%9D%B4%ED%81%AC%EC%83%B5
859,프레드피자 대연점,부산 남구 대연동 프레드피자 대연점,https://place.map.kakao.com/1789084296,2026-08-13T14:26:44+09:00,요청오류,,,,,,403 Client Error: Forbidden for url: https://search.naver.com/search.naver?where=nexearch&query=%EB%B6%80%EC%82%B0+%EB%82%A8%EA%B5%AC+%ED%94%84%EB%A0%88%EB%93%9C%ED%94%BC%EC%9E%90+%EB%8C%80%EC%97%B0%EC%A0%90
860,놀라버린파닭,부산 남구 대연동 놀라버린파닭,https://place.map.kakao.com/760858095,2026-08-13T14:26:46+09:00,요청오류,,,,,,403 Client Error: Forbidden for url: https://search.naver.com/search.naver?where=nexearch&query=%EB%B6%80%EC%82%B0+%EB%82%A8%EA%B5%AC+%EB%86%80%EB%9D%BC%EB%B2%84%EB%A6%B0%ED%8C%8C%EB%8B%AD
861,원카츠 남천점,부산 남구 대연동 원카츠 남천점,https://place.map.kakao.com/1044170534,2026-08-13T14:26:47+09:00,요청오류,,,,,,403 Client Error: Forbidden for url: https://search.naver.com/search.naver?where=nexearch&query=%EB%B6%80%EC%82%B0+%EB%82%A8%EA%B5%AC+%EC%9B%90%EC%B9%B4%EC%B8%A0+%EB%82%A8%EC%B2%9C%EC%A0%90
862,야무진한끼,부산 남구 대연동 야무진한끼,https://place.map.kakao.com/14876604,2026-08-13T14:26:49+09:00,요청오류,,,,,,403 Client Error: Forbidden for url: https://search.naver.com/search.naver?where=nexearch&query=%EB%B6%80%EC%82%B0+%EB%82%A8%EA%B5%AC+%EC%95%BC%EB%AC%B4%EC%A7%84%ED%95%9C%EB%81%BC
863,CAFEIN 설탕숲,부산 남구 대연동 CAFEIN 설탕숲,http://place.map.kakao.com/1968274555,2026-08-13T14:26:52+09:00,요청오류,,,,,,403 Client Error: Forbidden for url: https://search.naver.com/search.naver?where=nexearch&query=%EB%B6%80%EC%82%B0+%EB%82%A8%EA%B5%AC+CAFEIN+%EC%84%A4%ED%83%95%EC%88%B2
864,달콤한시간,부산 남구 대연동 달콤한시간,http://place.map.kakao.com/144767104,2026-08-13T14:26:53+09:00,요청오류,,,,,,403 Client Error: Forbidden for url: https://search.naver.com/search.naver?where=nexearch&query=%EB%B6%80%EC%82%B0+%EB%82%A8%EA%B5%AC+%EB%8B%AC%EC%BD%A4%ED%95%9C%EC%8B%9C%EA%B0%84
865,칸티푸르 레스토랑,부산 남구 대연동 칸티푸르 레스토랑,http://place.map.kakao.com/922827607,2026-08-13T14:26:55+09:00,요청오류,,,,,,403 Client Error: Forbidden for url: https://search.naver.com/search.naver?where=nexearch&query=%EB%B6%80%EC%82%B0+%EB%82%A8%EA%B5%AC+%EC%B9%B8%ED%8B%B0%ED%91%B8%EB%A5%B4+%EB%A0%88%EC%8A%A4%ED%86%A0%EB%9E%91
866,PUSIL 광안리,부산 남구 대연동 PUSIL 광안리,https://place.map.kakao.com/16724350,2026-08-13T14:26:57+09:00,요청오류,,,,,,403 Client Error: Forbidden for url: https://search.naver.com/search.naver?where=nexearch&query=%EB%B6%80%EC%82%B0+%EB%82%A8%EA%B5%AC+PUSIL+%EA%B4%91%EC%95%88%EB%A6%AC
868,"굽네치킨 대연1,4동점","부산 남구 대연동 굽네치킨 대연1,4동점",https://place.map.kakao.com/1597023817,2026-08-13T14:26:59+09:00,요청오류,,,,,,403 Client Error: Forbidden for url: https://search.naver.com/search.naver?where=nexearch&query=%EB%B6%80%EC%82%B0+%EB%82%A8%EA%B5%AC+%EA%B5%BD%EB%84%A4%EC%B9%98%ED%82%A8+%EB%8C%80%EC%97%B01%2C4%EB%8F%99%EC%A0%90
869,스시마츠,부산 남구 대연동 스시마츠,https://place.map.kakao.com/2040460415,2026-08-13T14:27:01+09:00,요청오류,,,,,,403 Client Error: Forbidden for url: https://search.naver.com/search.naver?where=nexearch&query=%EB%B6%80%EC%82%B0+%EB%82%A8%EA%B5%AC+%EC%8A%A4%EC%8B%9C%EB%A7%88%EC%B8%A0
870,벤베커 부산광안리점,부산 남구 대연동 벤베커 부산광안리점,https://place.map.kakao.com/642185990,2026-08-13T14:27:03+09:00,요청오류,,,,,,403 Client Error: Forbidden for url: https://search.naver.com/search.naver?where=nexearch&query=%EB%B6%80%EC%82%B0+%EB%82%A8%EA%B5%AC+%EB%B2%A4%EB%B2%A0%EC%BB%A4+%EB%B6%80%EC%82%B0%EA%B4%91%EC%95%88%EB%A6%AC%EC%A0%90
871,여담,부산 남구 대연동 여담,https://place.map.kakao.com/183413606,2026-08-13T14:27:05+09:00,요청오류,,,,,,403 Client Error: Forbidden for url: https://search.naver.com/search.naver?where=nexearch&query=%EB%B6%80%EC%82%B0+%EB%82%A8%EA%B5%AC+%EC%97%AC%EB%8B%B4
872,명랑핫도그 경성대1호점,부산 남구 대연동 명랑핫도그 경성대1호점,https://place.map.kakao.com/1639438249,2026-08-13T14:27:06+09:00,요청오류,,,,,,403 Client Error: Forbidden for url: https://search.naver.com/search.naver?where=nexearch&query=%EB%B6%80%EC%82%B0+%EB%82%A8%EA%B5%AC+%EB%AA%85%EB%9E%91%ED%95%AB%EB%8F%84%EA%B7%B8+%EA%B2%BD%EC%84%B1%EB%8C%801%ED%98%B8%EC%A0%90
873,조선칼국수,부산 남구 대연동 조선칼국수,https://place.map.kakao.com/16780513,2026-08-13T14:27:09+09:00,요청오류,,,,,,403 Client Error: Forbidden for url: https://search.naver.com/search.naver?where=nexearch&query=%EB%B6%80%EC%82%B0+%EB%82%A8%EA%B5%AC+%EC%A1%B0%EC%84%A0%EC%B9%BC%EA%B5%AD%EC%88%98
874,아슬케밥,부산 남구 대연동 아슬케밥,https://place.map.kakao.com/1852299928,2026-08-13T14:27:11+09:00,요청오류,,,,,,403 Client Error: Forbidden for url: https://search.naver.com/search.naver?where=nexearch&query=%EB%B6%80%EC%82%B0+%EB%82%A8%EA%B5%AC+%EC%95%84%EC%8A%AC%EC%BC%80%EB%B0%A5
875,별다른 돈까스,부산 남구 대연동 별다른 돈까스,https://place.map.kakao.com/1985988770,2026-08-13T14:27:12+09:00,요청오류,,,,,,403 Client Error: Forbidden for url: https://search.naver.com/search.naver?where=nexearch&query=%EB%B6%80%EC%82%B0+%EB%82%A8%EA%B5%AC+%EB%B3%84%EB%8B%A4%EB%A5%B8+%EB%8F%88%EA%B9%8C%EC%8A%A4
876,근사한중화요리 중찬 경성대본점,부산 남구 대연동 근사한중화요리 중찬 경성대본점,https://place.map.kakao.com/48873320,2026-08-13T14:27:14+09:00,요청오류,,,,,,403 Client Error: Forbidden for url: https://search.naver.com/search.naver?where=nexearch&query=%EB%B6%80%EC%82%B0+%EB%82%A8%EA%B5%AC+%EA%B7%BC%EC%82%AC%ED%95%9C%EC%A4%91%ED%99%94%EC%9A%94%EB%A6%AC+%EC%A4%91%EC%B0%AC+%EA%B2%BD%EC%84%B1%EB%8C%80%EB%B3%B8%EC%A0%90
877,이모네포차,부산 남구 대연동 이모네포차,http://place.map.kakao.com/16323159,2026-08-13T14:27:16+09:00,요청오류,,,,,,403 Client Error: Forbidden for url: https://search.naver.com/search.naver?where=nexearch&query=%EB%B6%80%EC%82%B0+%EB%82%A8%EA%B5%AC+%EC%9D%B4%EB%AA%A8%EB%84%A4%ED%8F%AC%EC%B0%A8
878,돈카츠유마,부산 남구 대연동 돈카츠유마,https://place.map.kakao.com/355834849,2026-08-13T14:27:18+09:00,요청오류,,,,,,403 Client Error: Forbidden for url: https://search.naver.com/search.naver?where=nexearch&query=%EB%B6%80%EC%82%B0+%EB%82%A8%EA%B5%AC+%EB%8F%88%EC%B9%B4%EC%B8%A0%EC%9C%A0%EB%A7%88
879,하대승담양갈비 대연점,부산 남구 대연동 하대승담양갈비 대연점,http://place.map.kakao.com/1577860556,2026-08-13T14:27:20+09:00,요청오류,,,,,,403 Client Error: Forbidden for url: https://search.naver.com/search.naver?where=nexearch&query=%EB%B6%80%EC%82%B0+%EB%82%A8%EA%B5%AC+%ED%95%98%EB%8C%80%EC%8A%B9%EB%8B%B4%EC%96%91%EA%B0%88%EB%B9%84+%EB%8C%80%EC%97%B0%EC%A0%90
880,철인7호,부산 남구 대연동 철인7호,https://place.map.kakao.com/21801004,2026-08-13T14:27:22+09:00,요청오류,,,,,,403 Client Error: Forbidden for url: https://search.naver.com/search.naver?where=nexearch&query=%EB%B6%80%EC%82%B0+%EB%82%A8%EA%B5%AC+%EC%B2%A0%EC%9D%B87%ED%98%B8
881,on the yard,부산 남구 대연동 on the yard,https://place.map.kakao.com/1195656218,2026-08-13T14:27:24+09:00,요청오류,,,,,,403 Client Error: Forbidden for url: https://search.naver.com/search.naver?where=nexearch&query=%EB%B6%80%EC%82%B0+%EB%82%A8%EA%B5%AC+on+the+yard
882,별다른돈까스,부산 남구 대연동 별다른돈까스,http://place.map.kakao.com/1985988770,2026-08-13T14:27:26+09:00,요청오류,,,,,,403 Client Error: Forbidden for url: https://search.naver.com/search.naver?where=nexearch&query=%EB%B6%80%EC%82%B0+%EB%82%A8%EA%B5%AC+%EB%B3%84%EB%8B%A4%EB%A5%B8%EB%8F%88%EA%B9%8C%EC%8A%A4
883,미슐당 대연본점,부산 남구 대연동 미슐당 대연본점,https://place.map.kakao.com/173372067,2026-08-13T14:27:28+09:00,요청오류,,,,,,403 Client Error: Forbidden for url: https://search.naver.com/search.naver?where=nexearch&query=%EB%B6%80%EC%82%B0+%EB%82%A8%EA%B5%AC+%EB%AF%B8%EC%8A%90%EB%8B%B9+%EB%8C%80%EC%97%B0%EB%B3%B8%EC%A0%90
884,브뤼트피자 대연못골점,부산 남구 대연동 브뤼트피자 대연못골점,https://place.map.kakao.com/1686784202,2026-08-13T14:27:29+09:00,요청오류,,,,,,403 Client Error: Forbidden for url: https://search.naver.com/search.naver?where=nexearch&query=%EB%B6%80%EC%82%B0+%EB%82%A8%EA%B5%AC+%EB%B8%8C%EB%A4%BC%ED%8A%B8%ED%94%BC%EC%9E%90+%EB%8C%80%EC%97%B0%EB%AA%BB%EA%B3%A8%EC%A0%90
885,파리바게뜨 경성대점,부산 남구 대연동 파리바게뜨 경성대점,https://place.map.kakao.com/1870654941,2026-08-13T14:27:31+09:00,요청오류,,,,,,403 Client Error: Forbidden for url: https://search.naver.com/search.naver?where=nexearch&query=%EB%B6%80%EC%82%B0+%EB%82%A8%EA%B5%AC+%ED%8C%8C%EB%A6%AC%EB%B0%94%EA%B2%8C%EB%9C%A8+%EA%B2%BD%EC%84%B1%EB%8C%80%EC%A0%90
887,광안리 언양불고기원조집,부산 남구 대연동 광안리 언양불고기원조집,https://place.map.kakao.com/1220964661,2026-08-13T14:27:32+09:00,요청오류,,,,,,403 Client Error: Forbidden for url: https://search.naver.com/search.naver?where=nexearch&query=%EB%B6%80%EC%82%B0+%EB%82%A8%EA%B5%AC+%EA%B4%91%EC%95%88%EB%A6%AC+%EC%96%B8%EC%96%91%EB%B6%88%EA%B3%A0%EA%B8%B0%EC%9B%90%EC%A1%B0%EC%A7%91
889,찹쌀로 만든 조시치킨 부산 경성대점,부산 남구 대연동 찹쌀로 만든 조시치킨 부산 경성대점,https://place.map.kakao.com/566835995,2026-08-13T14:27:34+09:00,요청오류,,,,,,403 Client Error: Forbidden for url: https://search.naver.com/search.naver?where=nexearch&query=%EB%B6%80%EC%82%B0+%EB%82%A8%EA%B5%AC+%EC%B0%B9%EC%8C%80%EB%A1%9C+%EB%A7%8C%EB%93%A0+%EC%A1%B0%EC%8B%9C%EC%B9%98%ED%82%A8+%EB%B6%80%EC%82%B0+%EA%B2%BD%EC%84%B1%EB%8C%80%EC%A0%90
890,남포육개장,부산 남구 대연동 남포육개장,https://place.map.kakao.com/388718025,2026-08-13T14:27:36+09:00,요청오류,,,,,,403 Client Error: Forbidden for url: https://search.naver.com/search.naver?where=nexearch&query=%EB%B6%80%EC%82%B0+%EB%82%A8%EA%B5%AC+%EB%82%A8%ED%8F%AC%EC%9C%A1%EA%B0%9C%EC%9E%A5
891,츄러스1500 경성대부경대점,부산 남구 대연동 츄러스1500 경성대부경대점,http://place.map.kakao.com/1594248178,2026-08-13T14:27:38+09:00,요청오류,,,,,,403 Client Error: Forbidden for url: https://search.naver.com/search.naver?where=nexearch&query=%EB%B6%80%EC%82%B0+%EB%82%A8%EA%B5%AC+%EC%B8%84%EB%9F%AC%EC%8A%A41500+%EA%B2%BD%EC%84%B1%EB%8C%80%EB%B6%80%EA%B2%BD%EB%8C%80%EC%A0%90
892,구드미엘,부산 남구 대연동 구드미엘,https://place.map.kakao.com/1922654005,2026-08-13T14:27:40+09:00,요청오류,,,,,,403 Client Error: Forbidden for url: https://search.naver.com/search.naver?where=nexearch&query=%EB%B6%80%EC%82%B0+%EB%82%A8%EA%B5%AC+%EA%B5%AC%EB%93%9C%EB%AF%B8%EC%97%98
893,BBQ치킨 부산대연파크점,부산 남구 대연동 BBQ치킨 부산대연파크점,https://place.map.kakao.com/1968497168,2026-08-13T14:27:41+09:00,요청오류,,,,,,403 Client Error: Forbidden for url: https://search.naver.com/search.naver?where=nexearch&query=%EB%B6%80%EC%82%B0+%EB%82%A8%EA%B5%AC+BBQ%EC%B9%98%ED%82%A8+%EB%B6%80%EC%82%B0%EB%8C%80%EC%97%B0%ED%8C%8C%ED%81%AC%EC%A0%90
894,대연동강남,부산 남구 대연동 대연동강남,https://place.map.kakao.com/1648714823,2026-08-13T14:27:43+09:00,요청오류,,,,,,403 Client Error: Forbidden for url: https://search.naver.com/search.naver?where=nexearch&query=%EB%B6%80%EC%82%B0+%EB%82%A8%EA%B5%AC+%EB%8C%80%EC%97%B0%EB%8F%99%EA%B0%95%EB%82%A8
895,나야한식당,부산 남구 대연동 나야한식당,http://place.map.kakao.com/1491885708,2026-08-13T14:27:45+09:00,요청오류,,,,,,403 Client Error: Forbidden for url: https://search.naver.com/search.naver?where=nexearch&query=%EB%B6%80%EC%82%B0+%EB%82%A8%EA%B5%AC+%EB%82%98%EC%95%BC%ED%95%9C%EC%8B%9D%EB%8B%B9
896,공원칼국수,부산 남구 대연동 공원칼국수,https://place.map.kakao.com/1267876769,2026-08-13T14:27:47+09:00,요청오류,,,,,,403 Client Error: Forbidden for url: https://search.naver.com/search.naver?where=nexearch&query=%EB%B6%80%EC%82%B0+%EB%82%A8%EA%B5%AC+%EA%B3%B5%EC%9B%90%EC%B9%BC%EA%B5%AD%EC%88%98
897,겐쇼심야라멘 경성대점,부산 남구 대연동 겐쇼심야라멘 경성대점,https://place.map.kakao.com/1493830808,2026-08-13T14:27:49+09:00,요청오류,,,,,,403 Client Error: Forbidden for url: https://search.naver.com/search.naver?where=nexearch&query=%EB%B6%80%EC%82%B0+%EB%82%A8%EA%B5%AC+%EA%B2%90%EC%87%BC%EC%8B%AC%EC%95%BC%EB%9D%BC%EB%A9%98+%EA%B2%BD%EC%84%B1%EB%8C%80%EC%A0%90
898,윤키친,부산 남구 대연동 윤키친,https://place.map.kakao.com/1516679672,2026-08-13T14:27:51+09:00,요청오류,,,,,,403 Client Error: Forbidden for url: https://search.naver.com/search.naver?where=nexearch&query=%EB%B6%80%EC%82%B0+%EB%82%A8%EA%B5%AC+%EC%9C%A4%ED%82%A4%EC%B9%9C
899,해금횟집,부산 남구 대연동 해금횟집,https://place.map.kakao.com/641320249,2026-08-13T14:27:53+09:00,요청오류,,,,,,403 Client Error: Forbidden for url: https://search.naver.com/search.naver?where=nexearch&query=%EB%B6%80%EC%82%B0+%EB%82%A8%EA%B5%AC+%ED%95%B4%EA%B8%88%ED%9A%9F%EC%A7%91
900,웨이양,부산 남구 대연동 웨이양,https://place.map.kakao.com/1466843782,2026-08-13T14:27:54+09:00,요청오류,,,,,,403 Client Error: Forbidden for url: https://search.naver.com/search.naver?where=nexearch&query=%EB%B6%80%EC%82%B0+%EB%82%A8%EA%B5%AC+%EC%9B%A8%EC%9D%B4%EC%96%91
901,구공해락 족발구이,부산 남구 대연동 구공해락 족발구이,https://place.map.kakao.com/80477767,2026-08-13T14:27:56+09:00,요청오류,,,,,,403 Client Error: Forbidden for url: https://search.naver.com/search.naver?where=nexearch&query=%EB%B6%80%EC%82%B0+%EB%82%A8%EA%B5%AC+%EA%B5%AC%EA%B3%B5%ED%95%B4%EB%9D%BD+%EC%A1%B1%EB%B0%9C%EA%B5%AC%EC%9D%B4
902,롯데리아 부산경성대점,부산 남구 대연동 롯데리아 부산경성대점,https://place.map.kakao.com/14970907,2026-08-13T14:27:57+09:00,요청오류,,,,,,403 Client Error: Forbidden for url: https://search.naver.com/search.naver?where=nexearch&query=%EB%B6%80%EC%82%B0+%EB%82%A8%EA%B5%AC+%EB%A1%AF%EB%8D%B0%EB%A6%AC%EC%95%84+%EB%B6%80%EC%82%B0%EA%B2%BD%EC%84%B1%EB%8C%80%EC%A0%90
903,장수녹차숯불갈비,부산 남구 대연동 장수녹차숯불갈비,https://place.map.kakao.com/11008039,2026-08-13T14:27:59+09:00,요청오류,,,,,,403 Client Error: Forbidden for url: https://search.naver.com/search.naver?where=nexearch&query=%EB%B6%80%EC%82%B0+%EB%82%A8%EA%B5%AC+%EC%9E%A5%EC%88%98%EB%85%B9%EC%B0%A8%EC%88%AF%EB%B6%88%EA%B0%88%EB%B9%84
904,플렌터,부산 남구 대연동 플렌터,https://place.map.kakao.com/467071765,2026-08-13T14:28:01+09:00,요청오류,,,,,,403 Client Error: Forbidden for url: https://search.naver.com/search.naver?where=nexearch&query=%EB%B6%80%EC%82%B0+%EB%82%A8%EA%B5%AC+%ED%94%8C%EB%A0%8C%ED%84%B0
905,자금성,부산 남구 대연동 자금성,https://place.map.kakao.com/2095986775,2026-08-13T14:28:02+09:00,요청오류,,,,,,403 Client Error: Forbidden for url: https://search.naver.com/search.naver?where=nexearch&query=%EB%B6%80%EC%82%B0+%EB%82%A8%EA%B5%AC+%EC%9E%90%EA%B8%88%EC%84%B1
906,해쉬,부산 남구 대연동 해쉬,https://place.map.kakao.com/628382970,2026-08-13T14:28:04+09:00,요청오류,,,,,,403 Client Error: Forbidden for url: https://search.naver.com/search.naver?where=nexearch&query=%EB%B6%80%EC%82%B0+%EB%82%A8%EA%B5%AC+%ED%95%B4%EC%89%AC
907,코헨,부산 남구 대연동 코헨,http://place.map.kakao.com/18832767,2026-08-13T14:28:06+09:00,요청오류,,,,,,403 Client Error: Forbidden for url: https://search.naver.com/search.naver?where=nexearch&query=%EB%B6%80%EC%82%B0+%EB%82%A8%EA%B5%AC+%EC%BD%94%ED%97%A8
908,리틀베어베이크샵,부산 남구 대연동 리틀베어베이크샵,https://place.map.kakao.com/865552778,2026-08-13T14:28:08+09:00,요청오류,,,,,,403 Client Error: Forbidden for url: https://search.naver.com/search.naver?where=nexearch&query=%EB%B6%80%EC%82%B0+%EB%82%A8%EA%B5%AC+%EB%A6%AC%ED%8B%80%EB%B2%A0%EC%96%B4%EB%B2%A0%EC%9D%B4%ED%81%AC%EC%83%B5
909,그라찌에 부경대학교행복기숙사점,부산 남구 대연동 그라찌에 부경대학교행복기숙사점,https://place.map.kakao.com/1665050321,2026-08-13T14:28:09+09:00,요청오류,,,,,,403 Client Error: Forbidden for url: https://search.naver.com/search.naver?where=nexearch&query=%EB%B6%80%EC%82%B0+%EB%82%A8%EA%B5%AC+%EA%B7%B8%EB%9D%BC%EC%B0%8C%EC%97%90+%EB%B6%80%EA%B2%BD%EB%8C%80%ED%95%99%EA%B5%90%ED%96%89%EB%B3%B5%EA%B8%B0%EC%88%99%EC%82%AC%EC%A0%90
910,라쿠다,부산 남구 대연동 라쿠다,http://place.map.kakao.com/1619571787,2026-08-13T14:28:11+09:00,요청오류,,,,,,403 Client Error: Forbidden for url: https://search.naver.com/search.naver?where=nexearch&query=%EB%B6%80%EC%82%B0+%EB%82%A8%EA%B5%AC+%EB%9D%BC%EC%BF%A0%EB%8B%A4
911,남천각,부산 남구 대연동 남천각,https://place.map.kakao.com/935381808,2026-08-13T14:28:12+09:00,요청오류,,,,,,403 Client Error: Forbidden for url: https://search.naver.com/search.naver?where=nexearch&query=%EB%B6%80%EC%82%B0+%EB%82%A8%EA%B5%AC+%EB%82%A8%EC%B2%9C%EA%B0%81
912,오츠,부산 남구 대연동 오츠,http://place.map.kakao.com/1812390088,2026-08-13T14:28:14+09:00,요청오류,,,,,,403 Client Error: Forbidden for url: https://search.naver.com/search.naver?where=nexearch&query=%EB%B6%80%EC%82%B0+%EB%82%A8%EA%B5%AC+%EC%98%A4%EC%B8%A0
913,꿈꾸는황소,부산 남구 대연동 꿈꾸는황소,https://place.map.kakao.com/24059746,2026-08-13T14:28:16+09:00,URL_확인,https://m.place.naver.com/restaurant/36171724/home,꿈꾸는황소,1.0,35.1331109,129.0922631,
914,Poke all day 포케&샐러드 경성대부경대점,부산 남구 대연동 Poke all day 포케&샐러드 경성대부경대점,https://place.map.kakao.com/1608633021,2026-08-13T14:28:19+09:00,요청오류,,,,,,403 Client Error: Forbidden for url: https://search.naver.com/search.naver?where=nexearch&query=%EB%B6%80%EC%82%B0+%EB%82%A8%EA%B5%AC+Poke+all+day+%ED%8F%AC%EC%BC%80%26%EC%83%90%EB%9F%AC%EB%93%9C+%EA%B2%BD%EC%84%B1%EB%8C%80%EB%B6%80%EA%B2%BD%EB%8C%80%EC%A0%90
915,온정돼지국밥 남구직영점,부산 남구 대연동 온정돼지국밥 남구직영점,https://place.map.kakao.com/1242503244,2026-08-13T14:28:21+09:00,요청오류,,,,,,403 Client Error: Forbidden for url: https://search.naver.com/search.naver?where=nexearch&query=%EB%B6%80%EC%82%B0+%EB%82%A8%EA%B5%AC+%EC%98%A8%EC%A0%95%EB%8F%BC%EC%A7%80%EA%B5%AD%EB%B0%A5+%EB%82%A8%EA%B5%AC%EC%A7%81%EC%98%81%EC%A0%90
916,세영식품,부산 남구 대연동 세영식품,http://place.map.kakao.com/1392156474,2026-08-13T14:28:22+09:00,요청오류,,,,,,403 Client Error: Forbidden for url: https://search.naver.com/search.naver?where=nexearch&query=%EB%B6%80%EC%82%B0+%EB%82%A8%EA%B5%AC+%EC%84%B8%EC%98%81%EC%8B%9D%ED%92%88
917,언양닭칼국수 경성대부경대점,부산 남구 대연동 언양닭칼국수 경성대부경대점,https://place.map.kakao.com/9045971,2026-08-13T14:28:24+09:00,요청오류,,,,,,403 Client Error: Forbidden for url: https://search.naver.com/search.naver?where=nexearch&query=%EB%B6%80%EC%82%B0+%EB%82%A8%EA%B5%AC+%EC%96%B8%EC%96%91%EB%8B%AD%EC%B9%BC%EA%B5%AD%EC%88%98+%EA%B2%BD%EC%84%B1%EB%8C%80%EB%B6%80%EA%B2%BD%EB%8C%80%EC%A0%90
918,카페감,부산 남구 대연동 카페감,http://place.map.kakao.com/1149880859,2026-08-13T14:28:25+09:00,요청오류,,,,,,403 Client Error: Forbidden for url: https://search.naver.com/search.naver?where=nexearch&query=%EB%B6%80%EC%82%B0+%EB%82%A8%EA%B5%AC+%EC%B9%B4%ED%8E%98%EA%B0%90
919,태봉곱창 부경대본점,부산 남구 대연동 태봉곱창 부경대본점,http://place.map.kakao.com/714134933,2026-08-13T14:28:27+09:00,요청오류,,,,,,403 Client Error: Forbidden for url: https://search.naver.com/search.naver?where=nexearch&query=%EB%B6%80%EC%82%B0+%EB%82%A8%EA%B5%AC+%ED%83%9C%EB%B4%89%EA%B3%B1%EC%B0%BD+%EB%B6%80%EA%B2%BD%EB%8C%80%EB%B3%B8%EC%A0%90
920,샤브온담,부산 남구 대연동 샤브온담,https://place.map.kakao.com/1498550230,2026-08-13T14:28:29+09:00,요청오류,,,,,,403 Client Error: Forbidden for url: https://search.naver.com/search.naver?where=nexearch&query=%EB%B6%80%EC%82%B0+%EB%82%A8%EA%B5%AC+%EC%83%A4%EB%B8%8C%EC%98%A8%EB%8B%B4
921,황해도,부산 남구 대연동 황해도,https://place.map.kakao.com/982449519,2026-08-13T14:28:31+09:00,요청오류,,,,,,403 Client Error: Forbidden for url: https://search.naver.com/search.naver?where=nexearch&query=%EB%B6%80%EC%82%B0+%EB%82%A8%EA%B5%AC+%ED%99%A9%ED%95%B4%EB%8F%84
922,광안리남매,부산 남구 대연동 광안리남매,https://place.map.kakao.com/727756422,2026-08-13T14:28:33+09:00,요청오류,,,,,,403 Client Error: Forbidden for url: https://search.naver.com/search.naver?where=nexearch&query=%EB%B6%80%EC%82%B0+%EB%82%A8%EA%B5%AC+%EA%B4%91%EC%95%88%EB%A6%AC%EB%82%A8%EB%A7%A4
923,톤톤,부산 남구 대연동 톤톤,https://place.map.kakao.com/1701008026,2026-08-13T14:28:35+09:00,요청오류,,,,,,403 Client Error: Forbidden for url: https://search.naver.com/search.naver?where=nexearch&query=%EB%B6%80%EC%82%B0+%EB%82%A8%EA%B5%AC+%ED%86%A4%ED%86%A4
924,폴바셋 부산대연DT점,부산 남구 대연동 폴바셋 부산대연DT점,http://place.map.kakao.com/1366003065,2026-08-13T14:28:36+09:00,요청오류,,,,,,403 Client Error: Forbidden for url: https://search.naver.com/search.naver?where=nexearch&query=%EB%B6%80%EC%82%B0+%EB%82%A8%EA%B5%AC+%ED%8F%B4%EB%B0%94%EC%85%8B+%EB%B6%80%EC%82%B0%EB%8C%80%EC%97%B0DT%EC%A0%90
925,백소정 경성대부경대점,부산 남구 대연동 백소정 경성대부경대점,http://place.map.kakao.com/1003695864,2026-08-13T14:28:38+09:00,요청오류,,,,,,403 Client Error: Forbidden for url: https://search.naver.com/search.naver?where=nexearch&query=%EB%B6%80%EC%82%B0+%EB%82%A8%EA%B5%AC+%EB%B0%B1%EC%86%8C%EC%A0%95+%EA%B2%BD%EC%84%B1%EB%8C%80%EB%B6%80%EA%B2%BD%EB%8C%80%EC%A0%90
926,경성 즉석떡볶이,부산 남구 대연동 경성 즉석떡볶이,https://place.map.kakao.com/9218973,2026-08-13T14:28:40+09:00,요청오류,,,,,,403 Client Error: Forbidden for url: https://search.naver.com/search.naver?where=nexearch&query=%EB%B6%80%EC%82%B0+%EB%82%A8%EA%B5%AC+%EA%B2%BD%EC%84%B1+%EC%A6%89%EC%84%9D%EB%96%A1%EB%B3%B6%EC%9D%B4
927,건강한재단,부산 남구 대연동 건강한재단,http://place.map.kakao.com/1386014,2026-08-13T14:28:41+09:00,요청오류,,,,,,403 Client Error: Forbidden for url: https://search.naver.com/search.naver?where=nexearch&query=%EB%B6%80%EC%82%B0+%EB%82%A8%EA%B5%AC+%EA%B1%B4%EA%B0%95%ED%95%9C%EC%9E%AC%EB%8B%A8
928,모리하루,부산 남구 대연동 모리하루,https://place.map.kakao.com/870815734,2026-08-13T14:28:43+09:00,요청오류,,,,,,403 Client Error: Forbidden for url: https://search.naver.com/search.naver?where=nexearch&query=%EB%B6%80%EC%82%B0+%EB%82%A8%EA%B5%AC+%EB%AA%A8%EB%A6%AC%ED%95%98%EB%A3%A8
929,애니핑거,부산 남구 대연동 애니핑거,http://place.map.kakao.com/2117098329,2026-08-13T14:28:45+09:00,요청오류,,,,,,403 Client Error: Forbidden for url: https://search.naver.com/search.naver?where=nexearch&query=%EB%B6%80%EC%82%B0+%EB%82%A8%EA%B5%AC+%EC%95%A0%EB%8B%88%ED%95%91%EA%B1%B0
930,대패마켙 부산대연점,부산 남구 대연동 대패마켙 부산대연점,https://place.map.kakao.com/898536744,2026-08-13T14:28:47+09:00,요청오류,,,,,,403 Client Error: Forbidden for url: https://search.naver.com/search.naver?where=nexearch&query=%EB%B6%80%EC%82%B0+%EB%82%A8%EA%B5%AC+%EB%8C%80%ED%8C%A8%EB%A7%88%EC%BC%99+%EB%B6%80%EC%82%B0%EB%8C%80%EC%97%B0%EC%A0%90
931,스타벅스 경성대점,부산 남구 대연동 스타벅스 경성대점,http://place.map.kakao.com/8429827,2026-08-13T14:28:49+09:00,요청오류,,,,,,403 Client Error: Forbidden for url: https://search.naver.com/search.naver?where=nexearch&query=%EB%B6%80%EC%82%B0+%EB%82%A8%EA%B5%AC+%EC%8A%A4%ED%83%80%EB%B2%85%EC%8A%A4+%EA%B2%BD%EC%84%B1%EB%8C%80%EC%A0%90
932,담꾹 대연혁신점,부산 남구 대연동 담꾹 대연혁신점,https://place.map.kakao.com/1029533215,2026-08-13T14:28:50+09:00,요청오류,,,,,,403 Client Error: Forbidden for url: https://search.naver.com/search.naver?where=nexearch&query=%EB%B6%80%EC%82%B0+%EB%82%A8%EA%B5%AC+%EB%8B%B4%EA%BE%B9+%EB%8C%80%EC%97%B0%ED%98%81%EC%8B%A0%EC%A0%90
933,톤톤야끼,부산 남구 대연동 톤톤야끼,https://place.map.kakao.com/1701008026,2026-08-13T14:28:52+09:00,요청오류,,,,,,403 Client Error: Forbidden for url: https://search.naver.com/search.naver?where=nexearch&query=%EB%B6%80%EC%82%B0+%EB%82%A8%EA%B5%AC+%ED%86%A4%ED%86%A4%EC%95%BC%EB%81%BC
934,회뜰기세,부산 남구 대연동 회뜰기세,https://place.map.kakao.com/1255558206,2026-08-13T14:28:53+09:00,요청오류,,,,,,403 Client Error: Forbidden for url: https://search.naver.com/search.naver?where=nexearch&query=%EB%B6%80%EC%82%B0+%EB%82%A8%EA%B5%AC+%ED%9A%8C%EB%9C%B0%EA%B8%B0%EC%84%B8
935,한양왕족발,부산 남구 대연동 한양왕족발,https://place.map.kakao.com/25974103,2026-08-13T14:28:55+09:00,요청오류,,,,,,403 Client Error: Forbidden for url: https://search.naver.com/search.naver?where=nexearch&query=%EB%B6%80%EC%82%B0+%EB%82%A8%EA%B5%AC+%ED%95%9C%EC%96%91%EC%99%95%EC%A1%B1%EB%B0%9C
936,할리스 부산경성대점,부산 남구 대연동 할리스 부산경성대점,http://place.map.kakao.com/27456877,2026-08-13T14:28:57+09:00,요청오류,,,,,,403 Client Error: Forbidden for url: https://search.naver.com/search.naver?where=nexearch&query=%EB%B6%80%EC%82%B0+%EB%82%A8%EA%B5%AC+%ED%95%A0%EB%A6%AC%EC%8A%A4+%EB%B6%80%EC%82%B0%EA%B2%BD%EC%84%B1%EB%8C%80%EC%A0%90
937,노마진두마리치킨 대연점,부산 남구 대연동 노마진두마리치킨 대연점,https://place.map.kakao.com/1342992308,2026-08-13T14:28:58+09:00,요청오류,,,,,,403 Client Error: Forbidden for url: https://search.naver.com/search.naver?where=nexearch&query=%EB%B6%80%EC%82%B0+%EB%82%A8%EA%B5%AC+%EB%85%B8%EB%A7%88%EC%A7%84%EB%91%90%EB%A7%88%EB%A6%AC%EC%B9%98%ED%82%A8+%EB%8C%80%EC%97%B0%EC%A0%90
938,서가네왕돼지국밥&돼지불백,부산 남구 대연동 서가네왕돼지국밥&돼지불백,http://place.map.kakao.com/49723318,2026-08-13T14:29:00+09:00,요청오류,,,,,,403 Client Error: Forbidden for url: https://search.naver.com/search.naver?where=nexearch&query=%EB%B6%80%EC%82%B0+%EB%82%A8%EA%B5%AC+%EC%84%9C%EA%B0%80%EB%84%A4%EC%99%95%EB%8F%BC%EC%A7%80%EA%B5%AD%EB%B0%A5%26%EB%8F%BC%EC%A7%80%EB%B6%88%EB%B0%B1
944,BHC치킨 대연못골점,부산 남구 대연동 BHC치킨 대연못골점,https://place.map.kakao.com/1582014418,2026-08-13T14:29:02+09:00,요청오류,,,,,,403 Client Error: Forbidden for url: https://search.naver.com/search.naver?where=nexearch&query=%EB%B6%80%EC%82%B0+%EB%82%A8%EA%B5%AC+BHC%EC%B9%98%ED%82%A8+%EB%8C%80%EC%97%B0%EB%AA%BB%EA%B3%A8%EC%A0%90
945,카페그리다,부산 남구 대연동 카페그리다,http://place.map.kakao.com/15836223,2026-08-13T14:29:03+09:00,요청오류,,,,,,403 Client Error: Forbidden for url: https://search.naver.com/search.naver?where=nexearch&query=%EB%B6%80%EC%82%B0+%EB%82%A8%EA%B5%AC+%EC%B9%B4%ED%8E%98%EA%B7%B8%EB%A6%AC%EB%8B%A4
946,라멘&가정식 하루키야,부산 남구 대연동 라멘&가정식 하루키야,https://place.map.kakao.com/975755852,2026-08-13T14:29:05+09:00,요청오류,,,,,,403 Client Error: Forbidden for url: https://search.naver.com/search.naver?where=nexearch&query=%EB%B6%80%EC%82%B0+%EB%82%A8%EA%B5%AC+%EB%9D%BC%EB%A9%98%26%EA%B0%80%EC%A0%95%EC%8B%9D+%ED%95%98%EB%A3%A8%ED%82%A4%EC%95%BC
949,빵빵한슈퍼삼겹살 부산대연점,부산 남구 대연동 빵빵한슈퍼삼겹살 부산대연점,http://place.map.kakao.com/2138405625,2026-08-13T14:29:07+09:00,요청오류,,,,,,403 Client Error: Forbidden for url: https://search.naver.com/search.naver?where=nexearch&query=%EB%B6%80%EC%82%B0+%EB%82%A8%EA%B5%AC+%EB%B9%B5%EB%B9%B5%ED%95%9C%EC%8A%88%ED%8D%BC%EC%82%BC%EA%B2%B9%EC%82%B4+%EB%B6%80%EC%82%B0%EB%8C%80%EC%97%B0%EC%A0%90
950,엘브리또,부산 남구 대연동 엘브리또,http://place.map.kakao.com/26917124,2026-08-13T14:29:09+09:00,요청오류,,,,,,403 Client Error: Forbidden for url: https://search.naver.com/search.naver?where=nexearch&query=%EB%B6%80%EC%82%B0+%EB%82%A8%EA%B5%AC+%EC%97%98%EB%B8%8C%EB%A6%AC%EB%98%90
951,피나치공 대연점,부산 남구 대연동 피나치공 대연점,https://place.map.kakao.com/13138408,2026-08-13T14:29:10+09:00,요청오류,,,,,,403 Client Error: Forbidden for url: https://search.naver.com/search.naver?where=nexearch&query=%EB%B6%80%EC%82%B0+%EB%82%A8%EA%B5%AC+%ED%94%BC%EB%82%98%EC%B9%98%EA%B3%B5+%EB%8C%80%EC%97%B0%EC%A0%90
